D_TEMP,H_TEMP,Q_TEMP,F_WKND_HLDY,D_LST_UPD,C_LST_UPD_USER_ID,C_REGION,C_WEATHER_SOURCE
06/08/2026,1,75,0,06/15/2026,AUTO_MAN,1,2
06/08/2026,2,74,0,06/15/2026,AUTO_MAN,1,2
06/08/2026,3,72,0,06/15/2026,AUTO_MAN,1,2
06/08/2026,4,71,0,06/15/2026,AUTO_MAN,1,2
06/08/2026,5,70,0,06/15/2026,AUTO_MAN,1,2
06/08/2026,6,71,0,06/15/2026,AUTO_MAN,1,2
06/08/2026,7,73,0,06/15/2026,AUTO_MAN,1,2
06/08/2026,8,74,0,06/15/2026,AUTO_MAN,1,2
06/08/2026,9,74,0,06/15/2026,AUTO_MAN,1,2
06/08/2026,10,73,0,06/15/2026,AUTO_MAN,1,2
06/08/2026,11,74,0,06/15/2026,AUTO_MAN,1,2
06/08/2026,12,74,0,06/15/2026,AUTO_MAN,1,2
06/08/2026,13,75,0,06/15/2026,AUTO_MAN,1,2
06/08/2026,14,77,0,06/15/2026,AUTO_MAN,1,2
06/08/2026,15,77,0,06/15/2026,AUTO_MAN,1,2
06/08/2026,16,77,0,06/15/2026,AUTO_MAN,1,2
06/08/2026,17,76,0,06/15/2026,AUTO_MAN,1,2
06/08/2026,18,75,0,06/15/2026,AUTO_MAN,1,2
06/08/2026,19,75,0,06/15/2026,AUTO_MAN,1,2
06/08/2026,20,73,0,06/15/2026,AUTO_MAN,1,2
06/08/2026,21,71,0,06/15/2026,AUTO_MAN,1,2
06/08/2026,22,69,0,06/15/2026,AUTO_MAN,1,2
06/08/2026,23,67,0,06/15/2026,AUTO_MAN,1,2
06/08/2026,24,65,0,06/15/2026,AUTO_MAN,1,2
06/09/2026,1,64,0,06/16/2026,AUTO_MAN,1,2
06/09/2026,2,64,0,06/16/2026,AUTO_MAN,1,2
06/09/2026,3,64,0,06/16/2026,AUTO_MAN,1,2
06/09/2026,4,64,0,06/16/2026,AUTO_MAN,1,2
06/09/2026,5,64,0,06/16/2026,AUTO_MAN,1,2
06/09/2026,6,64,0,06/16/2026,AUTO_MAN,1,2
06/09/2026,7,66,0,06/16/2026,AUTO_MAN,1,2
06/09/2026,8,69,0,06/16/2026,AUTO_MAN,1,2
06/09/2026,9,71,0,06/16/2026,AUTO_MAN,1,2
06/09/2026,10,74,0,06/16/2026,AUTO_MAN,1,2
06/09/2026,11,76,0,06/16/2026,AUTO_MAN,1,2
06/09/2026,12,78,0,06/16/2026,AUTO_MAN,1,2
06/09/2026,13,81,0,06/16/2026,AUTO_MAN,1,2
06/09/2026,14,81,0,06/16/2026,AUTO_MAN,1,2
06/09/2026,15,83,0,06/16/2026,AUTO_MAN,1,2
06/09/2026,16,83,0,06/16/2026,AUTO_MAN,1,2
06/09/2026,17,80,0,06/16/2026,AUTO_MAN,1,2
06/09/2026,18,79,0,06/16/2026,AUTO_MAN,1,2
06/09/2026,19,78,0,06/16/2026,AUTO_MAN,1,2
06/09/2026,20,78,0,06/16/2026,AUTO_MAN,1,2
06/09/2026,21,77,0,06/16/2026,AUTO_MAN,1,2
06/09/2026,22,76,0,06/16/2026,AUTO_MAN,1,2
06/09/2026,23,76,0,06/16/2026,AUTO_MAN,1,2
06/09/2026,24,75,0,06/16/2026,AUTO_MAN,1,2
06/10/2026,1,74,0,06/17/2026,AUTO_MAN,1,2
06/10/2026,2,73,0,06/17/2026,AUTO_MAN,1,2
06/10/2026,3,73,0,06/17/2026,AUTO_MAN,1,2
06/10/2026,4,72,0,06/17/2026,AUTO_MAN,1,2
06/10/2026,5,72,0,06/17/2026,AUTO_MAN,1,2
06/10/2026,6,74,0,06/17/2026,AUTO_MAN,1,2
06/10/2026,7,71,0,06/17/2026,AUTO_MAN,1,2
06/10/2026,8,72,0,06/17/2026,AUTO_MAN,1,2
06/10/2026,9,74,0,06/17/2026,AUTO_MAN,1,2
06/10/2026,10,78,0,06/17/2026,AUTO_MAN,1,2
06/10/2026,11,83,0,06/17/2026,AUTO_MAN,1,2
06/10/2026,12,85,0,06/17/2026,AUTO_MAN,1,2
06/10/2026,13,89,0,06/17/2026,AUTO_MAN,1,2
06/10/2026,14,88,0,06/17/2026,AUTO_MAN,1,2
06/10/2026,15,88,0,06/17/2026,AUTO_MAN,1,2
06/10/2026,16,76,0,06/17/2026,AUTO_MAN,1,2
06/10/2026,17,78,0,06/17/2026,AUTO_MAN,1,2
06/10/2026,18,80,0,06/17/2026,AUTO_MAN,1,2
06/10/2026,19,78,0,06/17/2026,AUTO_MAN,1,2
06/10/2026,20,78,0,06/17/2026,AUTO_MAN,1,2
06/10/2026,21,78,0,06/17/2026,AUTO_MAN,1,2
06/10/2026,22,78,0,06/17/2026,AUTO_MAN,1,2
06/10/2026,23,77,0,06/17/2026,AUTO_MAN,1,2
06/10/2026,24,75,0,06/17/2026,AUTO_MAN,1,2
06/11/2026,1,75,0,06/18/2026,AUTO_MAN,1,2
06/11/2026,2,75,0,06/18/2026,AUTO_MAN,1,2
06/11/2026,3,74,0,06/18/2026,AUTO_MAN,1,2
06/11/2026,4,74,0,06/18/2026,AUTO_MAN,1,2
06/11/2026,5,75,0,06/18/2026,AUTO_MAN,1,2
06/11/2026,6,76,0,06/18/2026,AUTO_MAN,1,2
06/11/2026,7,80,0,06/18/2026,AUTO_MAN,1,2
06/11/2026,8,83,0,06/18/2026,AUTO_MAN,1,2
06/11/2026,9,86,0,06/18/2026,AUTO_MAN,1,2
06/11/2026,10,90,0,06/18/2026,AUTO_MAN,1,2
06/11/2026,11,92,0,06/18/2026,AUTO_MAN,1,2
06/11/2026,12,93,0,06/18/2026,AUTO_MAN,1,2
06/11/2026,13,96,0,06/18/2026,AUTO_MAN,1,2
06/11/2026,14,95,0,06/18/2026,AUTO_MAN,1,2
06/11/2026,15,96,0,06/18/2026,AUTO_MAN,1,2
06/11/2026,16,97,0,06/18/2026,AUTO_MAN,1,2
06/11/2026,17,95,0,06/18/2026,AUTO_MAN,1,2
06/11/2026,18,95,0,06/18/2026,AUTO_MAN,1,2
06/11/2026,19,94,0,06/18/2026,AUTO_MAN,1,2
06/11/2026,20,75,0,06/18/2026,AUTO_MAN,1,2
06/11/2026,21,73,0,06/18/2026,AUTO_MAN,1,2
06/11/2026,22,74,0,06/18/2026,AUTO_MAN,1,2
06/11/2026,23,74,0,06/18/2026,AUTO_MAN,1,2
06/11/2026,24,74,0,06/18/2026,AUTO_MAN,1,2
06/12/2026,1,74,0,06/19/2026,AUTO_MAN,1,2
06/12/2026,2,74,0,06/19/2026,AUTO_MAN,1,2
06/12/2026,3,73,0,06/19/2026,AUTO_MAN,1,2
06/12/2026,4,73,0,06/19/2026,AUTO_MAN,1,2
06/12/2026,5,72,0,06/19/2026,AUTO_MAN,1,2
06/12/2026,6,74,0,06/19/2026,AUTO_MAN,1,2
06/12/2026,7,78,0,06/19/2026,AUTO_MAN,1,2
06/12/2026,8,82,0,06/19/2026,AUTO_MAN,1,2
06/12/2026,9,85,0,06/19/2026,AUTO_MAN,1,2
06/12/2026,10,91,0,06/19/2026,AUTO_MAN,1,2
06/12/2026,11,93,0,06/19/2026,AUTO_MAN,1,2
06/12/2026,12,96,0,06/19/2026,AUTO_MAN,1,2
06/12/2026,13,98,0,06/19/2026,AUTO_MAN,1,2
06/12/2026,14,98,0,06/19/2026,AUTO_MAN,1,2
06/12/2026,15,97,0,06/19/2026,AUTO_MAN,1,2
06/12/2026,16,86,0,06/19/2026,AUTO_MAN,1,2
06/12/2026,17,84,0,06/19/2026,AUTO_MAN,1,2
06/12/2026,18,86,0,06/19/2026,AUTO_MAN,1,2
06/12/2026,19,77,0,06/19/2026,AUTO_MAN,1,2
06/12/2026,20,73,0,06/19/2026,AUTO_MAN,1,2
06/12/2026,21,75,0,06/19/2026,AUTO_MAN,1,2
06/12/2026,22,75,0,06/19/2026,AUTO_MAN,1,2
06/12/2026,23,76,0,06/19/2026,AUTO_MAN,1,2
06/12/2026,24,76,0,06/19/2026,AUTO_MAN,1,2
06/13/2026,1,76,1,06/20/2026,AUTO_MAN,1,2
06/13/2026,2,75,1,06/20/2026,AUTO_MAN,1,2
06/13/2026,3,76,1,06/20/2026,AUTO_MAN,1,2
06/13/2026,4,72,1,06/20/2026,AUTO_MAN,1,2
06/13/2026,5,72,1,06/20/2026,AUTO_MAN,1,2
06/13/2026,6,74,1,06/20/2026,AUTO_MAN,1,2
06/13/2026,7,77,1,06/20/2026,AUTO_MAN,1,2
06/13/2026,8,80,1,06/20/2026,AUTO_MAN,1,2
06/13/2026,9,82,1,06/20/2026,AUTO_MAN,1,2
06/13/2026,10,84,1,06/20/2026,AUTO_MAN,1,2
06/13/2026,11,86,1,06/20/2026,AUTO_MAN,1,2
06/13/2026,12,86,1,06/20/2026,AUTO_MAN,1,2
06/13/2026,13,88,1,06/20/2026,AUTO_MAN,1,2
06/13/2026,14,88,1,06/20/2026,AUTO_MAN,1,2
06/13/2026,15,89,1,06/20/2026,AUTO_MAN,1,2
06/13/2026,16,89,1,06/20/2026,AUTO_MAN,1,2
06/13/2026,17,90,1,06/20/2026,AUTO_MAN,1,2
06/13/2026,18,87,1,06/20/2026,AUTO_MAN,1,2
06/13/2026,19,85,1,06/20/2026,AUTO_MAN,1,2
06/13/2026,20,85,1,06/20/2026,AUTO_MAN,1,2
06/13/2026,21,82,1,06/20/2026,AUTO_MAN,1,2
06/13/2026,22,80,1,06/20/2026,AUTO_MAN,1,2
06/13/2026,23,79,1,06/20/2026,AUTO_MAN,1,2
06/13/2026,24,77,1,06/20/2026,AUTO_MAN,1,2
06/14/2026,1,76,1,06/21/2026,AUTO_MAN,1,2
06/14/2026,2,75,1,06/21/2026,AUTO_MAN,1,2
06/14/2026,3,74,1,06/21/2026,AUTO_MAN,1,2
06/14/2026,4,73,1,06/21/2026,AUTO_MAN,1,2
06/14/2026,5,73,1,06/21/2026,AUTO_MAN,1,2
06/14/2026,6,74,1,06/21/2026,AUTO_MAN,1,2
06/14/2026,7,76,1,06/21/2026,AUTO_MAN,1,2
06/14/2026,8,78,1,06/21/2026,AUTO_MAN,1,2
06/14/2026,9,83,1,06/21/2026,AUTO_MAN,1,2
06/14/2026,10,86,1,06/21/2026,AUTO_MAN,1,2
06/14/2026,11,89,1,06/21/2026,AUTO_MAN,1,2
06/14/2026,12,90,1,06/21/2026,AUTO_MAN,1,2
06/14/2026,13,91,1,06/21/2026,AUTO_MAN,1,2
06/14/2026,14,92,1,06/21/2026,AUTO_MAN,1,2
06/14/2026,15,94,1,06/21/2026,AUTO_MAN,1,2
06/14/2026,16,93,1,06/21/2026,AUTO_MAN,1,2
06/14/2026,17,93,1,06/21/2026,AUTO_MAN,1,2
06/14/2026,18,89,1,06/21/2026,AUTO_MAN,1,2
06/14/2026,19,88,1,06/21/2026,AUTO_MAN,1,2
06/14/2026,20,80,1,06/21/2026,AUTO_MAN,1,2
06/14/2026,21,79,1,06/21/2026,AUTO_MAN,1,2
06/14/2026,22,77,1,06/21/2026,AUTO_MAN,1,2
06/14/2026,23,76,1,06/21/2026,AUTO_MAN,1,2
06/14/2026,24,76,1,06/21/2026,AUTO_MAN,1,2
06/15/2026,1,76,0,06/22/2026,AUTO_MAN,1,2
06/15/2026,2,74,0,06/22/2026,AUTO_MAN,1,2
06/15/2026,3,72,0,06/22/2026,AUTO_MAN,1,2
06/15/2026,4,70,0,06/22/2026,AUTO_MAN,1,2
06/15/2026,5,69,0,06/22/2026,AUTO_MAN,1,2
06/15/2026,6,69,0,06/22/2026,AUTO_MAN,1,2
06/15/2026,7,71,0,06/22/2026,AUTO_MAN,1,2
06/15/2026,8,73,0,06/22/2026,AUTO_MAN,1,2
06/15/2026,9,75,0,06/22/2026,AUTO_MAN,1,2
06/15/2026,10,76,0,06/22/2026,AUTO_MAN,1,2
06/15/2026,11,77,0,06/22/2026,AUTO_MAN,1,2
06/15/2026,12,78,0,06/22/2026,AUTO_MAN,1,2
06/15/2026,13,77,0,06/22/2026,AUTO_MAN,1,2
06/15/2026,14,80,0,06/22/2026,AUTO_MAN,1,2
06/15/2026,15,79,0,06/22/2026,AUTO_MAN,1,2
06/15/2026,16,77,0,06/22/2026,AUTO_MAN,1,2
06/15/2026,17,79,0,06/22/2026,AUTO_MAN,1,2
06/15/2026,18,76,0,06/22/2026,AUTO_MAN,1,2
06/15/2026,19,76,0,06/22/2026,AUTO_MAN,1,2
06/15/2026,20,74,0,06/22/2026,AUTO_MAN,1,2
06/15/2026,21,72,0,06/22/2026,AUTO_MAN,1,2
06/15/2026,22,71,0,06/22/2026,AUTO_MAN,1,2
06/15/2026,23,71,0,06/22/2026,AUTO_MAN,1,2
06/15/2026,24,69,0,06/22/2026,AUTO_MAN,1,2
06/16/2026,1,67,0,06/23/2026,AUTO_MAN,1,2
06/16/2026,2,64,0,06/23/2026,AUTO_MAN,1,2
06/16/2026,3,63,0,06/23/2026,AUTO_MAN,1,2
06/16/2026,4,62,0,06/23/2026,AUTO_MAN,1,2
06/16/2026,5,62,0,06/23/2026,AUTO_MAN,1,2
06/16/2026,6,64,0,06/23/2026,AUTO_MAN,1,2
06/16/2026,7,67,0,06/23/2026,AUTO_MAN,1,2
06/16/2026,8,70,0,06/23/2026,AUTO_MAN,1,2
06/16/2026,9,71,0,06/23/2026,AUTO_MAN,1,2
06/16/2026,10,73,0,06/23/2026,AUTO_MAN,1,2
06/16/2026,11,75,0,06/23/2026,AUTO_MAN,1,2
06/16/2026,12,76,0,06/23/2026,AUTO_MAN,1,2
06/16/2026,13,77,0,06/23/2026,AUTO_MAN,1,2
06/16/2026,14,78,0,06/23/2026,AUTO_MAN,1,2
06/16/2026,15,80,0,06/23/2026,AUTO_MAN,1,2
06/16/2026,16,79,0,06/23/2026,AUTO_MAN,1,2
06/16/2026,17,78,0,06/23/2026,AUTO_MAN,1,2
06/16/2026,18,79,0,06/23/2026,AUTO_MAN,1,2
06/16/2026,19,76,0,06/23/2026,AUTO_MAN,1,2
06/16/2026,20,75,0,06/23/2026,AUTO_MAN,1,2
06/16/2026,21,74,0,06/23/2026,AUTO_MAN,1,2
06/16/2026,22,71,0,06/23/2026,AUTO_MAN,1,2
06/16/2026,23,70,0,06/23/2026,AUTO_MAN,1,2
06/16/2026,24,70,0,06/23/2026,AUTO_MAN,1,2
06/17/2026,1,70,0,06/24/2026,AUTO_MAN,1,2
06/17/2026,2,69,0,06/24/2026,AUTO_MAN,1,2
06/17/2026,3,68,0,06/24/2026,AUTO_MAN,1,2
06/17/2026,4,67,0,06/24/2026,AUTO_MAN,1,2
06/17/2026,5,67,0,06/24/2026,AUTO_MAN,1,2
06/17/2026,6,69,0,06/24/2026,AUTO_MAN,1,2
06/17/2026,7,72,0,06/24/2026,AUTO_MAN,1,2
06/17/2026,8,75,0,06/24/2026,AUTO_MAN,1,2
06/17/2026,9,77,0,06/24/2026,AUTO_MAN,1,2
06/17/2026,10,81,0,06/24/2026,AUTO_MAN,1,2
06/17/2026,11,84,0,06/24/2026,AUTO_MAN,1,2
06/17/2026,12,85,0,06/24/2026,AUTO_MAN,1,2
06/17/2026,13,85,0,06/24/2026,AUTO_MAN,1,2
06/17/2026,14,87,0,06/24/2026,AUTO_MAN,1,2
06/17/2026,15,87,0,06/24/2026,AUTO_MAN,1,2
06/17/2026,16,87,0,06/24/2026,AUTO_MAN,1,2
06/17/2026,17,88,0,06/24/2026,AUTO_MAN,1,2
06/17/2026,18,85,0,06/24/2026,AUTO_MAN,1,2
06/17/2026,19,84,0,06/24/2026,AUTO_MAN,1,2
06/17/2026,20,81,0,06/24/2026,AUTO_MAN,1,2
06/17/2026,21,79,0,06/24/2026,AUTO_MAN,1,2
06/17/2026,22,78,0,06/24/2026,AUTO_MAN,1,2
06/17/2026,23,78,0,06/24/2026,AUTO_MAN,1,2
06/17/2026,24,76,0,06/24/2026,AUTO_MAN,1,2
06/18/2026,1,76,0,06/25/2026,AUTO_MAN,1,2
06/18/2026,2,75,0,06/25/2026,AUTO_MAN,1,2
06/18/2026,3,75,0,06/25/2026,AUTO_MAN,1,2
06/18/2026,4,75,0,06/25/2026,AUTO_MAN,1,2
06/18/2026,5,76,0,06/25/2026,AUTO_MAN,1,2
06/18/2026,6,75,0,06/25/2026,AUTO_MAN,1,2
06/18/2026,7,76,0,06/25/2026,AUTO_MAN,1,2
06/18/2026,8,78,0,06/25/2026,AUTO_MAN,1,2
06/18/2026,9,78,0,06/25/2026,AUTO_MAN,1,2
06/18/2026,10,81,0,06/25/2026,AUTO_MAN,1,2
06/18/2026,11,82,0,06/25/2026,AUTO_MAN,1,2
06/18/2026,12,89,0,06/25/2026,AUTO_MAN,1,2
06/18/2026,13,88,0,06/25/2026,AUTO_MAN,1,2
06/18/2026,14,89,0,06/25/2026,AUTO_MAN,1,2
06/18/2026,15,89,0,06/25/2026,AUTO_MAN,1,2
06/18/2026,16,89,0,06/25/2026,AUTO_MAN,1,2
06/18/2026,17,87,0,06/25/2026,AUTO_MAN,1,2
06/18/2026,18,87,0,06/25/2026,AUTO_MAN,1,2
06/18/2026,19,85,0,06/25/2026,AUTO_MAN,1,2
06/18/2026,20,84,0,06/25/2026,AUTO_MAN,1,2
06/18/2026,21,82,0,06/25/2026,AUTO_MAN,1,2
06/18/2026,22,82,0,06/25/2026,AUTO_MAN,1,2
06/18/2026,23,82,0,06/25/2026,AUTO_MAN,1,2
06/18/2026,24,81,0,06/25/2026,AUTO_MAN,1,2
06/19/2026,1,80,0,06/26/2026,AUTO_MAN,1,2
06/19/2026,2,79,0,06/26/2026,AUTO_MAN,1,2
06/19/2026,3,77,0,06/26/2026,AUTO_MAN,1,2
06/19/2026,4,77,0,06/26/2026,AUTO_MAN,1,2
06/19/2026,5,77,0,06/26/2026,AUTO_MAN,1,2
06/19/2026,6,77,0,06/26/2026,AUTO_MAN,1,2
06/19/2026,7,76,0,06/26/2026,AUTO_MAN,1,2
06/19/2026,8,75,0,06/26/2026,AUTO_MAN,1,2
06/19/2026,9,76,0,06/26/2026,AUTO_MAN,1,2
06/19/2026,10,77,0,06/26/2026,AUTO_MAN,1,2
06/19/2026,11,79,0,06/26/2026,AUTO_MAN,1,2
06/19/2026,12,80,0,06/26/2026,AUTO_MAN,1,2
06/19/2026,13,81,0,06/26/2026,AUTO_MAN,1,2
06/19/2026,14,82,0,06/26/2026,AUTO_MAN,1,2
06/19/2026,15,85,0,06/26/2026,AUTO_MAN,1,2
06/19/2026,16,84,0,06/26/2026,AUTO_MAN,1,2
06/19/2026,17,84,0,06/26/2026,AUTO_MAN,1,2
06/19/2026,18,83,0,06/26/2026,AUTO_MAN,1,2
06/19/2026,19,81,0,06/26/2026,AUTO_MAN,1,2
06/19/2026,20,79,0,06/26/2026,AUTO_MAN,1,2
06/19/2026,21,77,0,06/26/2026,AUTO_MAN,1,2
06/19/2026,22,76,0,06/26/2026,AUTO_MAN,1,2
06/19/2026,23,75,0,06/26/2026,AUTO_MAN,1,2
06/19/2026,24,74,0,06/26/2026,AUTO_MAN,1,2
06/20/2026,1,73,1,06/27/2026,AUTO_MAN,1,2
06/20/2026,2,70,1,06/27/2026,AUTO_MAN,1,2
06/20/2026,3,70,1,06/27/2026,AUTO_MAN,1,2
06/20/2026,4,66,1,06/27/2026,AUTO_MAN,1,2
06/20/2026,5,65,1,06/27/2026,AUTO_MAN,1,2
06/20/2026,6,72,1,06/27/2026,AUTO_MAN,1,2
06/20/2026,7,74,1,06/27/2026,AUTO_MAN,1,2
06/20/2026,8,77,1,06/27/2026,AUTO_MAN,1,2
06/20/2026,9,79,1,06/27/2026,AUTO_MAN,1,2
06/20/2026,10,82,1,06/27/2026,AUTO_MAN,1,2
06/20/2026,11,83,1,06/27/2026,AUTO_MAN,1,2
06/20/2026,12,86,1,06/27/2026,AUTO_MAN,1,2
06/20/2026,13,86,1,06/27/2026,AUTO_MAN,1,2
06/20/2026,14,87,1,06/27/2026,AUTO_MAN,1,2
06/20/2026,15,89,1,06/27/2026,AUTO_MAN,1,2
06/20/2026,16,87,1,06/27/2026,AUTO_MAN,1,2
06/20/2026,17,88,1,06/27/2026,AUTO_MAN,1,2
06/20/2026,18,87,1,06/27/2026,AUTO_MAN,1,2
06/20/2026,19,84,1,06/27/2026,AUTO_MAN,1,2
06/20/2026,20,82,1,06/27/2026,AUTO_MAN,1,2
06/20/2026,21,81,1,06/27/2026,AUTO_MAN,1,2
06/20/2026,22,79,1,06/27/2026,AUTO_MAN,1,2
06/20/2026,23,78,1,06/27/2026,AUTO_MAN,1,2
06/20/2026,24,78,1,06/27/2026,AUTO_MAN,1,2
06/21/2026,1,77,1,06/28/2026,AUTO_MAN,1,2
06/21/2026,2,76,1,06/28/2026,AUTO_MAN,1,2
06/21/2026,3,74,1,06/28/2026,AUTO_MAN,1,2
06/21/2026,4,74,1,06/28/2026,AUTO_MAN,1,2
06/21/2026,5,73,1,06/28/2026,AUTO_MAN,1,2
06/21/2026,6,73,1,06/28/2026,AUTO_MAN,1,2
06/21/2026,7,76,1,06/28/2026,AUTO_MAN,1,2
06/21/2026,8,79,1,06/28/2026,AUTO_MAN,1,2
06/21/2026,9,80,1,06/28/2026,AUTO_MAN,1,2
06/21/2026,10,83,1,06/28/2026,AUTO_MAN,1,2
06/21/2026,11,83,1,06/28/2026,AUTO_MAN,1,2
06/21/2026,12,83,1,06/28/2026,AUTO_MAN,1,2
06/21/2026,13,85,1,06/28/2026,AUTO_MAN,1,2
06/21/2026,14,86,1,06/28/2026,AUTO_MAN,1,2
06/21/2026,15,84,1,06/28/2026,AUTO_MAN,1,2
06/21/2026,16,88,1,06/28/2026,AUTO_MAN,1,2
06/21/2026,17,87,1,06/28/2026,AUTO_MAN,1,2
06/21/2026,18,85,1,06/28/2026,AUTO_MAN,1,2
06/21/2026,19,83,1,06/28/2026,AUTO_MAN,1,2
06/21/2026,20,80,1,06/28/2026,AUTO_MAN,1,2
06/21/2026,21,79,1,06/28/2026,AUTO_MAN,1,2
06/21/2026,22,78,1,06/28/2026,AUTO_MAN,1,2
06/21/2026,23,76,1,06/28/2026,AUTO_MAN,1,2
06/21/2026,24,75,1,06/28/2026,AUTO_MAN,1,2
06/22/2026,1,75,0,06/29/2026,AUTO_MAN,1,2
06/22/2026,2,74,0,06/29/2026,AUTO_MAN,1,2
06/22/2026,3,74,0,06/29/2026,AUTO_MAN,1,2
06/22/2026,4,74,0,06/29/2026,AUTO_MAN,1,2
06/22/2026,5,73,0,06/29/2026,AUTO_MAN,1,2
06/22/2026,6,74,0,06/29/2026,AUTO_MAN,1,2
06/22/2026,7,78,0,06/29/2026,AUTO_MAN,1,2
06/22/2026,8,79,0,06/29/2026,AUTO_MAN,1,2
06/22/2026,9,83,0,06/29/2026,AUTO_MAN,1,2
06/22/2026,10,86,0,06/29/2026,AUTO_MAN,1,2
06/22/2026,11,88,0,06/29/2026,AUTO_MAN,1,2
06/22/2026,12,91,0,06/29/2026,AUTO_MAN,1,2
06/22/2026,13,91,0,06/29/2026,AUTO_MAN,1,2
06/22/2026,14,93,0,06/29/2026,AUTO_MAN,1,2
06/22/2026,15,92,0,06/29/2026,AUTO_MAN,1,2
06/22/2026,16,82,0,06/29/2026,AUTO_MAN,1,2
06/22/2026,17,73,0,06/29/2026,AUTO_MAN,1,2
06/22/2026,18,75,0,06/29/2026,AUTO_MAN,1,2
06/22/2026,19,74,0,06/29/2026,AUTO_MAN,1,2
06/22/2026,20,74,0,06/29/2026,AUTO_MAN,1,2
06/22/2026,21,72,0,06/29/2026,AUTO_MAN,1,2
06/22/2026,22,72,0,06/29/2026,AUTO_MAN,1,2
06/22/2026,23,72,0,06/29/2026,AUTO_MAN,1,2
06/22/2026,24,73,0,06/29/2026,AUTO_MAN,1,2
06/23/2026,1,72,0,06/30/2026,AUTO_MAN,1,2
06/23/2026,2,72,0,06/30/2026,AUTO_MAN,1,2
06/23/2026,3,72,0,06/30/2026,AUTO_MAN,1,2
06/23/2026,4,72,0,06/30/2026,AUTO_MAN,1,2
06/23/2026,5,71,0,06/30/2026,AUTO_MAN,1,2
06/23/2026,6,72,0,06/30/2026,AUTO_MAN,1,2
06/23/2026,7,72,0,06/30/2026,AUTO_MAN,1,2
06/23/2026,8,73,0,06/30/2026,AUTO_MAN,1,2
06/23/2026,9,73,0,06/30/2026,AUTO_MAN,1,2
06/23/2026,10,73,0,06/30/2026,AUTO_MAN,1,2
06/23/2026,11,71,0,06/30/2026,AUTO_MAN,1,2
06/23/2026,12,69,0,06/30/2026,AUTO_MAN,1,2
06/23/2026,13,67,0,06/30/2026,AUTO_MAN,1,2
06/23/2026,14,67,0,06/30/2026,AUTO_MAN,1,2
06/23/2026,15,70,0,06/30/2026,AUTO_MAN,1,2
06/23/2026,16,71,0,06/30/2026,AUTO_MAN,1,2
06/23/2026,17,74,0,06/30/2026,AUTO_MAN,1,2
06/23/2026,18,74,0,06/30/2026,AUTO_MAN,1,2
06/23/2026,19,74,0,06/30/2026,AUTO_MAN,1,2
06/23/2026,20,72,0,06/30/2026,AUTO_MAN,1,2
06/23/2026,21,71,0,06/30/2026,AUTO_MAN,1,2
06/23/2026,22,70,0,06/30/2026,AUTO_MAN,1,2
06/23/2026,23,68,0,06/30/2026,AUTO_MAN,1,2
06/23/2026,24,67,0,06/30/2026,AUTO_MAN,1,2
06/24/2026,1,69,0,07/01/2026,AUTO_MAN,1,2
06/24/2026,2,67,0,07/01/2026,AUTO_MAN,1,2
06/24/2026,3,66,0,07/01/2026,AUTO_MAN,1,2
06/24/2026,4,65,0,07/01/2026,AUTO_MAN,1,2
06/24/2026,5,65,0,07/01/2026,AUTO_MAN,1,2
06/24/2026,6,67,0,07/01/2026,AUTO_MAN,1,2
06/24/2026,7,70,0,07/01/2026,AUTO_MAN,1,2
06/24/2026,8,72,0,07/01/2026,AUTO_MAN,1,2
06/24/2026,9,76,0,07/01/2026,AUTO_MAN,1,2
06/24/2026,10,78,0,07/01/2026,AUTO_MAN,1,2
06/24/2026,11,80,0,07/01/2026,AUTO_MAN,1,2
06/24/2026,12,80,0,07/01/2026,AUTO_MAN,1,2
06/24/2026,13,81,0,07/01/2026,AUTO_MAN,1,2
06/24/2026,14,82,0,07/01/2026,AUTO_MAN,1,2
06/24/2026,15,83,0,07/01/2026,AUTO_MAN,1,2
06/24/2026,16,84,0,07/01/2026,AUTO_MAN,1,2
06/24/2026,17,84,0,07/01/2026,AUTO_MAN,1,2
06/24/2026,18,82,0,07/01/2026,AUTO_MAN,1,2
06/24/2026,19,80,0,07/01/2026,AUTO_MAN,1,2
06/24/2026,20,78,0,07/01/2026,AUTO_MAN,1,2
06/24/2026,21,77,0,07/01/2026,AUTO_MAN,1,2
06/24/2026,22,74,0,07/01/2026,AUTO_MAN,1,2
06/24/2026,23,73,0,07/01/2026,AUTO_MAN,1,2
06/24/2026,24,72,0,07/01/2026,AUTO_MAN,1,2
06/25/2026,1,70,0,07/02/2026,AUTO_MAN,1,2
06/25/2026,2,69,0,07/02/2026,AUTO_MAN,1,2
06/25/2026,3,68,0,07/02/2026,AUTO_MAN,1,2
06/25/2026,4,68,0,07/02/2026,AUTO_MAN,1,2
06/25/2026,5,67,0,07/02/2026,AUTO_MAN,1,2
06/25/2026,6,69,0,07/02/2026,AUTO_MAN,1,2
06/25/2026,7,70,0,07/02/2026,AUTO_MAN,1,2
06/25/2026,8,73,0,07/02/2026,AUTO_MAN,1,2
06/25/2026,9,75,0,07/02/2026,AUTO_MAN,1,2
06/25/2026,10,78,0,07/02/2026,AUTO_MAN,1,2
06/25/2026,11,81,0,07/02/2026,AUTO_MAN,1,2
06/25/2026,12,84,0,07/02/2026,AUTO_MAN,1,2
06/25/2026,13,84,0,07/02/2026,AUTO_MAN,1,2
06/25/2026,14,84,0,07/02/2026,AUTO_MAN,1,2
06/25/2026,15,86,0,07/02/2026,AUTO_MAN,1,2
06/25/2026,16,88,0,07/02/2026,AUTO_MAN,1,2
06/25/2026,17,86,0,07/02/2026,AUTO_MAN,1,2
06/25/2026,18,85,0,07/02/2026,AUTO_MAN,1,2
06/25/2026,19,83,0,07/02/2026,AUTO_MAN,1,2
06/25/2026,20,81,0,07/02/2026,AUTO_MAN,1,2
06/25/2026,21,80,0,07/02/2026,AUTO_MAN,1,2
06/25/2026,22,79,0,07/02/2026,AUTO_MAN,1,2
06/25/2026,23,77,0,07/02/2026,AUTO_MAN,1,2
06/25/2026,24,76,0,07/02/2026,AUTO_MAN,1,2
06/26/2026,1,76,0,07/03/2026,AUTO_MAN,1,2
06/26/2026,2,75,0,07/03/2026,AUTO_MAN,1,2
06/26/2026,3,74,0,07/03/2026,AUTO_MAN,1,2
06/26/2026,4,74,0,07/03/2026,AUTO_MAN,1,2
06/26/2026,5,73,0,07/03/2026,AUTO_MAN,1,2
06/26/2026,6,74,0,07/03/2026,AUTO_MAN,1,2
06/26/2026,7,75,0,07/03/2026,AUTO_MAN,1,2
06/26/2026,8,77,0,07/03/2026,AUTO_MAN,1,2
06/26/2026,9,79,0,07/03/2026,AUTO_MAN,1,2
06/26/2026,10,80,0,07/03/2026,AUTO_MAN,1,2
06/26/2026,11,83,0,07/03/2026,AUTO_MAN,1,2
06/26/2026,12,85,0,07/03/2026,AUTO_MAN,1,2
06/26/2026,13,88,0,07/03/2026,AUTO_MAN,1,2
06/26/2026,14,91,0,07/03/2026,AUTO_MAN,1,2
06/26/2026,15,87,0,07/03/2026,AUTO_MAN,1,2
06/26/2026,16,87,0,07/03/2026,AUTO_MAN,1,2
06/26/2026,17,79,0,07/03/2026,AUTO_MAN,1,2
06/26/2026,18,77,0,07/03/2026,AUTO_MAN,1,2
06/26/2026,19,77,0,07/03/2026,AUTO_MAN,1,2
06/26/2026,20,76,0,07/03/2026,AUTO_MAN,1,2
06/26/2026,21,76,0,07/03/2026,AUTO_MAN,1,2
06/26/2026,22,76,0,07/03/2026,AUTO_MAN,1,2
06/26/2026,23,75,0,07/03/2026,AUTO_MAN,1,2
06/26/2026,24,74,0,07/03/2026,AUTO_MAN,1,2
06/27/2026,1,74,1,07/04/2026,AUTO_MAN,1,2
06/27/2026,2,74,1,07/04/2026,AUTO_MAN,1,2
06/27/2026,3,74,1,07/04/2026,AUTO_MAN,1,2
06/27/2026,4,74,1,07/04/2026,AUTO_MAN,1,2
06/27/2026,5,73,1,07/04/2026,AUTO_MAN,1,2
06/27/2026,6,73,1,07/04/2026,AUTO_MAN,1,2
06/27/2026,7,74,1,07/04/2026,AUTO_MAN,1,2
06/27/2026,8,76,1,07/04/2026,AUTO_MAN,1,2
06/27/2026,9,78,1,07/04/2026,AUTO_MAN,1,2
06/27/2026,10,78,1,07/04/2026,AUTO_MAN,1,2
06/27/2026,11,79,1,07/04/2026,AUTO_MAN,1,2
06/27/2026,12,80,1,07/04/2026,AUTO_MAN,1,2
06/27/2026,13,82,1,07/04/2026,AUTO_MAN,1,2
06/27/2026,14,84,1,07/04/2026,AUTO_MAN,1,2
06/27/2026,15,83,1,07/04/2026,AUTO_MAN,1,2
06/27/2026,16,82,1,07/04/2026,AUTO_MAN,1,2
06/27/2026,17,81,1,07/04/2026,AUTO_MAN,1,2
06/27/2026,18,80,1,07/04/2026,AUTO_MAN,1,2
06/27/2026,19,77,1,07/04/2026,AUTO_MAN,1,2
06/27/2026,20,75,1,07/04/2026,AUTO_MAN,1,2
06/27/2026,21,75,1,07/04/2026,AUTO_MAN,1,2
06/27/2026,22,74,1,07/04/2026,AUTO_MAN,1,2
06/27/2026,23,74,1,07/04/2026,AUTO_MAN,1,2
06/27/2026,24,74,1,07/04/2026,AUTO_MAN,1,2
06/28/2026,1,74,1,07/05/2026,AUTO_MAN,1,2
06/28/2026,2,73,1,07/05/2026,AUTO_MAN,1,2
06/28/2026,3,73,1,07/05/2026,AUTO_MAN,1,2
06/28/2026,4,72,1,07/05/2026,AUTO_MAN,1,2
06/28/2026,5,72,1,07/05/2026,AUTO_MAN,1,2
06/28/2026,6,72,1,07/05/2026,AUTO_MAN,1,2
06/28/2026,7,73,1,07/05/2026,AUTO_MAN,1,2
06/28/2026,8,72,1,07/05/2026,AUTO_MAN,1,2
06/28/2026,9,73,1,07/05/2026,AUTO_MAN,1,2
06/28/2026,10,73,1,07/05/2026,AUTO_MAN,1,2
06/28/2026,11,72,1,07/05/2026,AUTO_MAN,1,2
06/28/2026,12,73,1,07/05/2026,AUTO_MAN,1,2
06/28/2026,13,73,1,07/05/2026,AUTO_MAN,1,2
06/28/2026,14,74,1,07/05/2026,AUTO_MAN,1,2
06/28/2026,15,74,1,07/05/2026,AUTO_MAN,1,2
06/28/2026,16,75,1,07/05/2026,AUTO_MAN,1,2
06/28/2026,17,75,1,07/05/2026,AUTO_MAN,1,2
06/28/2026,18,75,1,07/05/2026,AUTO_MAN,1,2
06/28/2026,19,75,1,07/05/2026,AUTO_MAN,1,2
06/28/2026,20,75,1,07/05/2026,AUTO_MAN,1,2
06/28/2026,21,75,1,07/05/2026,AUTO_MAN,1,2
06/28/2026,22,74,1,07/05/2026,AUTO_MAN,1,2
06/28/2026,23,74,1,07/05/2026,AUTO_MAN,1,2
06/28/2026,24,73,1,07/05/2026,AUTO_MAN,1,2
06/29/2026,1,73,0,07/06/2026,AUTO_MAN,1,2
06/29/2026,2,72,0,07/06/2026,AUTO_MAN,1,2
06/29/2026,3,72,0,07/06/2026,AUTO_MAN,1,2
06/29/2026,4,72,0,07/06/2026,AUTO_MAN,1,2
06/29/2026,5,72,0,07/06/2026,AUTO_MAN,1,2
06/29/2026,6,73,0,07/06/2026,AUTO_MAN,1,2
06/29/2026,7,74,0,07/06/2026,AUTO_MAN,1,2
06/29/2026,8,75,0,07/06/2026,AUTO_MAN,1,2
06/29/2026,9,78,0,07/06/2026,AUTO_MAN,1,2
06/29/2026,10,81,0,07/06/2026,AUTO_MAN,1,2
06/29/2026,11,83,0,07/06/2026,AUTO_MAN,1,2
06/29/2026,12,84,0,07/06/2026,AUTO_MAN,1,2
06/29/2026,13,84,0,07/06/2026,AUTO_MAN,1,2
06/29/2026,14,87,0,07/06/2026,AUTO_MAN,1,2
06/29/2026,15,88,0,07/06/2026,AUTO_MAN,1,2
06/29/2026,16,88,0,07/06/2026,AUTO_MAN,1,2
06/29/2026,17,86,0,07/06/2026,AUTO_MAN,1,2
06/29/2026,18,85,0,07/06/2026,AUTO_MAN,1,2
06/29/2026,19,83,0,07/06/2026,AUTO_MAN,1,2
06/29/2026,20,81,0,07/06/2026,AUTO_MAN,1,2
06/29/2026,21,80,0,07/06/2026,AUTO_MAN,1,2
06/29/2026,22,77,0,07/06/2026,AUTO_MAN,1,2
06/29/2026,23,76,0,07/06/2026,AUTO_MAN,1,2
06/29/2026,24,75,0,07/06/2026,AUTO_MAN,1,2
06/30/2026,1,74,0,07/07/2026,AUTO_MAN,1,2
06/30/2026,2,73,0,07/07/2026,AUTO_MAN,1,2
06/30/2026,3,72,0,07/07/2026,AUTO_MAN,1,2
06/30/2026,4,72,0,07/07/2026,AUTO_MAN,1,2
06/30/2026,5,71,0,07/07/2026,AUTO_MAN,1,2
06/30/2026,6,72,0,07/07/2026,AUTO_MAN,1,2
06/30/2026,7,75,0,07/07/2026,AUTO_MAN,1,2
06/30/2026,8,77,0,07/07/2026,AUTO_MAN,1,2
06/30/2026,9,79,0,07/07/2026,AUTO_MAN,1,2
06/30/2026,10,82,0,07/07/2026,AUTO_MAN,1,2
06/30/2026,11,84,0,07/07/2026,AUTO_MAN,1,2
06/30/2026,12,86,0,07/07/2026,AUTO_MAN,1,2
06/30/2026,13,87,0,07/07/2026,AUTO_MAN,1,2
06/30/2026,14,88,0,07/07/2026,AUTO_MAN,1,2
06/30/2026,15,89,0,07/07/2026,AUTO_MAN,1,2
06/30/2026,16,89,0,07/07/2026,AUTO_MAN,1,2
06/30/2026,17,88,0,07/07/2026,AUTO_MAN,1,2
06/30/2026,18,87,0,07/07/2026,AUTO_MAN,1,2
06/30/2026,19,85,0,07/07/2026,AUTO_MAN,1,2
06/30/2026,20,83,0,07/07/2026,AUTO_MAN,1,2
06/30/2026,21,81,0,07/07/2026,AUTO_MAN,1,2
06/30/2026,22,80,0,07/07/2026,AUTO_MAN,1,2
06/30/2026,23,79,0,07/07/2026,AUTO_MAN,1,2
06/30/2026,24,78,0,07/07/2026,AUTO_MAN,1,2
07/01/2026,1,77,0,07/07/2026,AUTO_MAN,1,2
07/01/2026,2,77,0,07/07/2026,AUTO_MAN,1,2
07/01/2026,3,76,0,07/07/2026,AUTO_MAN,1,2
07/01/2026,4,76,0,07/07/2026,AUTO_MAN,1,2
07/01/2026,5,75,0,07/07/2026,AUTO_MAN,1,2
07/01/2026,6,76,0,07/07/2026,AUTO_MAN,1,2
07/01/2026,7,78,0,07/07/2026,AUTO_MAN,1,2
07/01/2026,8,82,0,07/07/2026,AUTO_MAN,1,2
07/01/2026,9,84,0,07/07/2026,AUTO_MAN,1,2
07/01/2026,10,86,0,07/07/2026,AUTO_MAN,1,2
07/01/2026,11,88,0,07/07/2026,AUTO_MAN,1,2
07/01/2026,12,91,0,07/07/2026,AUTO_MAN,1,2
07/01/2026,13,93,0,07/07/2026,AUTO_MAN,1,2
07/01/2026,14,95,0,07/07/2026,AUTO_MAN,1,2
07/01/2026,15,96,0,07/07/2026,AUTO_MAN,1,2
07/01/2026,16,95,0,07/07/2026,AUTO_MAN,1,2
07/01/2026,17,95,0,07/07/2026,AUTO_MAN,1,2
07/01/2026,18,96,0,07/07/2026,AUTO_MAN,1,2
07/01/2026,19,93,0,07/07/2026,AUTO_MAN,1,2
07/01/2026,20,89,0,07/07/2026,AUTO_MAN,1,2
07/01/2026,21,87,0,07/07/2026,AUTO_MAN,1,2
07/01/2026,22,87,0,07/07/2026,AUTO_MAN,1,2
07/01/2026,23,87,0,07/07/2026,AUTO_MAN,1,2
07/01/2026,24,85,0,07/07/2026,AUTO_MAN,1,2
07/02/2026,1,83,0,07/07/2026,AUTO_MAN,1,2
07/02/2026,2,82,0,07/07/2026,AUTO_MAN,1,2
07/02/2026,3,81,0,07/07/2026,AUTO_MAN,1,2
07/02/2026,4,81,0,07/07/2026,AUTO_MAN,1,2
07/02/2026,5,80,0,07/07/2026,AUTO_MAN,1,2
07/02/2026,6,82,0,07/07/2026,AUTO_MAN,1,2
07/02/2026,7,84,0,07/07/2026,AUTO_MAN,1,2
07/02/2026,8,88,0,07/07/2026,AUTO_MAN,1,2
07/02/2026,9,92,0,07/07/2026,AUTO_MAN,1,2
07/02/2026,10,94,0,07/07/2026,AUTO_MAN,1,2
07/02/2026,11,96,0,07/07/2026,AUTO_MAN,1,2
07/02/2026,12,99,0,07/07/2026,AUTO_MAN,1,2
07/02/2026,13,98,0,07/07/2026,AUTO_MAN,1,2
07/02/2026,14,101,0,07/07/2026,AUTO_MAN,1,2
07/02/2026,15,101,0,07/07/2026,AUTO_MAN,1,2
07/02/2026,16,101,0,07/07/2026,AUTO_MAN,1,2
07/02/2026,17,100,0,07/07/2026,AUTO_MAN,1,2
07/02/2026,18,98,0,07/07/2026,AUTO_MAN,1,2
07/02/2026,19,97,0,07/07/2026,AUTO_MAN,1,2
07/02/2026,20,95,0,07/07/2026,AUTO_MAN,1,2
07/02/2026,21,92,0,07/07/2026,AUTO_MAN,1,2
07/02/2026,22,88,0,07/07/2026,AUTO_MAN,1,2
07/02/2026,23,87,0,07/07/2026,AUTO_MAN,1,2
07/02/2026,24,87,0,07/07/2026,AUTO_MAN,1,2
07/03/2026,1,85,1,07/07/2026,AUTO_MAN,1,2
07/03/2026,2,89,1,07/07/2026,AUTO_MAN,1,2
07/03/2026,3,86,1,07/07/2026,AUTO_MAN,1,2
07/03/2026,4,86,1,07/07/2026,AUTO_MAN,1,2
07/03/2026,5,84,1,07/07/2026,AUTO_MAN,1,2
07/03/2026,6,84,1,07/07/2026,AUTO_MAN,1,2
07/03/2026,7,87,1,07/07/2026,AUTO_MAN,1,2
07/03/2026,8,91,1,07/07/2026,AUTO_MAN,1,2
07/03/2026,9,93,1,07/07/2026,AUTO_MAN,1,2
07/03/2026,10,94,1,07/07/2026,AUTO_MAN,1,2
07/03/2026,11,97,1,07/07/2026,AUTO_MAN,1,2
07/03/2026,12,98,1,07/07/2026,AUTO_MAN,1,2
07/03/2026,13,100,1,07/07/2026,AUTO_MAN,1,2
07/03/2026,14,99,1,07/07/2026,AUTO_MAN,1,2
07/03/2026,15,102,1,07/07/2026,AUTO_MAN,1,2
07/03/2026,16,102,1,07/07/2026,AUTO_MAN,1,2
07/03/2026,17,101,1,07/07/2026,AUTO_MAN,1,2
07/03/2026,18,100,1,07/07/2026,AUTO_MAN,1,2
07/03/2026,19,98,1,07/07/2026,AUTO_MAN,1,2
07/03/2026,20,96,1,07/07/2026,AUTO_MAN,1,2
07/03/2026,21,95,1,07/07/2026,AUTO_MAN,1,2
07/03/2026,22,89,1,07/07/2026,AUTO_MAN,1,2
07/03/2026,23,88,1,07/07/2026,AUTO_MAN,1,2
07/03/2026,24,87,1,07/07/2026,AUTO_MAN,1,2
07/04/2026,1,88,1,07/07/2026,AUTO_MAN,1,2
07/04/2026,2,88,1,07/07/2026,AUTO_MAN,1,2
07/04/2026,3,88,1,07/07/2026,AUTO_MAN,1,2
07/04/2026,4,87,1,07/07/2026,AUTO_MAN,1,2
07/04/2026,5,84,1,07/07/2026,AUTO_MAN,1,2
07/04/2026,6,85,1,07/07/2026,AUTO_MAN,1,2
07/04/2026,7,87,1,07/07/2026,AUTO_MAN,1,2
07/04/2026,8,90,1,07/07/2026,AUTO_MAN,1,2
07/04/2026,9,94,1,07/07/2026,AUTO_MAN,1,2
07/04/2026,10,95,1,07/07/2026,AUTO_MAN,1,2
07/04/2026,11,98,1,07/07/2026,AUTO_MAN,1,2
07/04/2026,12,100,1,07/07/2026,AUTO_MAN,1,2
07/04/2026,13,100,1,07/07/2026,AUTO_MAN,1,2
07/04/2026,14,101,1,07/07/2026,AUTO_MAN,1,2
07/04/2026,15,101,1,07/07/2026,AUTO_MAN,1,2
07/04/2026,16,99,1,07/07/2026,AUTO_MAN,1,2
07/04/2026,17,102,1,07/07/2026,AUTO_MAN,1,2
07/04/2026,18,88,1,07/07/2026,AUTO_MAN,1,2
07/04/2026,19,88,1,07/07/2026,AUTO_MAN,1,2
07/04/2026,20,84,1,07/07/2026,AUTO_MAN,1,2
07/04/2026,21,78,1,07/07/2026,AUTO_MAN,1,2
07/04/2026,22,78,1,07/07/2026,AUTO_MAN,1,2
07/04/2026,23,78,1,07/07/2026,AUTO_MAN,1,2
07/04/2026,24,77,1,07/07/2026,AUTO_MAN,1,2
07/05/2026,1,79,1,07/07/2026,AUTO_MAN,1,2
07/05/2026,2,77,1,07/07/2026,AUTO_MAN,1,2
07/05/2026,3,76,1,07/07/2026,AUTO_MAN,1,2
07/05/2026,4,76,1,07/07/2026,AUTO_MAN,1,2
07/05/2026,5,76,1,07/07/2026,AUTO_MAN,1,2
07/05/2026,6,76,1,07/07/2026,AUTO_MAN,1,2
07/05/2026,7,78,1,07/07/2026,AUTO_MAN,1,2
07/05/2026,8,82,1,07/07/2026,AUTO_MAN,1,2
07/05/2026,9,85,1,07/07/2026,AUTO_MAN,1,2
07/05/2026,10,87,1,07/07/2026,AUTO_MAN,1,2
07/05/2026,11,89,1,07/07/2026,AUTO_MAN,1,2
07/05/2026,12,91,1,07/07/2026,AUTO_MAN,1,2
07/05/2026,13,92,1,07/07/2026,AUTO_MAN,1,2
07/05/2026,14,95,1,07/07/2026,AUTO_MAN,1,2
07/05/2026,15,95,1,07/07/2026,AUTO_MAN,1,2
07/05/2026,16,94,1,07/07/2026,AUTO_MAN,1,2
07/05/2026,17,92,1,07/07/2026,AUTO_MAN,1,2
07/05/2026,18,93,1,07/07/2026,AUTO_MAN,1,2
07/05/2026,19,89,1,07/07/2026,AUTO_MAN,1,2
07/05/2026,20,80,1,07/07/2026,AUTO_MAN,1,2
07/05/2026,21,80,1,07/07/2026,AUTO_MAN,1,2
07/05/2026,22,81,1,07/07/2026,AUTO_MAN,1,2
07/05/2026,23,78,1,07/07/2026,AUTO_MAN,1,2
07/05/2026,24,77,1,07/07/2026,AUTO_MAN,1,2
07/06/2026,1,76,0,07/07/2026,AUTO_MAN,1,2
07/06/2026,2,76,0,07/07/2026,AUTO_MAN,1,2
07/06/2026,3,77,0,07/07/2026,AUTO_MAN,1,2
07/06/2026,4,77,0,07/07/2026,AUTO_MAN,1,2
07/06/2026,5,77,0,07/07/2026,AUTO_MAN,1,2
07/06/2026,6,77,0,07/07/2026,AUTO_MAN,1,2
07/06/2026,7,78,0,07/07/2026,AUTO_MAN,1,2
07/06/2026,8,79,0,07/07/2026,AUTO_MAN,1,2
07/06/2026,9,80,0,07/07/2026,AUTO_MAN,1,2
07/06/2026,10,81,0,07/07/2026,AUTO_MAN,1,2
07/06/2026,11,82,0,07/07/2026,AUTO_MAN,1,2
07/06/2026,12,86,0,07/07/2026,AUTO_MAN,1,2
07/06/2026,13,87,0,07/07/2026,AUTO_MAN,1,2
07/06/2026,14,90,0,07/07/2026,AUTO_MAN,1,2
07/06/2026,15,89,0,07/07/2026,AUTO_MAN,1,2
07/06/2026,16,89,0,07/07/2026,AUTO_MAN,1,2
07/06/2026,17,79,0,07/07/2026,AUTO_MAN,1,2
07/06/2026,18,80,0,07/07/2026,AUTO_MAN,1,2
07/06/2026,19,81,0,07/07/2026,AUTO_MAN,1,2
07/06/2026,20,81,0,07/07/2026,AUTO_MAN,1,2
07/06/2026,21,81,0,07/07/2026,AUTO_MAN,1,2
07/06/2026,22,79,0,07/07/2026,AUTO_MAN,1,2
07/06/2026,23,76,0,07/07/2026,AUTO_MAN,1,2
07/06/2026,24,76,0,07/07/2026,AUTO_MAN,1,2
07/07/2026,1,24.4,0,07/07/2026,AUTO_MAN,1,4
07/07/2026,2,24.4,0,07/07/2026,AUTO_MAN,1,4
07/07/2026,3,24.4,0,07/07/2026,AUTO_MAN,1,4
07/07/2026,4,23.9,0,07/07/2026,AUTO_MAN,1,4
07/07/2026,5,23.9,0,07/07/2026,AUTO_MAN,1,4
07/07/2026,6,23.3,0,07/07/2026,AUTO_MAN,1,4
07/07/2026,7,23.3,0,07/07/2026,AUTO_MAN,1,4
07/07/2026,8,23.3,0,07/07/2026,AUTO_MAN,1,4
07/07/2026,9,23.9,0,07/07/2026,AUTO_MAN,1,4
07/07/2026,10,24.4,0,07/07/2026,AUTO_MAN,1,4
07/07/2026,11,25.6,0,07/07/2026,AUTO_MAN,1,4
07/07/2026,12,26.1,0,07/07/2026,AUTO_MAN,1,4
07/07/2026,13,26.7,0,07/07/2026,AUTO_MAN,1,4
07/07/2026,14,27.2,0,07/07/2026,AUTO_MAN,1,4
07/07/2026,15,27.8,0,07/07/2026,AUTO_MAN,1,4
07/07/2026,16,28.3,0,07/07/2026,AUTO_MAN,1,4
07/07/2026,17,27.8,0,07/07/2026,AUTO_MAN,1,4
07/07/2026,18,27.2,0,07/07/2026,AUTO_MAN,1,4
07/07/2026,19,27.2,0,07/07/2026,AUTO_MAN,1,4
07/07/2026,20,26.7,0,07/07/2026,AUTO_MAN,1,4
07/07/2026,21,25.6,0,07/07/2026,AUTO_MAN,1,4
07/07/2026,22,25.6,0,07/07/2026,AUTO_MAN,1,4
07/07/2026,23,25,0,07/07/2026,AUTO_MAN,1,4
07/07/2026,24,25,0,07/07/2026,AUTO_MAN,1,4
07/08/2026,1,25,0,07/07/2026,AUTO_MAN,1,4
07/08/2026,2,25,0,07/07/2026,AUTO_MAN,1,4
07/08/2026,3,24.4,0,07/07/2026,AUTO_MAN,1,4
07/08/2026,4,23.3,0,07/07/2026,AUTO_MAN,1,4
07/08/2026,5,22.8,0,07/07/2026,AUTO_MAN,1,4
07/08/2026,6,22.8,0,07/07/2026,AUTO_MAN,1,4
07/08/2026,7,22.8,0,07/07/2026,AUTO_MAN,1,4
07/08/2026,8,23.3,0,07/07/2026,AUTO_MAN,1,4
07/08/2026,9,24.4,0,07/07/2026,AUTO_MAN,1,4
07/08/2026,10,24.4,0,07/07/2026,AUTO_MAN,1,4
07/08/2026,11,25,0,07/07/2026,AUTO_MAN,1,4
07/08/2026,12,25.6,0,07/07/2026,AUTO_MAN,1,4
07/08/2026,13,26.1,0,07/07/2026,AUTO_MAN,1,4
07/08/2026,14,27.2,0,07/07/2026,AUTO_MAN,1,4
07/08/2026,15,27.8,0,07/07/2026,AUTO_MAN,1,4
07/08/2026,16,28.3,0,07/07/2026,AUTO_MAN,1,4
07/08/2026,17,28.3,0,07/07/2026,AUTO_MAN,1,4
07/08/2026,18,27.8,0,07/07/2026,AUTO_MAN,1,4
07/08/2026,19,27.2,0,07/07/2026,AUTO_MAN,1,4
07/08/2026,20,27.2,0,07/07/2026,AUTO_MAN,1,4
07/08/2026,21,26.7,0,07/07/2026,AUTO_MAN,1,4
07/08/2026,22,26.1,0,07/07/2026,AUTO_MAN,1,4
07/08/2026,23,25.6,0,07/07/2026,AUTO_MAN,1,4
07/08/2026,24,25.6,0,07/07/2026,AUTO_MAN,1,4
07/09/2026,1,25,0,07/07/2026,AUTO_MAN,1,4
07/09/2026,2,24.4,0,07/07/2026,AUTO_MAN,1,4
07/09/2026,3,23.9,0,07/07/2026,AUTO_MAN,1,4
07/09/2026,4,23.3,0,07/07/2026,AUTO_MAN,1,4
07/09/2026,5,23.3,0,07/07/2026,AUTO_MAN,1,4
07/09/2026,6,23.3,0,07/07/2026,AUTO_MAN,1,4
07/09/2026,7,23.3,0,07/07/2026,AUTO_MAN,1,4
07/09/2026,8,23.9,0,07/07/2026,AUTO_MAN,1,4
07/09/2026,9,25.6,0,07/07/2026,AUTO_MAN,1,4
07/09/2026,10,26.1,0,07/07/2026,AUTO_MAN,1,4
07/09/2026,11,27.8,0,07/07/2026,AUTO_MAN,1,4
07/09/2026,12,28.3,0,07/07/2026,AUTO_MAN,1,4
07/09/2026,13,29.4,0,07/07/2026,AUTO_MAN,1,4
07/09/2026,14,30.6,0,07/07/2026,AUTO_MAN,1,4
07/09/2026,15,31.1,0,07/07/2026,AUTO_MAN,1,4
07/09/2026,16,31.1,0,07/07/2026,AUTO_MAN,1,4
07/09/2026,17,30.6,0,07/07/2026,AUTO_MAN,1,4
07/09/2026,18,28.9,0,07/07/2026,AUTO_MAN,1,4
07/09/2026,19,28.3,0,07/07/2026,AUTO_MAN,1,4
07/09/2026,20,27.8,0,07/07/2026,AUTO_MAN,1,4
07/09/2026,21,26.1,0,07/07/2026,AUTO_MAN,1,4
07/09/2026,22,25.6,0,07/07/2026,AUTO_MAN,1,4
07/09/2026,23,25,0,07/07/2026,AUTO_MAN,1,4
07/09/2026,24,24.4,0,07/07/2026,AUTO_MAN,1,4
07/10/2026,1,23.9,0,07/07/2026,AUTO_MAN,1,4
07/10/2026,2,23.3,0,07/07/2026,AUTO_MAN,1,4
07/10/2026,3,22.8,0,07/07/2026,AUTO_MAN,1,4
07/10/2026,4,22.2,0,07/07/2026,AUTO_MAN,1,4
07/10/2026,5,22.2,0,07/07/2026,AUTO_MAN,1,4
07/10/2026,6,22.8,0,07/07/2026,AUTO_MAN,1,4
07/10/2026,7,23.3,0,07/07/2026,AUTO_MAN,1,4
07/10/2026,8,25,0,07/07/2026,AUTO_MAN,1,4
07/10/2026,9,26.7,0,07/07/2026,AUTO_MAN,1,4
07/10/2026,10,28.3,0,07/07/2026,AUTO_MAN,1,4
07/10/2026,11,30,0,07/07/2026,AUTO_MAN,1,4
07/10/2026,12,31.1,0,07/07/2026,AUTO_MAN,1,4
07/10/2026,13,31.7,0,07/07/2026,AUTO_MAN,1,4
07/10/2026,14,32.2,0,07/07/2026,AUTO_MAN,1,4
07/10/2026,15,31.1,0,07/07/2026,AUTO_MAN,1,4
07/10/2026,16,31.1,0,07/07/2026,AUTO_MAN,1,4
07/10/2026,17,30.6,0,07/07/2026,AUTO_MAN,1,4
07/10/2026,18,30,0,07/07/2026,AUTO_MAN,1,4
07/10/2026,19,28.9,0,07/07/2026,AUTO_MAN,1,4
07/10/2026,20,27.8,0,07/07/2026,AUTO_MAN,1,4
07/10/2026,21,26.7,0,07/07/2026,AUTO_MAN,1,4
07/10/2026,22,26.1,0,07/07/2026,AUTO_MAN,1,4
07/10/2026,23,25.6,0,07/07/2026,AUTO_MAN,1,4
07/10/2026,24,25,0,07/07/2026,AUTO_MAN,1,4
07/11/2026,1,24.4,1,07/07/2026,AUTO_MAN,1,4
07/11/2026,2,23.9,1,07/07/2026,AUTO_MAN,1,4
07/11/2026,3,23.9,1,07/07/2026,AUTO_MAN,1,4
07/11/2026,4,23.3,1,07/07/2026,AUTO_MAN,1,4
07/11/2026,5,23.3,1,07/07/2026,AUTO_MAN,1,4
07/11/2026,6,23.3,1,07/07/2026,AUTO_MAN,1,4
07/11/2026,7,23.3,1,07/07/2026,AUTO_MAN,1,4
07/11/2026,8,23.9,1,07/07/2026,AUTO_MAN,1,4
07/11/2026,9,25.6,1,07/07/2026,AUTO_MAN,1,4
07/11/2026,10,25.6,1,07/07/2026,AUTO_MAN,1,4
07/11/2026,11,26.7,1,07/07/2026,AUTO_MAN,1,4
07/11/2026,12,27.2,1,07/07/2026,AUTO_MAN,1,4
07/11/2026,13,28.3,1,07/07/2026,AUTO_MAN,1,4
07/11/2026,14,28.9,1,07/07/2026,AUTO_MAN,1,4
07/11/2026,15,29.4,1,07/07/2026,AUTO_MAN,1,4
07/11/2026,16,29.4,1,07/07/2026,AUTO_MAN,1,4
07/11/2026,17,28.9,1,07/07/2026,AUTO_MAN,1,4
07/11/2026,18,28.3,1,07/07/2026,AUTO_MAN,1,4
07/11/2026,19,27.8,1,07/07/2026,AUTO_MAN,1,4
07/11/2026,20,27.2,1,07/07/2026,AUTO_MAN,1,4
07/11/2026,21,26.7,1,07/07/2026,AUTO_MAN,1,4
07/11/2026,22,25.6,1,07/07/2026,AUTO_MAN,1,4
07/11/2026,23,23.9,1,07/07/2026,AUTO_MAN,1,4
07/11/2026,24,23.3,1,07/07/2026,AUTO_MAN,1,4
07/12/2026,1,23.9,1,07/07/2026,AUTO_MAN,1,4
07/12/2026,2,23.3,1,07/07/2026,AUTO_MAN,1,4
07/12/2026,3,22.8,1,07/07/2026,AUTO_MAN,1,4
07/12/2026,4,22.2,1,07/07/2026,AUTO_MAN,1,4
07/12/2026,5,21.7,1,07/07/2026,AUTO_MAN,1,4
07/12/2026,6,21.1,1,07/07/2026,AUTO_MAN,1,4
07/12/2026,7,21.7,1,07/07/2026,AUTO_MAN,1,4
07/12/2026,8,23.3,1,07/07/2026,AUTO_MAN,1,4
07/12/2026,9,24.4,1,07/07/2026,AUTO_MAN,1,4
07/12/2026,10,26.1,1,07/07/2026,AUTO_MAN,1,4
07/12/2026,11,27.2,1,07/07/2026,AUTO_MAN,1,4
07/12/2026,12,28.3,1,07/07/2026,AUTO_MAN,1,4
07/12/2026,13,29.4,1,07/07/2026,AUTO_MAN,1,4
07/12/2026,14,30,1,07/07/2026,AUTO_MAN,1,4
07/12/2026,15,29.4,1,07/07/2026,AUTO_MAN,1,4
07/12/2026,16,29.4,1,07/07/2026,AUTO_MAN,1,4
07/12/2026,17,28.9,1,07/07/2026,AUTO_MAN,1,4
07/12/2026,18,28.3,1,07/07/2026,AUTO_MAN,1,4
07/12/2026,19,27.8,1,07/07/2026,AUTO_MAN,1,4
07/12/2026,20,26.7,1,07/07/2026,AUTO_MAN,1,4
07/12/2026,21,26.1,1,07/07/2026,AUTO_MAN,1,4
07/12/2026,22,25.6,1,07/07/2026,AUTO_MAN,1,4
07/12/2026,23,24.4,1,07/07/2026,AUTO_MAN,1,4
07/12/2026,24,23.9,1,07/07/2026,AUTO_MAN,1,4
07/13/2026,1,23.3,0,07/07/2026,AUTO_MAN,1,4
07/13/2026,2,22.8,0,07/07/2026,AUTO_MAN,1,4
07/13/2026,3,21.7,0,07/07/2026,AUTO_MAN,1,4
07/13/2026,4,21.7,0,07/07/2026,AUTO_MAN,1,4
07/13/2026,5,21.1,0,07/07/2026,AUTO_MAN,1,4
07/13/2026,6,20.6,0,07/07/2026,AUTO_MAN,1,4
07/13/2026,7,21.1,0,07/07/2026,AUTO_MAN,1,4
07/13/2026,8,22.2,0,07/07/2026,AUTO_MAN,1,4
07/13/2026,9,23.3,0,07/07/2026,AUTO_MAN,1,4
07/13/2026,10,24.4,0,07/07/2026,AUTO_MAN,1,4
07/13/2026,11,25.6,0,07/07/2026,AUTO_MAN,1,4
07/13/2026,12,27.2,0,07/07/2026,AUTO_MAN,1,4
07/13/2026,13,28.3,0,07/07/2026,AUTO_MAN,1,4
07/13/2026,14,29.4,0,07/07/2026,AUTO_MAN,1,4
07/13/2026,15,30,0,07/07/2026,AUTO_MAN,1,4
07/13/2026,16,30.6,0,07/07/2026,AUTO_MAN,1,4
07/13/2026,17,31.1,0,07/07/2026,AUTO_MAN,1,4
07/13/2026,18,30.6,0,07/07/2026,AUTO_MAN,1,4
07/13/2026,19,30,0,07/07/2026,AUTO_MAN,1,4
07/13/2026,20,28.9,0,07/07/2026,AUTO_MAN,1,4
07/13/2026,21,27.8,0,07/07/2026,AUTO_MAN,1,4
07/13/2026,22,26.7,0,07/07/2026,AUTO_MAN,1,4
07/13/2026,23,25.6,0,07/07/2026,AUTO_MAN,1,4
07/13/2026,24,25,0,07/07/2026,AUTO_MAN,1,4
07/14/2026,1,23.9,0,07/07/2026,AUTO_MAN,1,4
07/14/2026,2,23.3,0,07/07/2026,AUTO_MAN,1,4
07/14/2026,3,22.8,0,07/07/2026,AUTO_MAN,1,4
07/14/2026,4,22.8,0,07/07/2026,AUTO_MAN,1,4
07/14/2026,5,22.2,0,07/07/2026,AUTO_MAN,1,4
07/14/2026,6,22.8,0,07/07/2026,AUTO_MAN,1,4
07/14/2026,7,23.3,0,07/07/2026,AUTO_MAN,1,4
07/14/2026,8,24.4,0,07/07/2026,AUTO_MAN,1,4
07/14/2026,9,26.1,0,07/07/2026,AUTO_MAN,1,4
07/14/2026,10,27.8,0,07/07/2026,AUTO_MAN,1,4
07/14/2026,11,29.4,0,07/07/2026,AUTO_MAN,1,4
07/14/2026,12,30.6,0,07/07/2026,AUTO_MAN,1,4
07/14/2026,13,31.7,0,07/07/2026,AUTO_MAN,1,4
07/14/2026,14,32.2,0,07/07/2026,AUTO_MAN,1,4
07/14/2026,15,32.8,0,07/07/2026,AUTO_MAN,1,4
07/14/2026,16,33.3,0,07/07/2026,AUTO_MAN,1,4
07/14/2026,17,33.9,0,07/07/2026,AUTO_MAN,1,4
07/14/2026,18,33.3,0,07/07/2026,AUTO_MAN,1,4
07/14/2026,19,32.2,0,07/07/2026,AUTO_MAN,1,4
07/14/2026,20,31.1,0,07/07/2026,AUTO_MAN,1,4
07/14/2026,21,29.4,0,07/07/2026,AUTO_MAN,1,4
07/14/2026,22,28.3,0,07/07/2026,AUTO_MAN,1,4
07/14/2026,23,27.2,0,07/07/2026,AUTO_MAN,1,4
07/14/2026,24,26.7,0,07/07/2026,AUTO_MAN,1,4
07/15/2026,1,25.6,0,07/07/2026,AUTO_MAN,1,4
07/15/2026,2,25,0,07/07/2026,AUTO_MAN,1,4
07/15/2026,3,24.4,0,07/07/2026,AUTO_MAN,1,4
07/15/2026,4,23.9,0,07/07/2026,AUTO_MAN,1,4
07/15/2026,5,23.3,0,07/07/2026,AUTO_MAN,1,4
07/15/2026,6,23.9,0,07/07/2026,AUTO_MAN,1,4
07/15/2026,7,23.9,0,07/07/2026,AUTO_MAN,1,4
07/15/2026,8,25.6,0,07/07/2026,AUTO_MAN,1,4
07/15/2026,9,26.7,0,07/07/2026,AUTO_MAN,1,4
07/15/2026,10,28.3,0,07/07/2026,AUTO_MAN,1,4
07/15/2026,11,29.4,0,07/07/2026,AUTO_MAN,1,4
07/15/2026,12,31.1,0,07/07/2026,AUTO_MAN,1,4
07/15/2026,13,32.2,0,07/07/2026,AUTO_MAN,1,4
07/15/2026,14,33.3,0,07/07/2026,AUTO_MAN,1,4
07/15/2026,15,33.9,0,07/07/2026,AUTO_MAN,1,4
07/15/2026,16,34.4,0,07/07/2026,AUTO_MAN,1,4
07/15/2026,17,34.4,0,07/07/2026,AUTO_MAN,1,4
07/15/2026,18,33.9,0,07/07/2026,AUTO_MAN,1,4
07/15/2026,19,32.8,0,07/07/2026,AUTO_MAN,1,4
07/15/2026,20,31.7,0,07/07/2026,AUTO_MAN,1,4
07/15/2026,21,30.6,0,07/07/2026,AUTO_MAN,1,4
07/15/2026,22,29.4,0,07/07/2026,AUTO_MAN,1,4
07/15/2026,23,28.3,0,07/07/2026,AUTO_MAN,1,4
07/15/2026,24,27.8,0,07/07/2026,AUTO_MAN,1,4
07/16/2026,1,27.2,0,07/07/2026,AUTO_MAN,1,4
07/16/2026,2,26.1,0,07/07/2026,AUTO_MAN,1,4
07/16/2026,3,25.6,0,07/07/2026,AUTO_MAN,1,4
07/16/2026,4,25,0,07/07/2026,AUTO_MAN,1,4
07/16/2026,5,23.9,0,07/07/2026,AUTO_MAN,1,4
07/16/2026,6,23.9,0,07/07/2026,AUTO_MAN,1,4
07/16/2026,7,24.4,0,07/07/2026,AUTO_MAN,1,4
07/16/2026,8,25,0,07/07/2026,AUTO_MAN,1,4
07/16/2026,9,26.7,0,07/07/2026,AUTO_MAN,1,4
07/16/2026,10,28.3,0,07/07/2026,AUTO_MAN,1,4
07/16/2026,11,30,0,07/07/2026,AUTO_MAN,1,4
07/16/2026,12,31.1,0,07/07/2026,AUTO_MAN,1,4
07/16/2026,13,32.2,0,07/07/2026,AUTO_MAN,1,4
07/16/2026,14,33.3,0,07/07/2026,AUTO_MAN,1,4
07/16/2026,15,33.9,0,07/07/2026,AUTO_MAN,1,4
07/16/2026,16,33.9,0,07/07/2026,AUTO_MAN,1,4
07/16/2026,17,33.3,0,07/07/2026,AUTO_MAN,1,4
07/16/2026,18,32.8,0,07/07/2026,AUTO_MAN,1,4
07/16/2026,19,31.7,0,07/07/2026,AUTO_MAN,1,4
07/16/2026,20,30.6,0,07/07/2026,AUTO_MAN,1,4
07/16/2026,21,29.4,0,07/07/2026,AUTO_MAN,1,4
07/16/2026,22,28.3,0,07/07/2026,AUTO_MAN,1,4
07/16/2026,23,27.8,0,07/07/2026,AUTO_MAN,1,4
07/16/2026,24,27.2,0,07/07/2026,AUTO_MAN,1,4
07/17/2026,1,26.1,0,07/07/2026,AUTO_MAN,1,4
07/17/2026,2,25.6,0,07/07/2026,AUTO_MAN,1,4
07/17/2026,3,25.6,0,07/07/2026,AUTO_MAN,1,4
07/17/2026,4,25,0,07/07/2026,AUTO_MAN,1,4
07/17/2026,5,24.4,0,07/07/2026,AUTO_MAN,1,4
07/17/2026,6,24.4,0,07/07/2026,AUTO_MAN,1,4
07/17/2026,7,25,0,07/07/2026,AUTO_MAN,1,4
07/17/2026,8,25.6,0,07/07/2026,AUTO_MAN,1,4
07/17/2026,9,27.2,0,07/07/2026,AUTO_MAN,1,4
07/17/2026,10,28.9,0,07/07/2026,AUTO_MAN,1,4
07/17/2026,11,30,0,07/07/2026,AUTO_MAN,1,4
07/17/2026,12,31.1,0,07/07/2026,AUTO_MAN,1,4
07/17/2026,13,32.2,0,07/07/2026,AUTO_MAN,1,4
07/17/2026,14,32.8,0,07/07/2026,AUTO_MAN,1,4
07/17/2026,15,33.3,0,07/07/2026,AUTO_MAN,1,4
07/17/2026,16,33.3,0,07/07/2026,AUTO_MAN,1,4
07/17/2026,17,33.9,0,07/07/2026,AUTO_MAN,1,4
07/17/2026,18,33.3,0,07/07/2026,AUTO_MAN,1,4
07/17/2026,19,32.2,0,07/07/2026,AUTO_MAN,1,4
07/17/2026,20,31.1,0,07/07/2026,AUTO_MAN,1,4
07/17/2026,21,30,0,07/07/2026,AUTO_MAN,1,4
07/17/2026,22,28.9,0,07/07/2026,AUTO_MAN,1,4
07/17/2026,23,28.3,0,07/07/2026,AUTO_MAN,1,4
07/17/2026,24,27.2,0,07/07/2026,AUTO_MAN,1,4
07/18/2026,1,26.7,1,07/07/2026,AUTO_MAN,1,4
07/18/2026,2,26.1,1,07/07/2026,AUTO_MAN,1,4
07/18/2026,3,25.6,1,07/07/2026,AUTO_MAN,1,4
07/18/2026,4,25,1,07/07/2026,AUTO_MAN,1,4
07/18/2026,5,23.9,1,07/07/2026,AUTO_MAN,1,4
07/18/2026,6,23.9,1,07/07/2026,AUTO_MAN,1,4
07/18/2026,7,23.3,1,07/07/2026,AUTO_MAN,1,4
07/18/2026,8,23.9,1,07/07/2026,AUTO_MAN,1,4
07/18/2026,9,25,1,07/07/2026,AUTO_MAN,1,4
07/18/2026,10,26.7,1,07/07/2026,AUTO_MAN,1,4
07/18/2026,11,27.8,1,07/07/2026,AUTO_MAN,1,4
07/18/2026,12,28.9,1,07/07/2026,AUTO_MAN,1,4
07/18/2026,13,30,1,07/07/2026,AUTO_MAN,1,4
07/18/2026,14,31.1,1,07/07/2026,AUTO_MAN,1,4
07/18/2026,15,31.7,1,07/07/2026,AUTO_MAN,1,4
07/18/2026,16,32.2,1,07/07/2026,AUTO_MAN,1,4
07/18/2026,17,32.8,1,07/07/2026,AUTO_MAN,1,4
07/18/2026,18,32.2,1,07/07/2026,AUTO_MAN,1,4
07/18/2026,19,31.1,1,07/07/2026,AUTO_MAN,1,4
07/18/2026,20,30,1,07/07/2026,AUTO_MAN,1,4
07/18/2026,21,28.9,1,07/07/2026,AUTO_MAN,1,4
07/18/2026,22,28.3,1,07/07/2026,AUTO_MAN,1,4
07/18/2026,23,27.2,1,07/07/2026,AUTO_MAN,1,4
07/18/2026,24,26.7,1,07/07/2026,AUTO_MAN,1,4
07/19/2026,1,25.6,1,07/07/2026,AUTO_MAN,1,4
07/19/2026,2,25,1,07/07/2026,AUTO_MAN,1,4
07/19/2026,3,24.4,1,07/07/2026,AUTO_MAN,1,4
07/19/2026,4,23.3,1,07/07/2026,AUTO_MAN,1,4
07/19/2026,5,22.8,1,07/07/2026,AUTO_MAN,1,4
07/19/2026,6,22.8,1,07/07/2026,AUTO_MAN,1,4
07/19/2026,7,22.8,1,07/07/2026,AUTO_MAN,1,4
07/19/2026,8,23.9,1,07/07/2026,AUTO_MAN,1,4
07/19/2026,9,25,1,07/07/2026,AUTO_MAN,1,4
07/19/2026,10,26.7,1,07/07/2026,AUTO_MAN,1,4
07/19/2026,11,27.8,1,07/07/2026,AUTO_MAN,1,4
07/19/2026,12,28.9,1,07/07/2026,AUTO_MAN,1,4
07/19/2026,13,30,1,07/07/2026,AUTO_MAN,1,4
07/19/2026,14,31.1,1,07/07/2026,AUTO_MAN,1,4
07/19/2026,15,31.7,1,07/07/2026,AUTO_MAN,1,4
07/19/2026,16,32.2,1,07/07/2026,AUTO_MAN,1,4
07/19/2026,17,31.7,1,07/07/2026,AUTO_MAN,1,4
07/19/2026,18,31.1,1,07/07/2026,AUTO_MAN,1,4
07/19/2026,19,30,1,07/07/2026,AUTO_MAN,1,4
07/19/2026,20,28.9,1,07/07/2026,AUTO_MAN,1,4
07/19/2026,21,27.8,1,07/07/2026,AUTO_MAN,1,4
07/19/2026,22,26.7,1,07/07/2026,AUTO_MAN,1,4
07/19/2026,23,26.1,1,07/07/2026,AUTO_MAN,1,4
07/19/2026,24,25.6,1,07/07/2026,AUTO_MAN,1,4
07/20/2026,1,24.4,0,07/07/2026,AUTO_MAN,1,4
07/20/2026,2,23.9,0,07/07/2026,AUTO_MAN,1,4
07/20/2026,3,23.9,0,07/07/2026,AUTO_MAN,1,4
07/20/2026,4,23.3,0,07/07/2026,AUTO_MAN,1,4
07/20/2026,5,22.8,0,07/07/2026,AUTO_MAN,1,4
07/20/2026,6,22.8,0,07/07/2026,AUTO_MAN,1,4
07/20/2026,7,23.3,0,07/07/2026,AUTO_MAN,1,4
07/20/2026,8,24.4,0,07/07/2026,AUTO_MAN,1,4
07/20/2026,9,25.6,0,07/07/2026,AUTO_MAN,1,4
07/20/2026,10,27.2,0,07/07/2026,AUTO_MAN,1,4
07/20/2026,11,28.3,0,07/07/2026,AUTO_MAN,1,4
07/20/2026,12,28.9,0,07/07/2026,AUTO_MAN,1,4
07/20/2026,13,30.6,0,07/07/2026,AUTO_MAN,1,4
07/20/2026,14,31.1,0,07/07/2026,AUTO_MAN,1,4
07/20/2026,15,31.7,0,07/07/2026,AUTO_MAN,1,4
07/20/2026,16,32.2,0,07/07/2026,AUTO_MAN,1,4
07/20/2026,17,31.7,0,07/07/2026,AUTO_MAN,1,4
07/20/2026,18,31.1,0,07/07/2026,AUTO_MAN,1,4
07/20/2026,19,30.6,0,07/07/2026,AUTO_MAN,1,4
07/20/2026,20,29.4,0,07/07/2026,AUTO_MAN,1,4
07/20/2026,21,27.8,0,07/07/2026,AUTO_MAN,1,4
07/20/2026,22,27.2,0,07/07/2026,AUTO_MAN,1,4
07/20/2026,23,26.7,0,07/07/2026,AUTO_MAN,1,4
07/20/2026,24,25.6,0,07/07/2026,AUTO_MAN,1,4
07/21/2026,1,25,0,07/07/2026,AUTO_MAN,1,4
07/21/2026,2,24.4,0,07/07/2026,AUTO_MAN,1,4
07/21/2026,3,23.9,0,07/07/2026,AUTO_MAN,1,4
07/21/2026,4,22.8,0,07/07/2026,AUTO_MAN,1,4
07/21/2026,5,22.2,0,07/07/2026,AUTO_MAN,1,4
07/21/2026,6,21.7,0,07/07/2026,AUTO_MAN,1,4
07/21/2026,7,21.7,0,07/07/2026,AUTO_MAN,1,4
07/21/2026,8,22.2,0,07/07/2026,AUTO_MAN,1,4
07/21/2026,9,23.3,0,07/07/2026,AUTO_MAN,1,4
07/21/2026,10,24.4,0,07/07/2026,AUTO_MAN,1,4
07/21/2026,11,26.1,0,07/07/2026,AUTO_MAN,1,4
07/21/2026,12,27.2,0,07/07/2026,AUTO_MAN,1,4
07/21/2026,13,28.9,0,07/07/2026,AUTO_MAN,1,4
07/21/2026,14,29.4,0,07/07/2026,AUTO_MAN,1,4
07/21/2026,15,30,0,07/07/2026,AUTO_MAN,1,4
07/21/2026,16,30.6,0,07/07/2026,AUTO_MAN,1,4
07/21/2026,17,31.1,0,07/07/2026,AUTO_MAN,1,4
07/21/2026,18,30.6,0,07/07/2026,AUTO_MAN,1,4
07/21/2026,19,30,0,07/07/2026,AUTO_MAN,1,4
07/21/2026,20,29.4,0,07/07/2026,AUTO_MAN,1,4
07/21/2026,21,28.9,0,07/07/2026,AUTO_MAN,1,4
07/21/2026,22,28.3,0,07/07/2026,AUTO_MAN,1,4
07/21/2026,23,27.2,0,07/07/2026,AUTO_MAN,1,4
07/21/2026,24,26.7,0,07/07/2026,AUTO_MAN,1,4
06/08/2026,1,73,0,06/15/2026,AUTO_MAN,2,2
06/08/2026,2,72,0,06/15/2026,AUTO_MAN,2,2
06/08/2026,3,70,0,06/15/2026,AUTO_MAN,2,2
06/08/2026,4,69,0,06/15/2026,AUTO_MAN,2,2
06/08/2026,5,68,0,06/15/2026,AUTO_MAN,2,2
06/08/2026,6,69,0,06/15/2026,AUTO_MAN,2,2
06/08/2026,7,71,0,06/15/2026,AUTO_MAN,2,2
06/08/2026,8,70,0,06/15/2026,AUTO_MAN,2,2
06/08/2026,9,71,0,06/15/2026,AUTO_MAN,2,2
06/08/2026,10,70,0,06/15/2026,AUTO_MAN,2,2
06/08/2026,11,70,0,06/15/2026,AUTO_MAN,2,2
06/08/2026,12,73,0,06/15/2026,AUTO_MAN,2,2
06/08/2026,13,75,0,06/15/2026,AUTO_MAN,2,2
06/08/2026,14,76,0,06/15/2026,AUTO_MAN,2,2
06/08/2026,15,76,0,06/15/2026,AUTO_MAN,2,2
06/08/2026,16,76,0,06/15/2026,AUTO_MAN,2,2
06/08/2026,17,74,0,06/15/2026,AUTO_MAN,2,2
06/08/2026,18,75,0,06/15/2026,AUTO_MAN,2,2
06/08/2026,19,73,0,06/15/2026,AUTO_MAN,2,2
06/08/2026,20,72,0,06/15/2026,AUTO_MAN,2,2
06/08/2026,21,68,0,06/15/2026,AUTO_MAN,2,2
06/08/2026,22,66,0,06/15/2026,AUTO_MAN,2,2
06/08/2026,23,63,0,06/15/2026,AUTO_MAN,2,2
06/08/2026,24,62,0,06/15/2026,AUTO_MAN,2,2
06/09/2026,1,61,0,06/16/2026,AUTO_MAN,2,2
06/09/2026,2,63,0,06/16/2026,AUTO_MAN,2,2
06/09/2026,3,62,0,06/16/2026,AUTO_MAN,2,2
06/09/2026,4,62,0,06/16/2026,AUTO_MAN,2,2
06/09/2026,5,62,0,06/16/2026,AUTO_MAN,2,2
06/09/2026,6,63,0,06/16/2026,AUTO_MAN,2,2
06/09/2026,7,63,0,06/16/2026,AUTO_MAN,2,2
06/09/2026,8,65,0,06/16/2026,AUTO_MAN,2,2
06/09/2026,9,70,0,06/16/2026,AUTO_MAN,2,2
06/09/2026,10,73,0,06/16/2026,AUTO_MAN,2,2
06/09/2026,11,76,0,06/16/2026,AUTO_MAN,2,2
06/09/2026,12,78,0,06/16/2026,AUTO_MAN,2,2
06/09/2026,13,79,0,06/16/2026,AUTO_MAN,2,2
06/09/2026,14,81,0,06/16/2026,AUTO_MAN,2,2
06/09/2026,15,82,0,06/16/2026,AUTO_MAN,2,2
06/09/2026,16,83,0,06/16/2026,AUTO_MAN,2,2
06/09/2026,17,80,0,06/16/2026,AUTO_MAN,2,2
06/09/2026,18,76,0,06/16/2026,AUTO_MAN,2,2
06/09/2026,19,74,0,06/16/2026,AUTO_MAN,2,2
06/09/2026,20,73,0,06/16/2026,AUTO_MAN,2,2
06/09/2026,21,72,0,06/16/2026,AUTO_MAN,2,2
06/09/2026,22,71,0,06/16/2026,AUTO_MAN,2,2
06/09/2026,23,71,0,06/16/2026,AUTO_MAN,2,2
06/09/2026,24,71,0,06/16/2026,AUTO_MAN,2,2
06/10/2026,1,72,0,06/17/2026,AUTO_MAN,2,2
06/10/2026,2,71,0,06/17/2026,AUTO_MAN,2,2
06/10/2026,3,70,0,06/17/2026,AUTO_MAN,2,2
06/10/2026,4,69,0,06/17/2026,AUTO_MAN,2,2
06/10/2026,5,69,0,06/17/2026,AUTO_MAN,2,2
06/10/2026,6,70,0,06/17/2026,AUTO_MAN,2,2
06/10/2026,7,72,0,06/17/2026,AUTO_MAN,2,2
06/10/2026,8,71,0,06/17/2026,AUTO_MAN,2,2
06/10/2026,9,73,0,06/17/2026,AUTO_MAN,2,2
06/10/2026,10,77,0,06/17/2026,AUTO_MAN,2,2
06/10/2026,11,81,0,06/17/2026,AUTO_MAN,2,2
06/10/2026,12,85,0,06/17/2026,AUTO_MAN,2,2
06/10/2026,13,88,0,06/17/2026,AUTO_MAN,2,2
06/10/2026,14,88,0,06/17/2026,AUTO_MAN,2,2
06/10/2026,15,86,0,06/17/2026,AUTO_MAN,2,2
06/10/2026,16,73,0,06/17/2026,AUTO_MAN,2,2
06/10/2026,17,74,0,06/17/2026,AUTO_MAN,2,2
06/10/2026,18,77,0,06/17/2026,AUTO_MAN,2,2
06/10/2026,19,77,0,06/17/2026,AUTO_MAN,2,2
06/10/2026,20,75,0,06/17/2026,AUTO_MAN,2,2
06/10/2026,21,75,0,06/17/2026,AUTO_MAN,2,2
06/10/2026,22,75,0,06/17/2026,AUTO_MAN,2,2
06/10/2026,23,74,0,06/17/2026,AUTO_MAN,2,2
06/10/2026,24,74,0,06/17/2026,AUTO_MAN,2,2
06/11/2026,1,74,0,06/18/2026,AUTO_MAN,2,2
06/11/2026,2,74,0,06/18/2026,AUTO_MAN,2,2
06/11/2026,3,73,0,06/18/2026,AUTO_MAN,2,2
06/11/2026,4,73,0,06/18/2026,AUTO_MAN,2,2
06/11/2026,5,74,0,06/18/2026,AUTO_MAN,2,2
06/11/2026,6,75,0,06/18/2026,AUTO_MAN,2,2
06/11/2026,7,78,0,06/18/2026,AUTO_MAN,2,2
06/11/2026,8,83,0,06/18/2026,AUTO_MAN,2,2
06/11/2026,9,87,0,06/18/2026,AUTO_MAN,2,2
06/11/2026,10,89,0,06/18/2026,AUTO_MAN,2,2
06/11/2026,11,90,0,06/18/2026,AUTO_MAN,2,2
06/11/2026,12,93,0,06/18/2026,AUTO_MAN,2,2
06/11/2026,13,94,0,06/18/2026,AUTO_MAN,2,2
06/11/2026,14,93,0,06/18/2026,AUTO_MAN,2,2
06/11/2026,15,96,0,06/18/2026,AUTO_MAN,2,2
06/11/2026,16,96,0,06/18/2026,AUTO_MAN,2,2
06/11/2026,17,95,0,06/18/2026,AUTO_MAN,2,2
06/11/2026,18,94,0,06/18/2026,AUTO_MAN,2,2
06/11/2026,19,92,0,06/18/2026,AUTO_MAN,2,2
06/11/2026,20,77,0,06/18/2026,AUTO_MAN,2,2
06/11/2026,21,74,0,06/18/2026,AUTO_MAN,2,2
06/11/2026,22,74,0,06/18/2026,AUTO_MAN,2,2
06/11/2026,23,75,0,06/18/2026,AUTO_MAN,2,2
06/11/2026,24,72,0,06/18/2026,AUTO_MAN,2,2
06/12/2026,1,72,0,06/19/2026,AUTO_MAN,2,2
06/12/2026,2,71,0,06/19/2026,AUTO_MAN,2,2
06/12/2026,3,70,0,06/19/2026,AUTO_MAN,2,2
06/12/2026,4,70,0,06/19/2026,AUTO_MAN,2,2
06/12/2026,5,70,0,06/19/2026,AUTO_MAN,2,2
06/12/2026,6,73,0,06/19/2026,AUTO_MAN,2,2
06/12/2026,7,77,0,06/19/2026,AUTO_MAN,2,2
06/12/2026,8,82,0,06/19/2026,AUTO_MAN,2,2
06/12/2026,9,85,0,06/19/2026,AUTO_MAN,2,2
06/12/2026,10,89,0,06/19/2026,AUTO_MAN,2,2
06/12/2026,11,92,0,06/19/2026,AUTO_MAN,2,2
06/12/2026,12,93,0,06/19/2026,AUTO_MAN,2,2
06/12/2026,13,96,0,06/19/2026,AUTO_MAN,2,2
06/12/2026,14,96,0,06/19/2026,AUTO_MAN,2,2
06/12/2026,15,94,0,06/19/2026,AUTO_MAN,2,2
06/12/2026,16,96,0,06/19/2026,AUTO_MAN,2,2
06/12/2026,17,93,0,06/19/2026,AUTO_MAN,2,2
06/12/2026,18,90,0,06/19/2026,AUTO_MAN,2,2
06/12/2026,19,87,0,06/19/2026,AUTO_MAN,2,2
06/12/2026,20,85,0,06/19/2026,AUTO_MAN,2,2
06/12/2026,21,79,0,06/19/2026,AUTO_MAN,2,2
06/12/2026,22,78,0,06/19/2026,AUTO_MAN,2,2
06/12/2026,23,77,0,06/19/2026,AUTO_MAN,2,2
06/12/2026,24,76,0,06/19/2026,AUTO_MAN,2,2
06/13/2026,1,75,1,06/20/2026,AUTO_MAN,2,2
06/13/2026,2,72,1,06/20/2026,AUTO_MAN,2,2
06/13/2026,3,72,1,06/20/2026,AUTO_MAN,2,2
06/13/2026,4,71,1,06/20/2026,AUTO_MAN,2,2
06/13/2026,5,69,1,06/20/2026,AUTO_MAN,2,2
06/13/2026,6,72,1,06/20/2026,AUTO_MAN,2,2
06/13/2026,7,76,1,06/20/2026,AUTO_MAN,2,2
06/13/2026,8,80,1,06/20/2026,AUTO_MAN,2,2
06/13/2026,9,81,1,06/20/2026,AUTO_MAN,2,2
06/13/2026,10,83,1,06/20/2026,AUTO_MAN,2,2
06/13/2026,11,84,1,06/20/2026,AUTO_MAN,2,2
06/13/2026,12,86,1,06/20/2026,AUTO_MAN,2,2
06/13/2026,13,86,1,06/20/2026,AUTO_MAN,2,2
06/13/2026,14,87,1,06/20/2026,AUTO_MAN,2,2
06/13/2026,15,88,1,06/20/2026,AUTO_MAN,2,2
06/13/2026,16,87,1,06/20/2026,AUTO_MAN,2,2
06/13/2026,17,88,1,06/20/2026,AUTO_MAN,2,2
06/13/2026,18,86,1,06/20/2026,AUTO_MAN,2,2
06/13/2026,19,84,1,06/20/2026,AUTO_MAN,2,2
06/13/2026,20,82,1,06/20/2026,AUTO_MAN,2,2
06/13/2026,21,78,1,06/20/2026,AUTO_MAN,2,2
06/13/2026,22,77,1,06/20/2026,AUTO_MAN,2,2
06/13/2026,23,76,1,06/20/2026,AUTO_MAN,2,2
06/13/2026,24,73,1,06/20/2026,AUTO_MAN,2,2
06/14/2026,1,70,1,06/21/2026,AUTO_MAN,2,2
06/14/2026,2,72,1,06/21/2026,AUTO_MAN,2,2
06/14/2026,3,72,1,06/21/2026,AUTO_MAN,2,2
06/14/2026,4,70,1,06/21/2026,AUTO_MAN,2,2
06/14/2026,5,69,1,06/21/2026,AUTO_MAN,2,2
06/14/2026,6,69,1,06/21/2026,AUTO_MAN,2,2
06/14/2026,7,73,1,06/21/2026,AUTO_MAN,2,2
06/14/2026,8,77,1,06/21/2026,AUTO_MAN,2,2
06/14/2026,9,82,1,06/21/2026,AUTO_MAN,2,2
06/14/2026,10,86,1,06/21/2026,AUTO_MAN,2,2
06/14/2026,11,89,1,06/21/2026,AUTO_MAN,2,2
06/14/2026,12,89,1,06/21/2026,AUTO_MAN,2,2
06/14/2026,13,91,1,06/21/2026,AUTO_MAN,2,2
06/14/2026,14,90,1,06/21/2026,AUTO_MAN,2,2
06/14/2026,15,89,1,06/21/2026,AUTO_MAN,2,2
06/14/2026,16,89,1,06/21/2026,AUTO_MAN,2,2
06/14/2026,17,88,1,06/21/2026,AUTO_MAN,2,2
06/14/2026,18,86,1,06/21/2026,AUTO_MAN,2,2
06/14/2026,19,84,1,06/21/2026,AUTO_MAN,2,2
06/14/2026,20,79,1,06/21/2026,AUTO_MAN,2,2
06/14/2026,21,75,1,06/21/2026,AUTO_MAN,2,2
06/14/2026,22,75,1,06/21/2026,AUTO_MAN,2,2
06/14/2026,23,74,1,06/21/2026,AUTO_MAN,2,2
06/14/2026,24,73,1,06/21/2026,AUTO_MAN,2,2
06/15/2026,1,72,0,06/22/2026,AUTO_MAN,2,2
06/15/2026,2,71,0,06/22/2026,AUTO_MAN,2,2
06/15/2026,3,70,0,06/22/2026,AUTO_MAN,2,2
06/15/2026,4,67,0,06/22/2026,AUTO_MAN,2,2
06/15/2026,5,66,0,06/22/2026,AUTO_MAN,2,2
06/15/2026,6,67,0,06/22/2026,AUTO_MAN,2,2
06/15/2026,7,69,0,06/22/2026,AUTO_MAN,2,2
06/15/2026,8,71,0,06/22/2026,AUTO_MAN,2,2
06/15/2026,9,74,0,06/22/2026,AUTO_MAN,2,2
06/15/2026,10,74,0,06/22/2026,AUTO_MAN,2,2
06/15/2026,11,76,0,06/22/2026,AUTO_MAN,2,2
06/15/2026,12,77,0,06/22/2026,AUTO_MAN,2,2
06/15/2026,13,75,0,06/22/2026,AUTO_MAN,2,2
06/15/2026,14,75,0,06/22/2026,AUTO_MAN,2,2
06/15/2026,15,77,0,06/22/2026,AUTO_MAN,2,2
06/15/2026,16,76,0,06/22/2026,AUTO_MAN,2,2
06/15/2026,17,78,0,06/22/2026,AUTO_MAN,2,2
06/15/2026,18,75,0,06/22/2026,AUTO_MAN,2,2
06/15/2026,19,73,0,06/22/2026,AUTO_MAN,2,2
06/15/2026,20,69,0,06/22/2026,AUTO_MAN,2,2
06/15/2026,21,66,0,06/22/2026,AUTO_MAN,2,2
06/15/2026,22,64,0,06/22/2026,AUTO_MAN,2,2
06/15/2026,23,64,0,06/22/2026,AUTO_MAN,2,2
06/15/2026,24,61,0,06/22/2026,AUTO_MAN,2,2
06/16/2026,1,60,0,06/23/2026,AUTO_MAN,2,2
06/16/2026,2,60,0,06/23/2026,AUTO_MAN,2,2
06/16/2026,3,59,0,06/23/2026,AUTO_MAN,2,2
06/16/2026,4,57,0,06/23/2026,AUTO_MAN,2,2
06/16/2026,5,56,0,06/23/2026,AUTO_MAN,2,2
06/16/2026,6,59,0,06/23/2026,AUTO_MAN,2,2
06/16/2026,7,63,0,06/23/2026,AUTO_MAN,2,2
06/16/2026,8,67,0,06/23/2026,AUTO_MAN,2,2
06/16/2026,9,69,0,06/23/2026,AUTO_MAN,2,2
06/16/2026,10,70,0,06/23/2026,AUTO_MAN,2,2
06/16/2026,11,72,0,06/23/2026,AUTO_MAN,2,2
06/16/2026,12,74,0,06/23/2026,AUTO_MAN,2,2
06/16/2026,13,75,0,06/23/2026,AUTO_MAN,2,2
06/16/2026,14,77,0,06/23/2026,AUTO_MAN,2,2
06/16/2026,15,78,0,06/23/2026,AUTO_MAN,2,2
06/16/2026,16,76,0,06/23/2026,AUTO_MAN,2,2
06/16/2026,17,76,0,06/23/2026,AUTO_MAN,2,2
06/16/2026,18,75,0,06/23/2026,AUTO_MAN,2,2
06/16/2026,19,73,0,06/23/2026,AUTO_MAN,2,2
06/16/2026,20,70,0,06/23/2026,AUTO_MAN,2,2
06/16/2026,21,70,0,06/23/2026,AUTO_MAN,2,2
06/16/2026,22,69,0,06/23/2026,AUTO_MAN,2,2
06/16/2026,23,68,0,06/23/2026,AUTO_MAN,2,2
06/16/2026,24,67,0,06/23/2026,AUTO_MAN,2,2
06/17/2026,1,64,0,06/24/2026,AUTO_MAN,2,2
06/17/2026,2,64,0,06/24/2026,AUTO_MAN,2,2
06/17/2026,3,63,0,06/24/2026,AUTO_MAN,2,2
06/17/2026,4,63,0,06/24/2026,AUTO_MAN,2,2
06/17/2026,5,63,0,06/24/2026,AUTO_MAN,2,2
06/17/2026,6,63,0,06/24/2026,AUTO_MAN,2,2
06/17/2026,7,70,0,06/24/2026,AUTO_MAN,2,2
06/17/2026,8,74,0,06/24/2026,AUTO_MAN,2,2
06/17/2026,9,77,0,06/24/2026,AUTO_MAN,2,2
06/17/2026,10,80,0,06/24/2026,AUTO_MAN,2,2
06/17/2026,11,82,0,06/24/2026,AUTO_MAN,2,2
06/17/2026,12,83,0,06/24/2026,AUTO_MAN,2,2
06/17/2026,13,82,0,06/24/2026,AUTO_MAN,2,2
06/17/2026,14,84,0,06/24/2026,AUTO_MAN,2,2
06/17/2026,15,82,0,06/24/2026,AUTO_MAN,2,2
06/17/2026,16,84,0,06/24/2026,AUTO_MAN,2,2
06/17/2026,17,82,0,06/24/2026,AUTO_MAN,2,2
06/17/2026,18,80,0,06/24/2026,AUTO_MAN,2,2
06/17/2026,19,79,0,06/24/2026,AUTO_MAN,2,2
06/17/2026,20,77,0,06/24/2026,AUTO_MAN,2,2
06/17/2026,21,75,0,06/24/2026,AUTO_MAN,2,2
06/17/2026,22,75,0,06/24/2026,AUTO_MAN,2,2
06/17/2026,23,76,0,06/24/2026,AUTO_MAN,2,2
06/17/2026,24,75,0,06/24/2026,AUTO_MAN,2,2
06/18/2026,1,75,0,06/25/2026,AUTO_MAN,2,2
06/18/2026,2,75,0,06/25/2026,AUTO_MAN,2,2
06/18/2026,3,74,0,06/25/2026,AUTO_MAN,2,2
06/18/2026,4,74,0,06/25/2026,AUTO_MAN,2,2
06/18/2026,5,74,0,06/25/2026,AUTO_MAN,2,2
06/18/2026,6,75,0,06/25/2026,AUTO_MAN,2,2
06/18/2026,7,74,0,06/25/2026,AUTO_MAN,2,2
06/18/2026,8,74,0,06/25/2026,AUTO_MAN,2,2
06/18/2026,9,76,0,06/25/2026,AUTO_MAN,2,2
06/18/2026,10,79,0,06/25/2026,AUTO_MAN,2,2
06/18/2026,11,81,0,06/25/2026,AUTO_MAN,2,2
06/18/2026,12,86,0,06/25/2026,AUTO_MAN,2,2
06/18/2026,13,89,0,06/25/2026,AUTO_MAN,2,2
06/18/2026,14,88,0,06/25/2026,AUTO_MAN,2,2
06/18/2026,15,88,0,06/25/2026,AUTO_MAN,2,2
06/18/2026,16,86,0,06/25/2026,AUTO_MAN,2,2
06/18/2026,17,87,0,06/25/2026,AUTO_MAN,2,2
06/18/2026,18,85,0,06/25/2026,AUTO_MAN,2,2
06/18/2026,19,83,0,06/25/2026,AUTO_MAN,2,2
06/18/2026,20,81,0,06/25/2026,AUTO_MAN,2,2
06/18/2026,21,79,0,06/25/2026,AUTO_MAN,2,2
06/18/2026,22,72,0,06/25/2026,AUTO_MAN,2,2
06/18/2026,23,74,0,06/25/2026,AUTO_MAN,2,2
06/18/2026,24,78,0,06/25/2026,AUTO_MAN,2,2
06/19/2026,1,77,0,06/26/2026,AUTO_MAN,2,2
06/19/2026,2,75,0,06/26/2026,AUTO_MAN,2,2
06/19/2026,3,76,0,06/26/2026,AUTO_MAN,2,2
06/19/2026,4,76,0,06/26/2026,AUTO_MAN,2,2
06/19/2026,5,75,0,06/26/2026,AUTO_MAN,2,2
06/19/2026,6,74,0,06/26/2026,AUTO_MAN,2,2
06/19/2026,7,73,0,06/26/2026,AUTO_MAN,2,2
06/19/2026,8,73,0,06/26/2026,AUTO_MAN,2,2
06/19/2026,9,74,0,06/26/2026,AUTO_MAN,2,2
06/19/2026,10,76,0,06/26/2026,AUTO_MAN,2,2
06/19/2026,11,78,0,06/26/2026,AUTO_MAN,2,2
06/19/2026,12,78,0,06/26/2026,AUTO_MAN,2,2
06/19/2026,13,81,0,06/26/2026,AUTO_MAN,2,2
06/19/2026,14,83,0,06/26/2026,AUTO_MAN,2,2
06/19/2026,15,83,0,06/26/2026,AUTO_MAN,2,2
06/19/2026,16,83,0,06/26/2026,AUTO_MAN,2,2
06/19/2026,17,83,0,06/26/2026,AUTO_MAN,2,2
06/19/2026,18,81,0,06/26/2026,AUTO_MAN,2,2
06/19/2026,19,79,0,06/26/2026,AUTO_MAN,2,2
06/19/2026,20,75,0,06/26/2026,AUTO_MAN,2,2
06/19/2026,21,74,0,06/26/2026,AUTO_MAN,2,2
06/19/2026,22,71,0,06/26/2026,AUTO_MAN,2,2
06/19/2026,23,68,0,06/26/2026,AUTO_MAN,2,2
06/19/2026,24,66,0,06/26/2026,AUTO_MAN,2,2
06/20/2026,1,67,1,06/27/2026,AUTO_MAN,2,2
06/20/2026,2,66,1,06/27/2026,AUTO_MAN,2,2
06/20/2026,3,63,1,06/27/2026,AUTO_MAN,2,2
06/20/2026,4,62,1,06/27/2026,AUTO_MAN,2,2
06/20/2026,5,65,1,06/27/2026,AUTO_MAN,2,2
06/20/2026,6,68,1,06/27/2026,AUTO_MAN,2,2
06/20/2026,7,73,1,06/27/2026,AUTO_MAN,2,2
06/20/2026,8,76,1,06/27/2026,AUTO_MAN,2,2
06/20/2026,9,77,1,06/27/2026,AUTO_MAN,2,2
06/20/2026,10,80,1,06/27/2026,AUTO_MAN,2,2
06/20/2026,11,81,1,06/27/2026,AUTO_MAN,2,2
06/20/2026,12,83,1,06/27/2026,AUTO_MAN,2,2
06/20/2026,13,85,1,06/27/2026,AUTO_MAN,2,2
06/20/2026,14,85,1,06/27/2026,AUTO_MAN,2,2
06/20/2026,15,84,1,06/27/2026,AUTO_MAN,2,2
06/20/2026,16,86,1,06/27/2026,AUTO_MAN,2,2
06/20/2026,17,86,1,06/27/2026,AUTO_MAN,2,2
06/20/2026,18,84,1,06/27/2026,AUTO_MAN,2,2
06/20/2026,19,81,1,06/27/2026,AUTO_MAN,2,2
06/20/2026,20,78,1,06/27/2026,AUTO_MAN,2,2
06/20/2026,21,72,1,06/27/2026,AUTO_MAN,2,2
06/20/2026,22,72,1,06/27/2026,AUTO_MAN,2,2
06/20/2026,23,72,1,06/27/2026,AUTO_MAN,2,2
06/20/2026,24,68,1,06/27/2026,AUTO_MAN,2,2
06/21/2026,1,69,1,06/28/2026,AUTO_MAN,2,2
06/21/2026,2,70,1,06/28/2026,AUTO_MAN,2,2
06/21/2026,3,65,1,06/28/2026,AUTO_MAN,2,2
06/21/2026,4,66,1,06/28/2026,AUTO_MAN,2,2
06/21/2026,5,65,1,06/28/2026,AUTO_MAN,2,2
06/21/2026,6,67,1,06/28/2026,AUTO_MAN,2,2
06/21/2026,7,73,1,06/28/2026,AUTO_MAN,2,2
06/21/2026,8,77,1,06/28/2026,AUTO_MAN,2,2
06/21/2026,9,80,1,06/28/2026,AUTO_MAN,2,2
06/21/2026,10,82,1,06/28/2026,AUTO_MAN,2,2
06/21/2026,11,84,1,06/28/2026,AUTO_MAN,2,2
06/21/2026,12,82,1,06/28/2026,AUTO_MAN,2,2
06/21/2026,13,84,1,06/28/2026,AUTO_MAN,2,2
06/21/2026,14,84,1,06/28/2026,AUTO_MAN,2,2
06/21/2026,15,84,1,06/28/2026,AUTO_MAN,2,2
06/21/2026,16,85,1,06/28/2026,AUTO_MAN,2,2
06/21/2026,17,84,1,06/28/2026,AUTO_MAN,2,2
06/21/2026,18,84,1,06/28/2026,AUTO_MAN,2,2
06/21/2026,19,81,1,06/28/2026,AUTO_MAN,2,2
06/21/2026,20,78,1,06/28/2026,AUTO_MAN,2,2
06/21/2026,21,70,1,06/28/2026,AUTO_MAN,2,2
06/21/2026,22,70,1,06/28/2026,AUTO_MAN,2,2
06/21/2026,23,69,1,06/28/2026,AUTO_MAN,2,2
06/21/2026,24,69,1,06/28/2026,AUTO_MAN,2,2
06/22/2026,1,67,0,06/29/2026,AUTO_MAN,2,2
06/22/2026,2,67,0,06/29/2026,AUTO_MAN,2,2
06/22/2026,3,68,0,06/29/2026,AUTO_MAN,2,2
06/22/2026,4,68,0,06/29/2026,AUTO_MAN,2,2
06/22/2026,5,70,0,06/29/2026,AUTO_MAN,2,2
06/22/2026,6,73,0,06/29/2026,AUTO_MAN,2,2
06/22/2026,7,75,0,06/29/2026,AUTO_MAN,2,2
06/22/2026,8,78,0,06/29/2026,AUTO_MAN,2,2
06/22/2026,9,82,0,06/29/2026,AUTO_MAN,2,2
06/22/2026,10,84,0,06/29/2026,AUTO_MAN,2,2
06/22/2026,11,89,0,06/29/2026,AUTO_MAN,2,2
06/22/2026,12,90,0,06/29/2026,AUTO_MAN,2,2
06/22/2026,13,90,0,06/29/2026,AUTO_MAN,2,2
06/22/2026,14,92,0,06/29/2026,AUTO_MAN,2,2
06/22/2026,15,90,0,06/29/2026,AUTO_MAN,2,2
06/22/2026,16,87,0,06/29/2026,AUTO_MAN,2,2
06/22/2026,17,79,0,06/29/2026,AUTO_MAN,2,2
06/22/2026,18,77,0,06/29/2026,AUTO_MAN,2,2
06/22/2026,19,74,0,06/29/2026,AUTO_MAN,2,2
06/22/2026,20,73,0,06/29/2026,AUTO_MAN,2,2
06/22/2026,21,73,0,06/29/2026,AUTO_MAN,2,2
06/22/2026,22,72,0,06/29/2026,AUTO_MAN,2,2
06/22/2026,23,72,0,06/29/2026,AUTO_MAN,2,2
06/22/2026,24,71,0,06/29/2026,AUTO_MAN,2,2
06/23/2026,1,71,0,06/30/2026,AUTO_MAN,2,2
06/23/2026,2,71,0,06/30/2026,AUTO_MAN,2,2
06/23/2026,3,71,0,06/30/2026,AUTO_MAN,2,2
06/23/2026,4,70,0,06/30/2026,AUTO_MAN,2,2
06/23/2026,5,70,0,06/30/2026,AUTO_MAN,2,2
06/23/2026,6,71,0,06/30/2026,AUTO_MAN,2,2
06/23/2026,7,72,0,06/30/2026,AUTO_MAN,2,2
06/23/2026,8,72,0,06/30/2026,AUTO_MAN,2,2
06/23/2026,9,72,0,06/30/2026,AUTO_MAN,2,2
06/23/2026,10,70,0,06/30/2026,AUTO_MAN,2,2
06/23/2026,11,68,0,06/30/2026,AUTO_MAN,2,2
06/23/2026,12,67,0,06/30/2026,AUTO_MAN,2,2
06/23/2026,13,66,0,06/30/2026,AUTO_MAN,2,2
06/23/2026,14,67,0,06/30/2026,AUTO_MAN,2,2
06/23/2026,15,68,0,06/30/2026,AUTO_MAN,2,2
06/23/2026,16,71,0,06/30/2026,AUTO_MAN,2,2
06/23/2026,17,73,0,06/30/2026,AUTO_MAN,2,2
06/23/2026,18,74,0,06/30/2026,AUTO_MAN,2,2
06/23/2026,19,73,0,06/30/2026,AUTO_MAN,2,2
06/23/2026,20,68,0,06/30/2026,AUTO_MAN,2,2
06/23/2026,21,65,0,06/30/2026,AUTO_MAN,2,2
06/23/2026,22,64,0,06/30/2026,AUTO_MAN,2,2
06/23/2026,23,64,0,06/30/2026,AUTO_MAN,2,2
06/23/2026,24,63,0,06/30/2026,AUTO_MAN,2,2
06/24/2026,1,64,0,07/01/2026,AUTO_MAN,2,2
06/24/2026,2,64,0,07/01/2026,AUTO_MAN,2,2
06/24/2026,3,63,0,07/01/2026,AUTO_MAN,2,2
06/24/2026,4,61,0,07/01/2026,AUTO_MAN,2,2
06/24/2026,5,61,0,07/01/2026,AUTO_MAN,2,2
06/24/2026,6,64,0,07/01/2026,AUTO_MAN,2,2
06/24/2026,7,68,0,07/01/2026,AUTO_MAN,2,2
06/24/2026,8,72,0,07/01/2026,AUTO_MAN,2,2
06/24/2026,9,74,0,07/01/2026,AUTO_MAN,2,2
06/24/2026,10,77,0,07/01/2026,AUTO_MAN,2,2
06/24/2026,11,78,0,07/01/2026,AUTO_MAN,2,2
06/24/2026,12,81,0,07/01/2026,AUTO_MAN,2,2
06/24/2026,13,80,0,07/01/2026,AUTO_MAN,2,2
06/24/2026,14,81,0,07/01/2026,AUTO_MAN,2,2
06/24/2026,15,82,0,07/01/2026,AUTO_MAN,2,2
06/24/2026,16,82,0,07/01/2026,AUTO_MAN,2,2
06/24/2026,17,82,0,07/01/2026,AUTO_MAN,2,2
06/24/2026,18,82,0,07/01/2026,AUTO_MAN,2,2
06/24/2026,19,79,0,07/01/2026,AUTO_MAN,2,2
06/24/2026,20,75,0,07/01/2026,AUTO_MAN,2,2
06/24/2026,21,69,0,07/01/2026,AUTO_MAN,2,2
06/24/2026,22,65,0,07/01/2026,AUTO_MAN,2,2
06/24/2026,23,67,0,07/01/2026,AUTO_MAN,2,2
06/24/2026,24,66,0,07/01/2026,AUTO_MAN,2,2
06/25/2026,1,63,0,07/02/2026,AUTO_MAN,2,2
06/25/2026,2,62,0,07/02/2026,AUTO_MAN,2,2
06/25/2026,3,63,0,07/02/2026,AUTO_MAN,2,2
06/25/2026,4,59,0,07/02/2026,AUTO_MAN,2,2
06/25/2026,5,61,0,07/02/2026,AUTO_MAN,2,2
06/25/2026,6,64,0,07/02/2026,AUTO_MAN,2,2
06/25/2026,7,69,0,07/02/2026,AUTO_MAN,2,2
06/25/2026,8,73,0,07/02/2026,AUTO_MAN,2,2
06/25/2026,9,77,0,07/02/2026,AUTO_MAN,2,2
06/25/2026,10,80,0,07/02/2026,AUTO_MAN,2,2
06/25/2026,11,82,0,07/02/2026,AUTO_MAN,2,2
06/25/2026,12,84,0,07/02/2026,AUTO_MAN,2,2
06/25/2026,13,83,0,07/02/2026,AUTO_MAN,2,2
06/25/2026,14,84,0,07/02/2026,AUTO_MAN,2,2
06/25/2026,15,83,0,07/02/2026,AUTO_MAN,2,2
06/25/2026,16,82,0,07/02/2026,AUTO_MAN,2,2
06/25/2026,17,84,0,07/02/2026,AUTO_MAN,2,2
06/25/2026,18,82,0,07/02/2026,AUTO_MAN,2,2
06/25/2026,19,80,0,07/02/2026,AUTO_MAN,2,2
06/25/2026,20,78,0,07/02/2026,AUTO_MAN,2,2
06/25/2026,21,76,0,07/02/2026,AUTO_MAN,2,2
06/25/2026,22,75,0,07/02/2026,AUTO_MAN,2,2
06/25/2026,23,76,0,07/02/2026,AUTO_MAN,2,2
06/25/2026,24,75,0,07/02/2026,AUTO_MAN,2,2
06/26/2026,1,74,0,07/03/2026,AUTO_MAN,2,2
06/26/2026,2,74,0,07/03/2026,AUTO_MAN,2,2
06/26/2026,3,73,0,07/03/2026,AUTO_MAN,2,2
06/26/2026,4,72,0,07/03/2026,AUTO_MAN,2,2
06/26/2026,5,71,0,07/03/2026,AUTO_MAN,2,2
06/26/2026,6,72,0,07/03/2026,AUTO_MAN,2,2
06/26/2026,7,74,0,07/03/2026,AUTO_MAN,2,2
06/26/2026,8,76,0,07/03/2026,AUTO_MAN,2,2
06/26/2026,9,79,0,07/03/2026,AUTO_MAN,2,2
06/26/2026,10,81,0,07/03/2026,AUTO_MAN,2,2
06/26/2026,11,83,0,07/03/2026,AUTO_MAN,2,2
06/26/2026,12,85,0,07/03/2026,AUTO_MAN,2,2
06/26/2026,13,86,0,07/03/2026,AUTO_MAN,2,2
06/26/2026,14,86,0,07/03/2026,AUTO_MAN,2,2
06/26/2026,15,88,0,07/03/2026,AUTO_MAN,2,2
06/26/2026,16,85,0,07/03/2026,AUTO_MAN,2,2
06/26/2026,17,82,0,07/03/2026,AUTO_MAN,2,2
06/26/2026,18,82,0,07/03/2026,AUTO_MAN,2,2
06/26/2026,19,81,0,07/03/2026,AUTO_MAN,2,2
06/26/2026,20,80,0,07/03/2026,AUTO_MAN,2,2
06/26/2026,21,80,0,07/03/2026,AUTO_MAN,2,2
06/26/2026,22,78,0,07/03/2026,AUTO_MAN,2,2
06/26/2026,23,75,0,07/03/2026,AUTO_MAN,2,2
06/26/2026,24,76,0,07/03/2026,AUTO_MAN,2,2
06/27/2026,1,75,1,07/04/2026,AUTO_MAN,2,2
06/27/2026,2,73,1,07/04/2026,AUTO_MAN,2,2
06/27/2026,3,74,1,07/04/2026,AUTO_MAN,2,2
06/27/2026,4,74,1,07/04/2026,AUTO_MAN,2,2
06/27/2026,5,73,1,07/04/2026,AUTO_MAN,2,2
06/27/2026,6,73,1,07/04/2026,AUTO_MAN,2,2
06/27/2026,7,74,1,07/04/2026,AUTO_MAN,2,2
06/27/2026,8,76,1,07/04/2026,AUTO_MAN,2,2
06/27/2026,9,75,1,07/04/2026,AUTO_MAN,2,2
06/27/2026,10,77,1,07/04/2026,AUTO_MAN,2,2
06/27/2026,11,78,1,07/04/2026,AUTO_MAN,2,2
06/27/2026,12,78,1,07/04/2026,AUTO_MAN,2,2
06/27/2026,13,79,1,07/04/2026,AUTO_MAN,2,2
06/27/2026,14,80,1,07/04/2026,AUTO_MAN,2,2
06/27/2026,15,79,1,07/04/2026,AUTO_MAN,2,2
06/27/2026,16,76,1,07/04/2026,AUTO_MAN,2,2
06/27/2026,17,76,1,07/04/2026,AUTO_MAN,2,2
06/27/2026,18,75,1,07/04/2026,AUTO_MAN,2,2
06/27/2026,19,75,1,07/04/2026,AUTO_MAN,2,2
06/27/2026,20,74,1,07/04/2026,AUTO_MAN,2,2
06/27/2026,21,74,1,07/04/2026,AUTO_MAN,2,2
06/27/2026,22,73,1,07/04/2026,AUTO_MAN,2,2
06/27/2026,23,73,1,07/04/2026,AUTO_MAN,2,2
06/27/2026,24,73,1,07/04/2026,AUTO_MAN,2,2
06/28/2026,1,73,1,07/05/2026,AUTO_MAN,2,2
06/28/2026,2,73,1,07/05/2026,AUTO_MAN,2,2
06/28/2026,3,73,1,07/05/2026,AUTO_MAN,2,2
06/28/2026,4,72,1,07/05/2026,AUTO_MAN,2,2
06/28/2026,5,71,1,07/05/2026,AUTO_MAN,2,2
06/28/2026,6,71,1,07/05/2026,AUTO_MAN,2,2
06/28/2026,7,71,1,07/05/2026,AUTO_MAN,2,2
06/28/2026,8,72,1,07/05/2026,AUTO_MAN,2,2
06/28/2026,9,71,1,07/05/2026,AUTO_MAN,2,2
06/28/2026,10,72,1,07/05/2026,AUTO_MAN,2,2
06/28/2026,11,71,1,07/05/2026,AUTO_MAN,2,2
06/28/2026,12,73,1,07/05/2026,AUTO_MAN,2,2
06/28/2026,13,74,1,07/05/2026,AUTO_MAN,2,2
06/28/2026,14,75,1,07/05/2026,AUTO_MAN,2,2
06/28/2026,15,76,1,07/05/2026,AUTO_MAN,2,2
06/28/2026,16,77,1,07/05/2026,AUTO_MAN,2,2
06/28/2026,17,77,1,07/05/2026,AUTO_MAN,2,2
06/28/2026,18,77,1,07/05/2026,AUTO_MAN,2,2
06/28/2026,19,77,1,07/05/2026,AUTO_MAN,2,2
06/28/2026,20,76,1,07/05/2026,AUTO_MAN,2,2
06/28/2026,21,74,1,07/05/2026,AUTO_MAN,2,2
06/28/2026,22,71,1,07/05/2026,AUTO_MAN,2,2
06/28/2026,23,71,1,07/05/2026,AUTO_MAN,2,2
06/28/2026,24,72,1,07/05/2026,AUTO_MAN,2,2
06/29/2026,1,73,0,07/06/2026,AUTO_MAN,2,2
06/29/2026,2,71,0,07/06/2026,AUTO_MAN,2,2
06/29/2026,3,70,0,07/06/2026,AUTO_MAN,2,2
06/29/2026,4,69,0,07/06/2026,AUTO_MAN,2,2
06/29/2026,5,69,0,07/06/2026,AUTO_MAN,2,2
06/29/2026,6,72,0,07/06/2026,AUTO_MAN,2,2
06/29/2026,7,74,0,07/06/2026,AUTO_MAN,2,2
06/29/2026,8,76,0,07/06/2026,AUTO_MAN,2,2
06/29/2026,9,77,0,07/06/2026,AUTO_MAN,2,2
06/29/2026,10,80,0,07/06/2026,AUTO_MAN,2,2
06/29/2026,11,82,0,07/06/2026,AUTO_MAN,2,2
06/29/2026,12,84,0,07/06/2026,AUTO_MAN,2,2
06/29/2026,13,86,0,07/06/2026,AUTO_MAN,2,2
06/29/2026,14,85,0,07/06/2026,AUTO_MAN,2,2
06/29/2026,15,87,0,07/06/2026,AUTO_MAN,2,2
06/29/2026,16,87,0,07/06/2026,AUTO_MAN,2,2
06/29/2026,17,86,0,07/06/2026,AUTO_MAN,2,2
06/29/2026,18,85,0,07/06/2026,AUTO_MAN,2,2
06/29/2026,19,83,0,07/06/2026,AUTO_MAN,2,2
06/29/2026,20,80,0,07/06/2026,AUTO_MAN,2,2
06/29/2026,21,78,0,07/06/2026,AUTO_MAN,2,2
06/29/2026,22,75,0,07/06/2026,AUTO_MAN,2,2
06/29/2026,23,73,0,07/06/2026,AUTO_MAN,2,2
06/29/2026,24,74,0,07/06/2026,AUTO_MAN,2,2
06/30/2026,1,72,0,07/07/2026,AUTO_MAN,2,2
06/30/2026,2,70,0,07/07/2026,AUTO_MAN,2,2
06/30/2026,3,70,0,07/07/2026,AUTO_MAN,2,2
06/30/2026,4,69,0,07/07/2026,AUTO_MAN,2,2
06/30/2026,5,68,0,07/07/2026,AUTO_MAN,2,2
06/30/2026,6,70,0,07/07/2026,AUTO_MAN,2,2
06/30/2026,7,74,0,07/07/2026,AUTO_MAN,2,2
06/30/2026,8,78,0,07/07/2026,AUTO_MAN,2,2
06/30/2026,9,81,0,07/07/2026,AUTO_MAN,2,2
06/30/2026,10,83,0,07/07/2026,AUTO_MAN,2,2
06/30/2026,11,86,0,07/07/2026,AUTO_MAN,2,2
06/30/2026,12,87,0,07/07/2026,AUTO_MAN,2,2
06/30/2026,13,88,0,07/07/2026,AUTO_MAN,2,2
06/30/2026,14,90,0,07/07/2026,AUTO_MAN,2,2
06/30/2026,15,90,0,07/07/2026,AUTO_MAN,2,2
06/30/2026,16,90,0,07/07/2026,AUTO_MAN,2,2
06/30/2026,17,87,0,07/07/2026,AUTO_MAN,2,2
06/30/2026,18,85,0,07/07/2026,AUTO_MAN,2,2
06/30/2026,19,83,0,07/07/2026,AUTO_MAN,2,2
06/30/2026,20,80,0,07/07/2026,AUTO_MAN,2,2
06/30/2026,21,78,0,07/07/2026,AUTO_MAN,2,2
06/30/2026,22,77,0,07/07/2026,AUTO_MAN,2,2
06/30/2026,23,77,0,07/07/2026,AUTO_MAN,2,2
06/30/2026,24,76,0,07/07/2026,AUTO_MAN,2,2
07/01/2026,1,76,0,07/07/2026,AUTO_MAN,2,2
07/01/2026,2,75,0,07/07/2026,AUTO_MAN,2,2
07/01/2026,3,74,0,07/07/2026,AUTO_MAN,2,2
07/01/2026,4,72,0,07/07/2026,AUTO_MAN,2,2
07/01/2026,5,73,0,07/07/2026,AUTO_MAN,2,2
07/01/2026,6,74,0,07/07/2026,AUTO_MAN,2,2
07/01/2026,7,78,0,07/07/2026,AUTO_MAN,2,2
07/01/2026,8,82,0,07/07/2026,AUTO_MAN,2,2
07/01/2026,9,85,0,07/07/2026,AUTO_MAN,2,2
07/01/2026,10,89,0,07/07/2026,AUTO_MAN,2,2
07/01/2026,11,92,0,07/07/2026,AUTO_MAN,2,2
07/01/2026,12,93,0,07/07/2026,AUTO_MAN,2,2
07/01/2026,13,96,0,07/07/2026,AUTO_MAN,2,2
07/01/2026,14,97,0,07/07/2026,AUTO_MAN,2,2
07/01/2026,15,94,0,07/07/2026,AUTO_MAN,2,2
07/01/2026,16,95,0,07/07/2026,AUTO_MAN,2,2
07/01/2026,17,92,0,07/07/2026,AUTO_MAN,2,2
07/01/2026,18,91,0,07/07/2026,AUTO_MAN,2,2
07/01/2026,19,89,0,07/07/2026,AUTO_MAN,2,2
07/01/2026,20,86,0,07/07/2026,AUTO_MAN,2,2
07/01/2026,21,84,0,07/07/2026,AUTO_MAN,2,2
07/01/2026,22,82,0,07/07/2026,AUTO_MAN,2,2
07/01/2026,23,81,0,07/07/2026,AUTO_MAN,2,2
07/01/2026,24,81,0,07/07/2026,AUTO_MAN,2,2
07/02/2026,1,80,0,07/07/2026,AUTO_MAN,2,2
07/02/2026,2,80,0,07/07/2026,AUTO_MAN,2,2
07/02/2026,3,80,0,07/07/2026,AUTO_MAN,2,2
07/02/2026,4,79,0,07/07/2026,AUTO_MAN,2,2
07/02/2026,5,78,0,07/07/2026,AUTO_MAN,2,2
07/02/2026,6,81,0,07/07/2026,AUTO_MAN,2,2
07/02/2026,7,85,0,07/07/2026,AUTO_MAN,2,2
07/02/2026,8,89,0,07/07/2026,AUTO_MAN,2,2
07/02/2026,9,93,0,07/07/2026,AUTO_MAN,2,2
07/02/2026,10,95,0,07/07/2026,AUTO_MAN,2,2
07/02/2026,11,97,0,07/07/2026,AUTO_MAN,2,2
07/02/2026,12,99,0,07/07/2026,AUTO_MAN,2,2
07/02/2026,13,98,0,07/07/2026,AUTO_MAN,2,2
07/02/2026,14,100,0,07/07/2026,AUTO_MAN,2,2
07/02/2026,15,100,0,07/07/2026,AUTO_MAN,2,2
07/02/2026,16,101,0,07/07/2026,AUTO_MAN,2,2
07/02/2026,17,100,0,07/07/2026,AUTO_MAN,2,2
07/02/2026,18,98,0,07/07/2026,AUTO_MAN,2,2
07/02/2026,19,95,0,07/07/2026,AUTO_MAN,2,2
07/02/2026,20,93,0,07/07/2026,AUTO_MAN,2,2
07/02/2026,21,88,0,07/07/2026,AUTO_MAN,2,2
07/02/2026,22,88,0,07/07/2026,AUTO_MAN,2,2
07/02/2026,23,87,0,07/07/2026,AUTO_MAN,2,2
07/02/2026,24,84,0,07/07/2026,AUTO_MAN,2,2
07/03/2026,1,83,1,07/07/2026,AUTO_MAN,2,2
07/03/2026,2,82,1,07/07/2026,AUTO_MAN,2,2
07/03/2026,3,82,1,07/07/2026,AUTO_MAN,2,2
07/03/2026,4,80,1,07/07/2026,AUTO_MAN,2,2
07/03/2026,5,80,1,07/07/2026,AUTO_MAN,2,2
07/03/2026,6,82,1,07/07/2026,AUTO_MAN,2,2
07/03/2026,7,87,1,07/07/2026,AUTO_MAN,2,2
07/03/2026,8,91,1,07/07/2026,AUTO_MAN,2,2
07/03/2026,9,93,1,07/07/2026,AUTO_MAN,2,2
07/03/2026,10,96,1,07/07/2026,AUTO_MAN,2,2
07/03/2026,11,97,1,07/07/2026,AUTO_MAN,2,2
07/03/2026,12,98,1,07/07/2026,AUTO_MAN,2,2
07/03/2026,13,99,1,07/07/2026,AUTO_MAN,2,2
07/03/2026,14,100,1,07/07/2026,AUTO_MAN,2,2
07/03/2026,15,100,1,07/07/2026,AUTO_MAN,2,2
07/03/2026,16,101,1,07/07/2026,AUTO_MAN,2,2
07/03/2026,17,100,1,07/07/2026,AUTO_MAN,2,2
07/03/2026,18,99,1,07/07/2026,AUTO_MAN,2,2
07/03/2026,19,96,1,07/07/2026,AUTO_MAN,2,2
07/03/2026,20,92,1,07/07/2026,AUTO_MAN,2,2
07/03/2026,21,90,1,07/07/2026,AUTO_MAN,2,2
07/03/2026,22,87,1,07/07/2026,AUTO_MAN,2,2
07/03/2026,23,88,1,07/07/2026,AUTO_MAN,2,2
07/03/2026,24,85,1,07/07/2026,AUTO_MAN,2,2
07/04/2026,1,84,1,07/07/2026,AUTO_MAN,2,2
07/04/2026,2,83,1,07/07/2026,AUTO_MAN,2,2
07/04/2026,3,84,1,07/07/2026,AUTO_MAN,2,2
07/04/2026,4,83,1,07/07/2026,AUTO_MAN,2,2
07/04/2026,5,80,1,07/07/2026,AUTO_MAN,2,2
07/04/2026,6,82,1,07/07/2026,AUTO_MAN,2,2
07/04/2026,7,86,1,07/07/2026,AUTO_MAN,2,2
07/04/2026,8,89,1,07/07/2026,AUTO_MAN,2,2
07/04/2026,9,93,1,07/07/2026,AUTO_MAN,2,2
07/04/2026,10,96,1,07/07/2026,AUTO_MAN,2,2
07/04/2026,11,99,1,07/07/2026,AUTO_MAN,2,2
07/04/2026,12,101,1,07/07/2026,AUTO_MAN,2,2
07/04/2026,13,101,1,07/07/2026,AUTO_MAN,2,2
07/04/2026,14,100,1,07/07/2026,AUTO_MAN,2,2
07/04/2026,15,102,1,07/07/2026,AUTO_MAN,2,2
07/04/2026,16,101,1,07/07/2026,AUTO_MAN,2,2
07/04/2026,17,101,1,07/07/2026,AUTO_MAN,2,2
07/04/2026,18,84,1,07/07/2026,AUTO_MAN,2,2
07/04/2026,19,77,1,07/07/2026,AUTO_MAN,2,2
07/04/2026,20,75,1,07/07/2026,AUTO_MAN,2,2
07/04/2026,21,76,1,07/07/2026,AUTO_MAN,2,2
07/04/2026,22,76,1,07/07/2026,AUTO_MAN,2,2
07/04/2026,23,76,1,07/07/2026,AUTO_MAN,2,2
07/04/2026,24,75,1,07/07/2026,AUTO_MAN,2,2
07/05/2026,1,75,1,07/07/2026,AUTO_MAN,2,2
07/05/2026,2,75,1,07/07/2026,AUTO_MAN,2,2
07/05/2026,3,75,1,07/07/2026,AUTO_MAN,2,2
07/05/2026,4,75,1,07/07/2026,AUTO_MAN,2,2
07/05/2026,5,74,1,07/07/2026,AUTO_MAN,2,2
07/05/2026,6,75,1,07/07/2026,AUTO_MAN,2,2
07/05/2026,7,76,1,07/07/2026,AUTO_MAN,2,2
07/05/2026,8,80,1,07/07/2026,AUTO_MAN,2,2
07/05/2026,9,82,1,07/07/2026,AUTO_MAN,2,2
07/05/2026,10,86,1,07/07/2026,AUTO_MAN,2,2
07/05/2026,11,88,1,07/07/2026,AUTO_MAN,2,2
07/05/2026,12,90,1,07/07/2026,AUTO_MAN,2,2
07/05/2026,13,90,1,07/07/2026,AUTO_MAN,2,2
07/05/2026,14,93,1,07/07/2026,AUTO_MAN,2,2
07/05/2026,15,92,1,07/07/2026,AUTO_MAN,2,2
07/05/2026,16,92,1,07/07/2026,AUTO_MAN,2,2
07/05/2026,17,90,1,07/07/2026,AUTO_MAN,2,2
07/05/2026,18,89,1,07/07/2026,AUTO_MAN,2,2
07/05/2026,19,84,1,07/07/2026,AUTO_MAN,2,2
07/05/2026,20,75,1,07/07/2026,AUTO_MAN,2,2
07/05/2026,21,74,1,07/07/2026,AUTO_MAN,2,2
07/05/2026,22,75,1,07/07/2026,AUTO_MAN,2,2
07/05/2026,23,73,1,07/07/2026,AUTO_MAN,2,2
07/05/2026,24,74,1,07/07/2026,AUTO_MAN,2,2
07/06/2026,1,74,0,07/07/2026,AUTO_MAN,2,2
07/06/2026,2,74,0,07/07/2026,AUTO_MAN,2,2
07/06/2026,3,74,0,07/07/2026,AUTO_MAN,2,2
07/06/2026,4,74,0,07/07/2026,AUTO_MAN,2,2
07/06/2026,5,76,0,07/07/2026,AUTO_MAN,2,2
07/06/2026,6,76,0,07/07/2026,AUTO_MAN,2,2
07/06/2026,7,76,0,07/07/2026,AUTO_MAN,2,2
07/06/2026,8,77,0,07/07/2026,AUTO_MAN,2,2
07/06/2026,9,78,0,07/07/2026,AUTO_MAN,2,2
07/06/2026,10,79,0,07/07/2026,AUTO_MAN,2,2
07/06/2026,11,80,0,07/07/2026,AUTO_MAN,2,2
07/06/2026,12,81,0,07/07/2026,AUTO_MAN,2,2
07/06/2026,13,81,0,07/07/2026,AUTO_MAN,2,2
07/06/2026,14,82,0,07/07/2026,AUTO_MAN,2,2
07/06/2026,15,84,0,07/07/2026,AUTO_MAN,2,2
07/06/2026,16,86,0,07/07/2026,AUTO_MAN,2,2
07/06/2026,17,84,0,07/07/2026,AUTO_MAN,2,2
07/06/2026,18,85,0,07/07/2026,AUTO_MAN,2,2
07/06/2026,19,79,0,07/07/2026,AUTO_MAN,2,2
07/06/2026,20,77,0,07/07/2026,AUTO_MAN,2,2
07/06/2026,21,77,0,07/07/2026,AUTO_MAN,2,2
07/06/2026,22,77,0,07/07/2026,AUTO_MAN,2,2
07/06/2026,23,75,0,07/07/2026,AUTO_MAN,2,2
07/06/2026,24,74,0,07/07/2026,AUTO_MAN,2,2
06/08/2026,1,63,0,06/15/2026,AUTO_MAN,3,2
06/08/2026,2,63,0,06/15/2026,AUTO_MAN,3,2
06/08/2026,3,60,0,06/15/2026,AUTO_MAN,3,2
06/08/2026,4,61,0,06/15/2026,AUTO_MAN,3,2
06/08/2026,5,61,0,06/15/2026,AUTO_MAN,3,2
06/08/2026,6,63,0,06/15/2026,AUTO_MAN,3,2
06/08/2026,7,64,0,06/15/2026,AUTO_MAN,3,2
06/08/2026,8,66,0,06/15/2026,AUTO_MAN,3,2
06/08/2026,9,68,0,06/15/2026,AUTO_MAN,3,2
06/08/2026,10,69,0,06/15/2026,AUTO_MAN,3,2
06/08/2026,11,70,0,06/15/2026,AUTO_MAN,3,2
06/08/2026,12,73,0,06/15/2026,AUTO_MAN,3,2
06/08/2026,13,72,0,06/15/2026,AUTO_MAN,3,2
06/08/2026,14,74,0,06/15/2026,AUTO_MAN,3,2
06/08/2026,15,74,0,06/15/2026,AUTO_MAN,3,2
06/08/2026,16,74,0,06/15/2026,AUTO_MAN,3,2
06/08/2026,17,75,0,06/15/2026,AUTO_MAN,3,2
06/08/2026,18,75,0,06/15/2026,AUTO_MAN,3,2
06/08/2026,19,72,0,06/15/2026,AUTO_MAN,3,2
06/08/2026,20,70,0,06/15/2026,AUTO_MAN,3,2
06/08/2026,21,69,0,06/15/2026,AUTO_MAN,3,2
06/08/2026,22,66,0,06/15/2026,AUTO_MAN,3,2
06/08/2026,23,61,0,06/15/2026,AUTO_MAN,3,2
06/08/2026,24,58,0,06/15/2026,AUTO_MAN,3,2
06/09/2026,1,58,0,06/16/2026,AUTO_MAN,3,2
06/09/2026,2,59,0,06/16/2026,AUTO_MAN,3,2
06/09/2026,3,55,0,06/16/2026,AUTO_MAN,3,2
06/09/2026,4,52,0,06/16/2026,AUTO_MAN,3,2
06/09/2026,5,53,0,06/16/2026,AUTO_MAN,3,2
06/09/2026,6,57,0,06/16/2026,AUTO_MAN,3,2
06/09/2026,7,61,0,06/16/2026,AUTO_MAN,3,2
06/09/2026,8,64,0,06/16/2026,AUTO_MAN,3,2
06/09/2026,9,70,0,06/16/2026,AUTO_MAN,3,2
06/09/2026,10,72,0,06/16/2026,AUTO_MAN,3,2
06/09/2026,11,74,0,06/16/2026,AUTO_MAN,3,2
06/09/2026,12,76,0,06/16/2026,AUTO_MAN,3,2
06/09/2026,13,79,0,06/16/2026,AUTO_MAN,3,2
06/09/2026,14,80,0,06/16/2026,AUTO_MAN,3,2
06/09/2026,15,81,0,06/16/2026,AUTO_MAN,3,2
06/09/2026,16,82,0,06/16/2026,AUTO_MAN,3,2
06/09/2026,17,81,0,06/16/2026,AUTO_MAN,3,2
06/09/2026,18,79,0,06/16/2026,AUTO_MAN,3,2
06/09/2026,19,76,0,06/16/2026,AUTO_MAN,3,2
06/09/2026,20,74,0,06/16/2026,AUTO_MAN,3,2
06/09/2026,21,74,0,06/16/2026,AUTO_MAN,3,2
06/09/2026,22,72,0,06/16/2026,AUTO_MAN,3,2
06/09/2026,23,69,0,06/16/2026,AUTO_MAN,3,2
06/09/2026,24,69,0,06/16/2026,AUTO_MAN,3,2
06/10/2026,1,68,0,06/17/2026,AUTO_MAN,3,2
06/10/2026,2,68,0,06/17/2026,AUTO_MAN,3,2
06/10/2026,3,68,0,06/17/2026,AUTO_MAN,3,2
06/10/2026,4,68,0,06/17/2026,AUTO_MAN,3,2
06/10/2026,5,67,0,06/17/2026,AUTO_MAN,3,2
06/10/2026,6,69,0,06/17/2026,AUTO_MAN,3,2
06/10/2026,7,69,0,06/17/2026,AUTO_MAN,3,2
06/10/2026,8,72,0,06/17/2026,AUTO_MAN,3,2
06/10/2026,9,75,0,06/17/2026,AUTO_MAN,3,2
06/10/2026,10,78,0,06/17/2026,AUTO_MAN,3,2
06/10/2026,11,81,0,06/17/2026,AUTO_MAN,3,2
06/10/2026,12,79,0,06/17/2026,AUTO_MAN,3,2
06/10/2026,13,79,0,06/17/2026,AUTO_MAN,3,2
06/10/2026,14,82,0,06/17/2026,AUTO_MAN,3,2
06/10/2026,15,82,0,06/17/2026,AUTO_MAN,3,2
06/10/2026,16,82,0,06/17/2026,AUTO_MAN,3,2
06/10/2026,17,80,0,06/17/2026,AUTO_MAN,3,2
06/10/2026,18,74,0,06/17/2026,AUTO_MAN,3,2
06/10/2026,19,74,0,06/17/2026,AUTO_MAN,3,2
06/10/2026,20,74,0,06/17/2026,AUTO_MAN,3,2
06/10/2026,21,73,0,06/17/2026,AUTO_MAN,3,2
06/10/2026,22,72,0,06/17/2026,AUTO_MAN,3,2
06/10/2026,23,71,0,06/17/2026,AUTO_MAN,3,2
06/10/2026,24,71,0,06/17/2026,AUTO_MAN,3,2
06/11/2026,1,72,0,06/18/2026,AUTO_MAN,3,2
06/11/2026,2,72,0,06/18/2026,AUTO_MAN,3,2
06/11/2026,3,72,0,06/18/2026,AUTO_MAN,3,2
06/11/2026,4,72,0,06/18/2026,AUTO_MAN,3,2
06/11/2026,5,72,0,06/18/2026,AUTO_MAN,3,2
06/11/2026,6,73,0,06/18/2026,AUTO_MAN,3,2
06/11/2026,7,75,0,06/18/2026,AUTO_MAN,3,2
06/11/2026,8,78,0,06/18/2026,AUTO_MAN,3,2
06/11/2026,9,83,0,06/18/2026,AUTO_MAN,3,2
06/11/2026,10,85,0,06/18/2026,AUTO_MAN,3,2
06/11/2026,11,88,0,06/18/2026,AUTO_MAN,3,2
06/11/2026,12,90,0,06/18/2026,AUTO_MAN,3,2
06/11/2026,13,93,0,06/18/2026,AUTO_MAN,3,2
06/11/2026,14,91,0,06/18/2026,AUTO_MAN,3,2
06/11/2026,15,92,0,06/18/2026,AUTO_MAN,3,2
06/11/2026,16,91,0,06/18/2026,AUTO_MAN,3,2
06/11/2026,17,93,0,06/18/2026,AUTO_MAN,3,2
06/11/2026,18,92,0,06/18/2026,AUTO_MAN,3,2
06/11/2026,19,87,0,06/18/2026,AUTO_MAN,3,2
06/11/2026,20,83,0,06/18/2026,AUTO_MAN,3,2
06/11/2026,21,74,0,06/18/2026,AUTO_MAN,3,2
06/11/2026,22,73,0,06/18/2026,AUTO_MAN,3,2
06/11/2026,23,72,0,06/18/2026,AUTO_MAN,3,2
06/11/2026,24,72,0,06/18/2026,AUTO_MAN,3,2
06/12/2026,1,71,0,06/19/2026,AUTO_MAN,3,2
06/12/2026,2,71,0,06/19/2026,AUTO_MAN,3,2
06/12/2026,3,71,0,06/19/2026,AUTO_MAN,3,2
06/12/2026,4,72,0,06/19/2026,AUTO_MAN,3,2
06/12/2026,5,72,0,06/19/2026,AUTO_MAN,3,2
06/12/2026,6,73,0,06/19/2026,AUTO_MAN,3,2
06/12/2026,7,74,0,06/19/2026,AUTO_MAN,3,2
06/12/2026,8,78,0,06/19/2026,AUTO_MAN,3,2
06/12/2026,9,80,0,06/19/2026,AUTO_MAN,3,2
06/12/2026,10,84,0,06/19/2026,AUTO_MAN,3,2
06/12/2026,11,84,0,06/19/2026,AUTO_MAN,3,2
06/12/2026,12,86,0,06/19/2026,AUTO_MAN,3,2
06/12/2026,13,89,0,06/19/2026,AUTO_MAN,3,2
06/12/2026,14,92,0,06/19/2026,AUTO_MAN,3,2
06/12/2026,15,86,0,06/19/2026,AUTO_MAN,3,2
06/12/2026,16,90,0,06/19/2026,AUTO_MAN,3,2
06/12/2026,17,91,0,06/19/2026,AUTO_MAN,3,2
06/12/2026,18,88,0,06/19/2026,AUTO_MAN,3,2
06/12/2026,19,84,0,06/19/2026,AUTO_MAN,3,2
06/12/2026,20,82,0,06/19/2026,AUTO_MAN,3,2
06/12/2026,21,80,0,06/19/2026,AUTO_MAN,3,2
06/12/2026,22,79,0,06/19/2026,AUTO_MAN,3,2
06/12/2026,23,77,0,06/19/2026,AUTO_MAN,3,2
06/12/2026,24,76,0,06/19/2026,AUTO_MAN,3,2
06/13/2026,1,74,1,06/20/2026,AUTO_MAN,3,2
06/13/2026,2,72,1,06/20/2026,AUTO_MAN,3,2
06/13/2026,3,68,1,06/20/2026,AUTO_MAN,3,2
06/13/2026,4,68,1,06/20/2026,AUTO_MAN,3,2
06/13/2026,5,67,1,06/20/2026,AUTO_MAN,3,2
06/13/2026,6,71,1,06/20/2026,AUTO_MAN,3,2
06/13/2026,7,72,1,06/20/2026,AUTO_MAN,3,2
06/13/2026,8,75,1,06/20/2026,AUTO_MAN,3,2
06/13/2026,9,77,1,06/20/2026,AUTO_MAN,3,2
06/13/2026,10,79,1,06/20/2026,AUTO_MAN,3,2
06/13/2026,11,82,1,06/20/2026,AUTO_MAN,3,2
06/13/2026,12,83,1,06/20/2026,AUTO_MAN,3,2
06/13/2026,13,85,1,06/20/2026,AUTO_MAN,3,2
06/13/2026,14,87,1,06/20/2026,AUTO_MAN,3,2
06/13/2026,15,87,1,06/20/2026,AUTO_MAN,3,2
06/13/2026,16,87,1,06/20/2026,AUTO_MAN,3,2
06/13/2026,17,86,1,06/20/2026,AUTO_MAN,3,2
06/13/2026,18,85,1,06/20/2026,AUTO_MAN,3,2
06/13/2026,19,82,1,06/20/2026,AUTO_MAN,3,2
06/13/2026,20,77,1,06/20/2026,AUTO_MAN,3,2
06/13/2026,21,73,1,06/20/2026,AUTO_MAN,3,2
06/13/2026,22,75,1,06/20/2026,AUTO_MAN,3,2
06/13/2026,23,70,1,06/20/2026,AUTO_MAN,3,2
06/13/2026,24,66,1,06/20/2026,AUTO_MAN,3,2
06/14/2026,1,64,1,06/21/2026,AUTO_MAN,3,2
06/14/2026,2,64,1,06/21/2026,AUTO_MAN,3,2
06/14/2026,3,62,1,06/21/2026,AUTO_MAN,3,2
06/14/2026,4,60,1,06/21/2026,AUTO_MAN,3,2
06/14/2026,5,61,1,06/21/2026,AUTO_MAN,3,2
06/14/2026,6,65,1,06/21/2026,AUTO_MAN,3,2
06/14/2026,7,70,1,06/21/2026,AUTO_MAN,3,2
06/14/2026,8,76,1,06/21/2026,AUTO_MAN,3,2
06/14/2026,9,81,1,06/21/2026,AUTO_MAN,3,2
06/14/2026,10,84,1,06/21/2026,AUTO_MAN,3,2
06/14/2026,11,88,1,06/21/2026,AUTO_MAN,3,2
06/14/2026,12,88,1,06/21/2026,AUTO_MAN,3,2
06/14/2026,13,90,1,06/21/2026,AUTO_MAN,3,2
06/14/2026,14,87,1,06/21/2026,AUTO_MAN,3,2
06/14/2026,15,86,1,06/21/2026,AUTO_MAN,3,2
06/14/2026,16,87,1,06/21/2026,AUTO_MAN,3,2
06/14/2026,17,86,1,06/21/2026,AUTO_MAN,3,2
06/14/2026,18,85,1,06/21/2026,AUTO_MAN,3,2
06/14/2026,19,84,1,06/21/2026,AUTO_MAN,3,2
06/14/2026,20,83,1,06/21/2026,AUTO_MAN,3,2
06/14/2026,21,78,1,06/21/2026,AUTO_MAN,3,2
06/14/2026,22,71,1,06/21/2026,AUTO_MAN,3,2
06/14/2026,23,70,1,06/21/2026,AUTO_MAN,3,2
06/14/2026,24,70,1,06/21/2026,AUTO_MAN,3,2
06/15/2026,1,70,0,06/22/2026,AUTO_MAN,3,2
06/15/2026,2,68,0,06/22/2026,AUTO_MAN,3,2
06/15/2026,3,66,0,06/22/2026,AUTO_MAN,3,2
06/15/2026,4,64,0,06/22/2026,AUTO_MAN,3,2
06/15/2026,5,64,0,06/22/2026,AUTO_MAN,3,2
06/15/2026,6,65,0,06/22/2026,AUTO_MAN,3,2
06/15/2026,7,65,0,06/22/2026,AUTO_MAN,3,2
06/15/2026,8,64,0,06/22/2026,AUTO_MAN,3,2
06/15/2026,9,67,0,06/22/2026,AUTO_MAN,3,2
06/15/2026,10,70,0,06/22/2026,AUTO_MAN,3,2
06/15/2026,11,71,0,06/22/2026,AUTO_MAN,3,2
06/15/2026,12,72,0,06/22/2026,AUTO_MAN,3,2
06/15/2026,13,73,0,06/22/2026,AUTO_MAN,3,2
06/15/2026,14,74,0,06/22/2026,AUTO_MAN,3,2
06/15/2026,15,74,0,06/22/2026,AUTO_MAN,3,2
06/15/2026,16,75,0,06/22/2026,AUTO_MAN,3,2
06/15/2026,17,74,0,06/22/2026,AUTO_MAN,3,2
06/15/2026,18,74,0,06/22/2026,AUTO_MAN,3,2
06/15/2026,19,71,0,06/22/2026,AUTO_MAN,3,2
06/15/2026,20,68,0,06/22/2026,AUTO_MAN,3,2
06/15/2026,21,64,0,06/22/2026,AUTO_MAN,3,2
06/15/2026,22,61,0,06/22/2026,AUTO_MAN,3,2
06/15/2026,23,61,0,06/22/2026,AUTO_MAN,3,2
06/15/2026,24,58,0,06/22/2026,AUTO_MAN,3,2
06/16/2026,1,58,0,06/23/2026,AUTO_MAN,3,2
06/16/2026,2,57,0,06/23/2026,AUTO_MAN,3,2
06/16/2026,3,55,0,06/23/2026,AUTO_MAN,3,2
06/16/2026,4,50,0,06/23/2026,AUTO_MAN,3,2
06/16/2026,5,50,0,06/23/2026,AUTO_MAN,3,2
06/16/2026,6,54,0,06/23/2026,AUTO_MAN,3,2
06/16/2026,7,59,0,06/23/2026,AUTO_MAN,3,2
06/16/2026,8,63,0,06/23/2026,AUTO_MAN,3,2
06/16/2026,9,66,0,06/23/2026,AUTO_MAN,3,2
06/16/2026,10,66,0,06/23/2026,AUTO_MAN,3,2
06/16/2026,11,70,0,06/23/2026,AUTO_MAN,3,2
06/16/2026,12,71,0,06/23/2026,AUTO_MAN,3,2
06/16/2026,13,72,0,06/23/2026,AUTO_MAN,3,2
06/16/2026,14,74,0,06/23/2026,AUTO_MAN,3,2
06/16/2026,15,75,0,06/23/2026,AUTO_MAN,3,2
06/16/2026,16,75,0,06/23/2026,AUTO_MAN,3,2
06/16/2026,17,76,0,06/23/2026,AUTO_MAN,3,2
06/16/2026,18,75,0,06/23/2026,AUTO_MAN,3,2
06/16/2026,19,71,0,06/23/2026,AUTO_MAN,3,2
06/16/2026,20,69,0,06/23/2026,AUTO_MAN,3,2
06/16/2026,21,69,0,06/23/2026,AUTO_MAN,3,2
06/16/2026,22,63,0,06/23/2026,AUTO_MAN,3,2
06/16/2026,23,62,0,06/23/2026,AUTO_MAN,3,2
06/16/2026,24,55,0,06/23/2026,AUTO_MAN,3,2
06/17/2026,1,55,0,06/24/2026,AUTO_MAN,3,2
06/17/2026,2,54,0,06/24/2026,AUTO_MAN,3,2
06/17/2026,3,54,0,06/24/2026,AUTO_MAN,3,2
06/17/2026,4,53,0,06/24/2026,AUTO_MAN,3,2
06/17/2026,5,52,0,06/24/2026,AUTO_MAN,3,2
06/17/2026,6,56,0,06/24/2026,AUTO_MAN,3,2
06/17/2026,7,62,0,06/24/2026,AUTO_MAN,3,2
06/17/2026,8,66,0,06/24/2026,AUTO_MAN,3,2
06/17/2026,9,70,0,06/24/2026,AUTO_MAN,3,2
06/17/2026,10,75,0,06/24/2026,AUTO_MAN,3,2
06/17/2026,11,77,0,06/24/2026,AUTO_MAN,3,2
06/17/2026,12,76,0,06/24/2026,AUTO_MAN,3,2
06/17/2026,13,78,0,06/24/2026,AUTO_MAN,3,2
06/17/2026,14,79,0,06/24/2026,AUTO_MAN,3,2
06/17/2026,15,79,0,06/24/2026,AUTO_MAN,3,2
06/17/2026,16,81,0,06/24/2026,AUTO_MAN,3,2
06/17/2026,17,78,0,06/24/2026,AUTO_MAN,3,2
06/17/2026,18,79,0,06/24/2026,AUTO_MAN,3,2
06/17/2026,19,78,0,06/24/2026,AUTO_MAN,3,2
06/17/2026,20,77,0,06/24/2026,AUTO_MAN,3,2
06/17/2026,21,76,0,06/24/2026,AUTO_MAN,3,2
06/17/2026,22,74,0,06/24/2026,AUTO_MAN,3,2
06/17/2026,23,73,0,06/24/2026,AUTO_MAN,3,2
06/17/2026,24,72,0,06/24/2026,AUTO_MAN,3,2
06/18/2026,1,72,0,06/25/2026,AUTO_MAN,3,2
06/18/2026,2,72,0,06/25/2026,AUTO_MAN,3,2
06/18/2026,3,72,0,06/25/2026,AUTO_MAN,3,2
06/18/2026,4,71,0,06/25/2026,AUTO_MAN,3,2
06/18/2026,5,71,0,06/25/2026,AUTO_MAN,3,2
06/18/2026,6,72,0,06/25/2026,AUTO_MAN,3,2
06/18/2026,7,73,0,06/25/2026,AUTO_MAN,3,2
06/18/2026,8,74,0,06/25/2026,AUTO_MAN,3,2
06/18/2026,9,76,0,06/25/2026,AUTO_MAN,3,2
06/18/2026,10,78,0,06/25/2026,AUTO_MAN,3,2
06/18/2026,11,80,0,06/25/2026,AUTO_MAN,3,2
06/18/2026,12,83,0,06/25/2026,AUTO_MAN,3,2
06/18/2026,13,84,0,06/25/2026,AUTO_MAN,3,2
06/18/2026,14,85,0,06/25/2026,AUTO_MAN,3,2
06/18/2026,15,85,0,06/25/2026,AUTO_MAN,3,2
06/18/2026,16,86,0,06/25/2026,AUTO_MAN,3,2
06/18/2026,17,84,0,06/25/2026,AUTO_MAN,3,2
06/18/2026,18,84,0,06/25/2026,AUTO_MAN,3,2
06/18/2026,19,81,0,06/25/2026,AUTO_MAN,3,2
06/18/2026,20,79,0,06/25/2026,AUTO_MAN,3,2
06/18/2026,21,78,0,06/25/2026,AUTO_MAN,3,2
06/18/2026,22,75,0,06/25/2026,AUTO_MAN,3,2
06/18/2026,23,75,0,06/25/2026,AUTO_MAN,3,2
06/18/2026,24,73,0,06/25/2026,AUTO_MAN,3,2
06/19/2026,1,72,0,06/26/2026,AUTO_MAN,3,2
06/19/2026,2,71,0,06/26/2026,AUTO_MAN,3,2
06/19/2026,3,69,0,06/26/2026,AUTO_MAN,3,2
06/19/2026,4,66,0,06/26/2026,AUTO_MAN,3,2
06/19/2026,5,66,0,06/26/2026,AUTO_MAN,3,2
06/19/2026,6,66,0,06/26/2026,AUTO_MAN,3,2
06/19/2026,7,67,0,06/26/2026,AUTO_MAN,3,2
06/19/2026,8,69,0,06/26/2026,AUTO_MAN,3,2
06/19/2026,9,71,0,06/26/2026,AUTO_MAN,3,2
06/19/2026,10,74,0,06/26/2026,AUTO_MAN,3,2
06/19/2026,11,77,0,06/26/2026,AUTO_MAN,3,2
06/19/2026,12,78,0,06/26/2026,AUTO_MAN,3,2
06/19/2026,13,78,0,06/26/2026,AUTO_MAN,3,2
06/19/2026,14,81,0,06/26/2026,AUTO_MAN,3,2
06/19/2026,15,81,0,06/26/2026,AUTO_MAN,3,2
06/19/2026,16,80,0,06/26/2026,AUTO_MAN,3,2
06/19/2026,17,81,0,06/26/2026,AUTO_MAN,3,2
06/19/2026,18,77,0,06/26/2026,AUTO_MAN,3,2
06/19/2026,19,69,0,06/26/2026,AUTO_MAN,3,2
06/19/2026,20,67,0,06/26/2026,AUTO_MAN,3,2
06/19/2026,21,63,0,06/26/2026,AUTO_MAN,3,2
06/19/2026,22,64,0,06/26/2026,AUTO_MAN,3,2
06/19/2026,23,65,0,06/26/2026,AUTO_MAN,3,2
06/19/2026,24,66,0,06/26/2026,AUTO_MAN,3,2
06/20/2026,1,64,1,06/27/2026,AUTO_MAN,3,2
06/20/2026,2,64,1,06/27/2026,AUTO_MAN,3,2
06/20/2026,3,63,1,06/27/2026,AUTO_MAN,3,2
06/20/2026,4,62,1,06/27/2026,AUTO_MAN,3,2
06/20/2026,5,63,1,06/27/2026,AUTO_MAN,3,2
06/20/2026,6,66,1,06/27/2026,AUTO_MAN,3,2
06/20/2026,7,68,1,06/27/2026,AUTO_MAN,3,2
06/20/2026,8,71,1,06/27/2026,AUTO_MAN,3,2
06/20/2026,9,73,1,06/27/2026,AUTO_MAN,3,2
06/20/2026,10,76,1,06/27/2026,AUTO_MAN,3,2
06/20/2026,11,78,1,06/27/2026,AUTO_MAN,3,2
06/20/2026,12,79,1,06/27/2026,AUTO_MAN,3,2
06/20/2026,13,81,1,06/27/2026,AUTO_MAN,3,2
06/20/2026,14,80,1,06/27/2026,AUTO_MAN,3,2
06/20/2026,15,82,1,06/27/2026,AUTO_MAN,3,2
06/20/2026,16,78,1,06/27/2026,AUTO_MAN,3,2
06/20/2026,17,76,1,06/27/2026,AUTO_MAN,3,2
06/20/2026,18,77,1,06/27/2026,AUTO_MAN,3,2
06/20/2026,19,73,1,06/27/2026,AUTO_MAN,3,2
06/20/2026,20,70,1,06/27/2026,AUTO_MAN,3,2
06/20/2026,21,69,1,06/27/2026,AUTO_MAN,3,2
06/20/2026,22,64,1,06/27/2026,AUTO_MAN,3,2
06/20/2026,23,65,1,06/27/2026,AUTO_MAN,3,2
06/20/2026,24,64,1,06/27/2026,AUTO_MAN,3,2
06/21/2026,1,63,1,06/28/2026,AUTO_MAN,3,2
06/21/2026,2,61,1,06/28/2026,AUTO_MAN,3,2
06/21/2026,3,60,1,06/28/2026,AUTO_MAN,3,2
06/21/2026,4,58,1,06/28/2026,AUTO_MAN,3,2
06/21/2026,5,57,1,06/28/2026,AUTO_MAN,3,2
06/21/2026,6,61,1,06/28/2026,AUTO_MAN,3,2
06/21/2026,7,66,1,06/28/2026,AUTO_MAN,3,2
06/21/2026,8,69,1,06/28/2026,AUTO_MAN,3,2
06/21/2026,9,73,1,06/28/2026,AUTO_MAN,3,2
06/21/2026,10,76,1,06/28/2026,AUTO_MAN,3,2
06/21/2026,11,77,1,06/28/2026,AUTO_MAN,3,2
06/21/2026,12,78,1,06/28/2026,AUTO_MAN,3,2
06/21/2026,13,81,1,06/28/2026,AUTO_MAN,3,2
06/21/2026,14,82,1,06/28/2026,AUTO_MAN,3,2
06/21/2026,15,84,1,06/28/2026,AUTO_MAN,3,2
06/21/2026,16,82,1,06/28/2026,AUTO_MAN,3,2
06/21/2026,17,81,1,06/28/2026,AUTO_MAN,3,2
06/21/2026,18,79,1,06/28/2026,AUTO_MAN,3,2
06/21/2026,19,77,1,06/28/2026,AUTO_MAN,3,2
06/21/2026,20,72,1,06/28/2026,AUTO_MAN,3,2
06/21/2026,21,70,1,06/28/2026,AUTO_MAN,3,2
06/21/2026,22,67,1,06/28/2026,AUTO_MAN,3,2
06/21/2026,23,66,1,06/28/2026,AUTO_MAN,3,2
06/21/2026,24,64,1,06/28/2026,AUTO_MAN,3,2
06/22/2026,1,64,0,06/29/2026,AUTO_MAN,3,2
06/22/2026,2,63,0,06/29/2026,AUTO_MAN,3,2
06/22/2026,3,64,0,06/29/2026,AUTO_MAN,3,2
06/22/2026,4,63,0,06/29/2026,AUTO_MAN,3,2
06/22/2026,5,65,0,06/29/2026,AUTO_MAN,3,2
06/22/2026,6,65,0,06/29/2026,AUTO_MAN,3,2
06/22/2026,7,67,0,06/29/2026,AUTO_MAN,3,2
06/22/2026,8,66,0,06/29/2026,AUTO_MAN,3,2
06/22/2026,9,67,0,06/29/2026,AUTO_MAN,3,2
06/22/2026,10,70,0,06/29/2026,AUTO_MAN,3,2
06/22/2026,11,71,0,06/29/2026,AUTO_MAN,3,2
06/22/2026,12,68,0,06/29/2026,AUTO_MAN,3,2
06/22/2026,13,67,0,06/29/2026,AUTO_MAN,3,2
06/22/2026,14,66,0,06/29/2026,AUTO_MAN,3,2
06/22/2026,15,66,0,06/29/2026,AUTO_MAN,3,2
06/22/2026,16,66,0,06/29/2026,AUTO_MAN,3,2
06/22/2026,17,67,0,06/29/2026,AUTO_MAN,3,2
06/22/2026,18,67,0,06/29/2026,AUTO_MAN,3,2
06/22/2026,19,67,0,06/29/2026,AUTO_MAN,3,2
06/22/2026,20,66,0,06/29/2026,AUTO_MAN,3,2
06/22/2026,21,66,0,06/29/2026,AUTO_MAN,3,2
06/22/2026,22,66,0,06/29/2026,AUTO_MAN,3,2
06/22/2026,23,66,0,06/29/2026,AUTO_MAN,3,2
06/22/2026,24,67,0,06/29/2026,AUTO_MAN,3,2
06/23/2026,1,67,0,06/30/2026,AUTO_MAN,3,2
06/23/2026,2,66,0,06/30/2026,AUTO_MAN,3,2
06/23/2026,3,67,0,06/30/2026,AUTO_MAN,3,2
06/23/2026,4,67,0,06/30/2026,AUTO_MAN,3,2
06/23/2026,5,66,0,06/30/2026,AUTO_MAN,3,2
06/23/2026,6,67,0,06/30/2026,AUTO_MAN,3,2
06/23/2026,7,66,0,06/30/2026,AUTO_MAN,3,2
06/23/2026,8,66,0,06/30/2026,AUTO_MAN,3,2
06/23/2026,9,66,0,06/30/2026,AUTO_MAN,3,2
06/23/2026,10,66,0,06/30/2026,AUTO_MAN,3,2
06/23/2026,11,66,0,06/30/2026,AUTO_MAN,3,2
06/23/2026,12,66,0,06/30/2026,AUTO_MAN,3,2
06/23/2026,13,66,0,06/30/2026,AUTO_MAN,3,2
06/23/2026,14,66,0,06/30/2026,AUTO_MAN,3,2
06/23/2026,15,67,0,06/30/2026,AUTO_MAN,3,2
06/23/2026,16,69,0,06/30/2026,AUTO_MAN,3,2
06/23/2026,17,72,0,06/30/2026,AUTO_MAN,3,2
06/23/2026,18,74,0,06/30/2026,AUTO_MAN,3,2
06/23/2026,19,73,0,06/30/2026,AUTO_MAN,3,2
06/23/2026,20,68,0,06/30/2026,AUTO_MAN,3,2
06/23/2026,21,66,0,06/30/2026,AUTO_MAN,3,2
06/23/2026,22,65,0,06/30/2026,AUTO_MAN,3,2
06/23/2026,23,64,0,06/30/2026,AUTO_MAN,3,2
06/23/2026,24,63,0,06/30/2026,AUTO_MAN,3,2
06/24/2026,1,61,0,07/01/2026,AUTO_MAN,3,2
06/24/2026,2,58,0,07/01/2026,AUTO_MAN,3,2
06/24/2026,3,57,0,07/01/2026,AUTO_MAN,3,2
06/24/2026,4,55,0,07/01/2026,AUTO_MAN,3,2
06/24/2026,5,58,0,07/01/2026,AUTO_MAN,3,2
06/24/2026,6,60,0,07/01/2026,AUTO_MAN,3,2
06/24/2026,7,65,0,07/01/2026,AUTO_MAN,3,2
06/24/2026,8,69,0,07/01/2026,AUTO_MAN,3,2
06/24/2026,9,73,0,07/01/2026,AUTO_MAN,3,2
06/24/2026,10,74,0,07/01/2026,AUTO_MAN,3,2
06/24/2026,11,77,0,07/01/2026,AUTO_MAN,3,2
06/24/2026,12,78,0,07/01/2026,AUTO_MAN,3,2
06/24/2026,13,79,0,07/01/2026,AUTO_MAN,3,2
06/24/2026,14,81,0,07/01/2026,AUTO_MAN,3,2
06/24/2026,15,81,0,07/01/2026,AUTO_MAN,3,2
06/24/2026,16,82,0,07/01/2026,AUTO_MAN,3,2
06/24/2026,17,81,0,07/01/2026,AUTO_MAN,3,2
06/24/2026,18,79,0,07/01/2026,AUTO_MAN,3,2
06/24/2026,19,76,0,07/01/2026,AUTO_MAN,3,2
06/24/2026,20,73,0,07/01/2026,AUTO_MAN,3,2
06/24/2026,21,73,0,07/01/2026,AUTO_MAN,3,2
06/24/2026,22,66,0,07/01/2026,AUTO_MAN,3,2
06/24/2026,23,63,0,07/01/2026,AUTO_MAN,3,2
06/24/2026,24,61,0,07/01/2026,AUTO_MAN,3,2
06/25/2026,1,59,0,07/02/2026,AUTO_MAN,3,2
06/25/2026,2,57,0,07/02/2026,AUTO_MAN,3,2
06/25/2026,3,58,0,07/02/2026,AUTO_MAN,3,2
06/25/2026,4,56,0,07/02/2026,AUTO_MAN,3,2
06/25/2026,5,57,0,07/02/2026,AUTO_MAN,3,2
06/25/2026,6,60,0,07/02/2026,AUTO_MAN,3,2
06/25/2026,7,64,0,07/02/2026,AUTO_MAN,3,2
06/25/2026,8,70,0,07/02/2026,AUTO_MAN,3,2
06/25/2026,9,74,0,07/02/2026,AUTO_MAN,3,2
06/25/2026,10,79,0,07/02/2026,AUTO_MAN,3,2
06/25/2026,11,81,0,07/02/2026,AUTO_MAN,3,2
06/25/2026,12,83,0,07/02/2026,AUTO_MAN,3,2
06/25/2026,13,82,0,07/02/2026,AUTO_MAN,3,2
06/25/2026,14,82,0,07/02/2026,AUTO_MAN,3,2
06/25/2026,15,81,0,07/02/2026,AUTO_MAN,3,2
06/25/2026,16,81,0,07/02/2026,AUTO_MAN,3,2
06/25/2026,17,81,0,07/02/2026,AUTO_MAN,3,2
06/25/2026,18,80,0,07/02/2026,AUTO_MAN,3,2
06/25/2026,19,78,0,07/02/2026,AUTO_MAN,3,2
06/25/2026,20,75,0,07/02/2026,AUTO_MAN,3,2
06/25/2026,21,75,0,07/02/2026,AUTO_MAN,3,2
06/25/2026,22,73,0,07/02/2026,AUTO_MAN,3,2
06/25/2026,23,70,0,07/02/2026,AUTO_MAN,3,2
06/25/2026,24,69,0,07/02/2026,AUTO_MAN,3,2
06/26/2026,1,68,0,07/03/2026,AUTO_MAN,3,2
06/26/2026,2,67,0,07/03/2026,AUTO_MAN,3,2
06/26/2026,3,67,0,07/03/2026,AUTO_MAN,3,2
06/26/2026,4,66,0,07/03/2026,AUTO_MAN,3,2
06/26/2026,5,66,0,07/03/2026,AUTO_MAN,3,2
06/26/2026,6,67,0,07/03/2026,AUTO_MAN,3,2
06/26/2026,7,67,0,07/03/2026,AUTO_MAN,3,2
06/26/2026,8,68,0,07/03/2026,AUTO_MAN,3,2
06/26/2026,9,71,0,07/03/2026,AUTO_MAN,3,2
06/26/2026,10,73,0,07/03/2026,AUTO_MAN,3,2
06/26/2026,11,76,0,07/03/2026,AUTO_MAN,3,2
06/26/2026,12,75,0,07/03/2026,AUTO_MAN,3,2
06/26/2026,13,79,0,07/03/2026,AUTO_MAN,3,2
06/26/2026,14,79,0,07/03/2026,AUTO_MAN,3,2
06/26/2026,15,81,0,07/03/2026,AUTO_MAN,3,2
06/26/2026,16,80,0,07/03/2026,AUTO_MAN,3,2
06/26/2026,17,80,0,07/03/2026,AUTO_MAN,3,2
06/26/2026,18,80,0,07/03/2026,AUTO_MAN,3,2
06/26/2026,19,77,0,07/03/2026,AUTO_MAN,3,2
06/26/2026,20,75,0,07/03/2026,AUTO_MAN,3,2
06/26/2026,21,75,0,07/03/2026,AUTO_MAN,3,2
06/26/2026,22,73,0,07/03/2026,AUTO_MAN,3,2
06/26/2026,23,73,0,07/03/2026,AUTO_MAN,3,2
06/26/2026,24,71,0,07/03/2026,AUTO_MAN,3,2
06/27/2026,1,70,1,07/04/2026,AUTO_MAN,3,2
06/27/2026,2,70,1,07/04/2026,AUTO_MAN,3,2
06/27/2026,3,68,1,07/04/2026,AUTO_MAN,3,2
06/27/2026,4,69,1,07/04/2026,AUTO_MAN,3,2
06/27/2026,5,68,1,07/04/2026,AUTO_MAN,3,2
06/27/2026,6,69,1,07/04/2026,AUTO_MAN,3,2
06/27/2026,7,70,1,07/04/2026,AUTO_MAN,3,2
06/27/2026,8,70,1,07/04/2026,AUTO_MAN,3,2
06/27/2026,9,70,1,07/04/2026,AUTO_MAN,3,2
06/27/2026,10,70,1,07/04/2026,AUTO_MAN,3,2
06/27/2026,11,68,1,07/04/2026,AUTO_MAN,3,2
06/27/2026,12,67,1,07/04/2026,AUTO_MAN,3,2
06/27/2026,13,68,1,07/04/2026,AUTO_MAN,3,2
06/27/2026,14,70,1,07/04/2026,AUTO_MAN,3,2
06/27/2026,15,70,1,07/04/2026,AUTO_MAN,3,2
06/27/2026,16,69,1,07/04/2026,AUTO_MAN,3,2
06/27/2026,17,68,1,07/04/2026,AUTO_MAN,3,2
06/27/2026,18,67,1,07/04/2026,AUTO_MAN,3,2
06/27/2026,19,67,1,07/04/2026,AUTO_MAN,3,2
06/27/2026,20,67,1,07/04/2026,AUTO_MAN,3,2
06/27/2026,21,66,1,07/04/2026,AUTO_MAN,3,2
06/27/2026,22,67,1,07/04/2026,AUTO_MAN,3,2
06/27/2026,23,66,1,07/04/2026,AUTO_MAN,3,2
06/27/2026,24,66,1,07/04/2026,AUTO_MAN,3,2
06/28/2026,1,67,1,07/05/2026,AUTO_MAN,3,2
06/28/2026,2,66,1,07/05/2026,AUTO_MAN,3,2
06/28/2026,3,66,1,07/05/2026,AUTO_MAN,3,2
06/28/2026,4,67,1,07/05/2026,AUTO_MAN,3,2
06/28/2026,5,66,1,07/05/2026,AUTO_MAN,3,2
06/28/2026,6,67,1,07/05/2026,AUTO_MAN,3,2
06/28/2026,7,69,1,07/05/2026,AUTO_MAN,3,2
06/28/2026,8,71,1,07/05/2026,AUTO_MAN,3,2
06/28/2026,9,74,1,07/05/2026,AUTO_MAN,3,2
06/28/2026,10,76,1,07/05/2026,AUTO_MAN,3,2
06/28/2026,11,77,1,07/05/2026,AUTO_MAN,3,2
06/28/2026,12,78,1,07/05/2026,AUTO_MAN,3,2
06/28/2026,13,79,1,07/05/2026,AUTO_MAN,3,2
06/28/2026,14,82,1,07/05/2026,AUTO_MAN,3,2
06/28/2026,15,82,1,07/05/2026,AUTO_MAN,3,2
06/28/2026,16,81,1,07/05/2026,AUTO_MAN,3,2
06/28/2026,17,80,1,07/05/2026,AUTO_MAN,3,2
06/28/2026,18,80,1,07/05/2026,AUTO_MAN,3,2
06/28/2026,19,76,1,07/05/2026,AUTO_MAN,3,2
06/28/2026,20,72,1,07/05/2026,AUTO_MAN,3,2
06/28/2026,21,72,1,07/05/2026,AUTO_MAN,3,2
06/28/2026,22,71,1,07/05/2026,AUTO_MAN,3,2
06/28/2026,23,70,1,07/05/2026,AUTO_MAN,3,2
06/28/2026,24,67,1,07/05/2026,AUTO_MAN,3,2
06/29/2026,1,67,0,07/06/2026,AUTO_MAN,3,2
06/29/2026,2,66,0,07/06/2026,AUTO_MAN,3,2
06/29/2026,3,65,0,07/06/2026,AUTO_MAN,3,2
06/29/2026,4,63,0,07/06/2026,AUTO_MAN,3,2
06/29/2026,5,63,0,07/06/2026,AUTO_MAN,3,2
06/29/2026,6,66,0,07/06/2026,AUTO_MAN,3,2
06/29/2026,7,67,0,07/06/2026,AUTO_MAN,3,2
06/29/2026,8,70,0,07/06/2026,AUTO_MAN,3,2
06/29/2026,9,77,0,07/06/2026,AUTO_MAN,3,2
06/29/2026,10,81,0,07/06/2026,AUTO_MAN,3,2
06/29/2026,11,83,0,07/06/2026,AUTO_MAN,3,2
06/29/2026,12,83,0,07/06/2026,AUTO_MAN,3,2
06/29/2026,13,83,0,07/06/2026,AUTO_MAN,3,2
06/29/2026,14,82,0,07/06/2026,AUTO_MAN,3,2
06/29/2026,15,84,0,07/06/2026,AUTO_MAN,3,2
06/29/2026,16,86,0,07/06/2026,AUTO_MAN,3,2
06/29/2026,17,86,0,07/06/2026,AUTO_MAN,3,2
06/29/2026,18,85,0,07/06/2026,AUTO_MAN,3,2
06/29/2026,19,84,0,07/06/2026,AUTO_MAN,3,2
06/29/2026,20,81,0,07/06/2026,AUTO_MAN,3,2
06/29/2026,21,79,0,07/06/2026,AUTO_MAN,3,2
06/29/2026,22,78,0,07/06/2026,AUTO_MAN,3,2
06/29/2026,23,73,0,07/06/2026,AUTO_MAN,3,2
06/29/2026,24,74,0,07/06/2026,AUTO_MAN,3,2
06/30/2026,1,72,0,07/07/2026,AUTO_MAN,3,2
06/30/2026,2,70,0,07/07/2026,AUTO_MAN,3,2
06/30/2026,3,68,0,07/07/2026,AUTO_MAN,3,2
06/30/2026,4,67,0,07/07/2026,AUTO_MAN,3,2
06/30/2026,5,65,0,07/07/2026,AUTO_MAN,3,2
06/30/2026,6,69,0,07/07/2026,AUTO_MAN,3,2
06/30/2026,7,74,0,07/07/2026,AUTO_MAN,3,2
06/30/2026,8,77,0,07/07/2026,AUTO_MAN,3,2
06/30/2026,9,81,0,07/07/2026,AUTO_MAN,3,2
06/30/2026,10,84,0,07/07/2026,AUTO_MAN,3,2
06/30/2026,11,86,0,07/07/2026,AUTO_MAN,3,2
06/30/2026,12,86,0,07/07/2026,AUTO_MAN,3,2
06/30/2026,13,88,0,07/07/2026,AUTO_MAN,3,2
06/30/2026,14,84,0,07/07/2026,AUTO_MAN,3,2
06/30/2026,15,89,0,07/07/2026,AUTO_MAN,3,2
06/30/2026,16,89,0,07/07/2026,AUTO_MAN,3,2
06/30/2026,17,88,0,07/07/2026,AUTO_MAN,3,2
06/30/2026,18,87,0,07/07/2026,AUTO_MAN,3,2
06/30/2026,19,85,0,07/07/2026,AUTO_MAN,3,2
06/30/2026,20,83,0,07/07/2026,AUTO_MAN,3,2
06/30/2026,21,80,0,07/07/2026,AUTO_MAN,3,2
06/30/2026,22,78,0,07/07/2026,AUTO_MAN,3,2
06/30/2026,23,76,0,07/07/2026,AUTO_MAN,3,2
06/30/2026,24,74,0,07/07/2026,AUTO_MAN,3,2
07/01/2026,1,73,0,07/07/2026,AUTO_MAN,3,2
07/01/2026,2,72,0,07/07/2026,AUTO_MAN,3,2
07/01/2026,3,72,0,07/07/2026,AUTO_MAN,3,2
07/01/2026,4,69,0,07/07/2026,AUTO_MAN,3,2
07/01/2026,5,68,0,07/07/2026,AUTO_MAN,3,2
07/01/2026,6,73,0,07/07/2026,AUTO_MAN,3,2
07/01/2026,7,76,0,07/07/2026,AUTO_MAN,3,2
07/01/2026,8,80,0,07/07/2026,AUTO_MAN,3,2
07/01/2026,9,83,0,07/07/2026,AUTO_MAN,3,2
07/01/2026,10,87,0,07/07/2026,AUTO_MAN,3,2
07/01/2026,11,89,0,07/07/2026,AUTO_MAN,3,2
07/01/2026,12,92,0,07/07/2026,AUTO_MAN,3,2
07/01/2026,13,95,0,07/07/2026,AUTO_MAN,3,2
07/01/2026,14,93,0,07/07/2026,AUTO_MAN,3,2
07/01/2026,15,97,0,07/07/2026,AUTO_MAN,3,2
07/01/2026,16,96,0,07/07/2026,AUTO_MAN,3,2
07/01/2026,17,94,0,07/07/2026,AUTO_MAN,3,2
07/01/2026,18,94,0,07/07/2026,AUTO_MAN,3,2
07/01/2026,19,91,0,07/07/2026,AUTO_MAN,3,2
07/01/2026,20,87,0,07/07/2026,AUTO_MAN,3,2
07/01/2026,21,86,0,07/07/2026,AUTO_MAN,3,2
07/01/2026,22,86,0,07/07/2026,AUTO_MAN,3,2
07/01/2026,23,83,0,07/07/2026,AUTO_MAN,3,2
07/01/2026,24,81,0,07/07/2026,AUTO_MAN,3,2
07/02/2026,1,81,0,07/07/2026,AUTO_MAN,3,2
07/02/2026,2,78,0,07/07/2026,AUTO_MAN,3,2
07/02/2026,3,78,0,07/07/2026,AUTO_MAN,3,2
07/02/2026,4,77,0,07/07/2026,AUTO_MAN,3,2
07/02/2026,5,76,0,07/07/2026,AUTO_MAN,3,2
07/02/2026,6,78,0,07/07/2026,AUTO_MAN,3,2
07/02/2026,7,84,0,07/07/2026,AUTO_MAN,3,2
07/02/2026,8,86,0,07/07/2026,AUTO_MAN,3,2
07/02/2026,9,89,0,07/07/2026,AUTO_MAN,3,2
07/02/2026,10,92,0,07/07/2026,AUTO_MAN,3,2
07/02/2026,11,94,0,07/07/2026,AUTO_MAN,3,2
07/02/2026,12,96,0,07/07/2026,AUTO_MAN,3,2
07/02/2026,13,98,0,07/07/2026,AUTO_MAN,3,2
07/02/2026,14,100,0,07/07/2026,AUTO_MAN,3,2
07/02/2026,15,100,0,07/07/2026,AUTO_MAN,3,2
07/02/2026,16,101,0,07/07/2026,AUTO_MAN,3,2
07/02/2026,17,99,0,07/07/2026,AUTO_MAN,3,2
07/02/2026,18,97,0,07/07/2026,AUTO_MAN,3,2
07/02/2026,19,92,0,07/07/2026,AUTO_MAN,3,2
07/02/2026,20,88,0,07/07/2026,AUTO_MAN,3,2
07/02/2026,21,88,0,07/07/2026,AUTO_MAN,3,2
07/02/2026,22,85,0,07/07/2026,AUTO_MAN,3,2
07/02/2026,23,84,0,07/07/2026,AUTO_MAN,3,2
07/02/2026,24,84,0,07/07/2026,AUTO_MAN,3,2
07/03/2026,1,82,1,07/07/2026,AUTO_MAN,3,2
07/03/2026,2,82,1,07/07/2026,AUTO_MAN,3,2
07/03/2026,3,79,1,07/07/2026,AUTO_MAN,3,2
07/03/2026,4,79,1,07/07/2026,AUTO_MAN,3,2
07/03/2026,5,76,1,07/07/2026,AUTO_MAN,3,2
07/03/2026,6,81,1,07/07/2026,AUTO_MAN,3,2
07/03/2026,7,85,1,07/07/2026,AUTO_MAN,3,2
07/03/2026,8,88,1,07/07/2026,AUTO_MAN,3,2
07/03/2026,9,90,1,07/07/2026,AUTO_MAN,3,2
07/03/2026,10,93,1,07/07/2026,AUTO_MAN,3,2
07/03/2026,11,95,1,07/07/2026,AUTO_MAN,3,2
07/03/2026,12,96,1,07/07/2026,AUTO_MAN,3,2
07/03/2026,13,99,1,07/07/2026,AUTO_MAN,3,2
07/03/2026,14,99,1,07/07/2026,AUTO_MAN,3,2
07/03/2026,15,98,1,07/07/2026,AUTO_MAN,3,2
07/03/2026,16,99,1,07/07/2026,AUTO_MAN,3,2
07/03/2026,17,98,1,07/07/2026,AUTO_MAN,3,2
07/03/2026,18,94,1,07/07/2026,AUTO_MAN,3,2
07/03/2026,19,78,1,07/07/2026,AUTO_MAN,3,2
07/03/2026,20,76,1,07/07/2026,AUTO_MAN,3,2
07/03/2026,21,75,1,07/07/2026,AUTO_MAN,3,2
07/03/2026,22,72,1,07/07/2026,AUTO_MAN,3,2
07/03/2026,23,73,1,07/07/2026,AUTO_MAN,3,2
07/03/2026,24,72,1,07/07/2026,AUTO_MAN,3,2
07/04/2026,1,73,1,07/07/2026,AUTO_MAN,3,2
07/04/2026,2,73,1,07/07/2026,AUTO_MAN,3,2
07/04/2026,3,72,1,07/07/2026,AUTO_MAN,3,2
07/04/2026,4,73,1,07/07/2026,AUTO_MAN,3,2
07/04/2026,5,72,1,07/07/2026,AUTO_MAN,3,2
07/04/2026,6,75,1,07/07/2026,AUTO_MAN,3,2
07/04/2026,7,79,1,07/07/2026,AUTO_MAN,3,2
07/04/2026,8,82,1,07/07/2026,AUTO_MAN,3,2
07/04/2026,9,86,1,07/07/2026,AUTO_MAN,3,2
07/04/2026,10,88,1,07/07/2026,AUTO_MAN,3,2
07/04/2026,11,91,1,07/07/2026,AUTO_MAN,3,2
07/04/2026,12,93,1,07/07/2026,AUTO_MAN,3,2
07/04/2026,13,93,1,07/07/2026,AUTO_MAN,3,2
07/04/2026,14,95,1,07/07/2026,AUTO_MAN,3,2
07/04/2026,15,95,1,07/07/2026,AUTO_MAN,3,2
07/04/2026,16,95,1,07/07/2026,AUTO_MAN,3,2
07/04/2026,17,95,1,07/07/2026,AUTO_MAN,3,2
07/04/2026,18,94,1,07/07/2026,AUTO_MAN,3,2
07/04/2026,19,87,1,07/07/2026,AUTO_MAN,3,2
07/04/2026,20,80,1,07/07/2026,AUTO_MAN,3,2
07/04/2026,21,74,1,07/07/2026,AUTO_MAN,3,2
07/04/2026,22,75,1,07/07/2026,AUTO_MAN,3,2
07/04/2026,23,75,1,07/07/2026,AUTO_MAN,3,2
07/04/2026,24,73,1,07/07/2026,AUTO_MAN,3,2
07/05/2026,1,72,1,07/07/2026,AUTO_MAN,3,2
07/05/2026,2,71,1,07/07/2026,AUTO_MAN,3,2
07/05/2026,3,71,1,07/07/2026,AUTO_MAN,3,2
07/05/2026,4,71,1,07/07/2026,AUTO_MAN,3,2
07/05/2026,5,71,1,07/07/2026,AUTO_MAN,3,2
07/05/2026,6,71,1,07/07/2026,AUTO_MAN,3,2
07/05/2026,7,74,1,07/07/2026,AUTO_MAN,3,2
07/05/2026,8,75,1,07/07/2026,AUTO_MAN,3,2
07/05/2026,9,78,1,07/07/2026,AUTO_MAN,3,2
07/05/2026,10,79,1,07/07/2026,AUTO_MAN,3,2
07/05/2026,11,79,1,07/07/2026,AUTO_MAN,3,2
07/05/2026,12,80,1,07/07/2026,AUTO_MAN,3,2
07/05/2026,13,83,1,07/07/2026,AUTO_MAN,3,2
07/05/2026,14,83,1,07/07/2026,AUTO_MAN,3,2
07/05/2026,15,84,1,07/07/2026,AUTO_MAN,3,2
07/05/2026,16,84,1,07/07/2026,AUTO_MAN,3,2
07/05/2026,17,83,1,07/07/2026,AUTO_MAN,3,2
07/05/2026,18,82,1,07/07/2026,AUTO_MAN,3,2
07/05/2026,19,81,1,07/07/2026,AUTO_MAN,3,2
07/05/2026,20,81,1,07/07/2026,AUTO_MAN,3,2
07/05/2026,21,74,1,07/07/2026,AUTO_MAN,3,2
07/05/2026,22,74,1,07/07/2026,AUTO_MAN,3,2
07/05/2026,23,72,1,07/07/2026,AUTO_MAN,3,2
07/05/2026,24,72,1,07/07/2026,AUTO_MAN,3,2
07/06/2026,1,72,0,07/07/2026,AUTO_MAN,3,2
07/06/2026,2,71,0,07/07/2026,AUTO_MAN,3,2
07/06/2026,3,71,0,07/07/2026,AUTO_MAN,3,2
07/06/2026,4,71,0,07/07/2026,AUTO_MAN,3,2
07/06/2026,5,71,0,07/07/2026,AUTO_MAN,3,2
07/06/2026,6,71,0,07/07/2026,AUTO_MAN,3,2
07/06/2026,7,71,0,07/07/2026,AUTO_MAN,3,2
07/06/2026,8,71,0,07/07/2026,AUTO_MAN,3,2
07/06/2026,9,71,0,07/07/2026,AUTO_MAN,3,2
07/06/2026,10,72,0,07/07/2026,AUTO_MAN,3,2
07/06/2026,11,73,0,07/07/2026,AUTO_MAN,3,2
07/06/2026,12,73,0,07/07/2026,AUTO_MAN,3,2
07/06/2026,13,72,0,07/07/2026,AUTO_MAN,3,2
07/06/2026,14,72,0,07/07/2026,AUTO_MAN,3,2
07/06/2026,15,70,0,07/07/2026,AUTO_MAN,3,2
07/06/2026,16,70,0,07/07/2026,AUTO_MAN,3,2
07/06/2026,17,71,0,07/07/2026,AUTO_MAN,3,2
07/06/2026,18,70,0,07/07/2026,AUTO_MAN,3,2
07/06/2026,19,69,0,07/07/2026,AUTO_MAN,3,2
07/06/2026,20,68,0,07/07/2026,AUTO_MAN,3,2
07/06/2026,21,67,0,07/07/2026,AUTO_MAN,3,2
07/06/2026,22,67,0,07/07/2026,AUTO_MAN,3,2
07/06/2026,23,66,0,07/07/2026,AUTO_MAN,3,2
07/06/2026,24,66,0,07/07/2026,AUTO_MAN,3,2
07/07/2026,1,18.9,0,07/07/2026,AUTO_MAN,3,4
07/07/2026,2,18.9,0,07/07/2026,AUTO_MAN,3,4
07/07/2026,3,18.9,0,07/07/2026,AUTO_MAN,3,4
07/07/2026,4,18.9,0,07/07/2026,AUTO_MAN,3,4
07/07/2026,5,18.9,0,07/07/2026,AUTO_MAN,3,4
07/07/2026,6,18.9,0,07/07/2026,AUTO_MAN,3,4
07/07/2026,7,18.3,0,07/07/2026,AUTO_MAN,3,4
07/07/2026,8,18.3,0,07/07/2026,AUTO_MAN,3,4
07/07/2026,9,18.9,0,07/07/2026,AUTO_MAN,3,4
07/07/2026,10,19.4,0,07/07/2026,AUTO_MAN,3,4
07/07/2026,11,20,0,07/07/2026,AUTO_MAN,3,4
07/07/2026,12,20.6,0,07/07/2026,AUTO_MAN,3,4
07/07/2026,13,21.1,0,07/07/2026,AUTO_MAN,3,4
07/07/2026,14,21.7,0,07/07/2026,AUTO_MAN,3,4
07/07/2026,15,22.2,0,07/07/2026,AUTO_MAN,3,4
07/07/2026,16,22.2,0,07/07/2026,AUTO_MAN,3,4
07/07/2026,17,22.8,0,07/07/2026,AUTO_MAN,3,4
07/07/2026,18,22.8,0,07/07/2026,AUTO_MAN,3,4
07/07/2026,19,22.2,0,07/07/2026,AUTO_MAN,3,4
07/07/2026,20,21.7,0,07/07/2026,AUTO_MAN,3,4
07/07/2026,21,21.1,0,07/07/2026,AUTO_MAN,3,4
07/07/2026,22,20.6,0,07/07/2026,AUTO_MAN,3,4
07/07/2026,23,19.4,0,07/07/2026,AUTO_MAN,3,4
07/07/2026,24,19.4,0,07/07/2026,AUTO_MAN,3,4
07/08/2026,1,18.9,0,07/07/2026,AUTO_MAN,3,4
07/08/2026,2,18.9,0,07/07/2026,AUTO_MAN,3,4
07/08/2026,3,18.3,0,07/07/2026,AUTO_MAN,3,4
07/08/2026,4,17.8,0,07/07/2026,AUTO_MAN,3,4
07/08/2026,5,17.8,0,07/07/2026,AUTO_MAN,3,4
07/08/2026,6,17.8,0,07/07/2026,AUTO_MAN,3,4
07/08/2026,7,18.3,0,07/07/2026,AUTO_MAN,3,4
07/08/2026,8,19.4,0,07/07/2026,AUTO_MAN,3,4
07/08/2026,9,20.6,0,07/07/2026,AUTO_MAN,3,4
07/08/2026,10,22.2,0,07/07/2026,AUTO_MAN,3,4
07/08/2026,11,23.3,0,07/07/2026,AUTO_MAN,3,4
07/08/2026,12,24.4,0,07/07/2026,AUTO_MAN,3,4
07/08/2026,13,25,0,07/07/2026,AUTO_MAN,3,4
07/08/2026,14,26.1,0,07/07/2026,AUTO_MAN,3,4
07/08/2026,15,26.7,0,07/07/2026,AUTO_MAN,3,4
07/08/2026,16,27.2,0,07/07/2026,AUTO_MAN,3,4
07/08/2026,17,27.2,0,07/07/2026,AUTO_MAN,3,4
07/08/2026,18,27.2,0,07/07/2026,AUTO_MAN,3,4
07/08/2026,19,26.7,0,07/07/2026,AUTO_MAN,3,4
07/08/2026,20,25.6,0,07/07/2026,AUTO_MAN,3,4
07/08/2026,21,24.4,0,07/07/2026,AUTO_MAN,3,4
07/08/2026,22,22.8,0,07/07/2026,AUTO_MAN,3,4
07/08/2026,23,22.2,0,07/07/2026,AUTO_MAN,3,4
07/08/2026,24,21.1,0,07/07/2026,AUTO_MAN,3,4
07/09/2026,1,21.1,0,07/07/2026,AUTO_MAN,3,4
07/09/2026,2,20.6,0,07/07/2026,AUTO_MAN,3,4
07/09/2026,3,20,0,07/07/2026,AUTO_MAN,3,4
07/09/2026,4,20,0,07/07/2026,AUTO_MAN,3,4
07/09/2026,5,20,0,07/07/2026,AUTO_MAN,3,4
07/09/2026,6,20,0,07/07/2026,AUTO_MAN,3,4
07/09/2026,7,21.1,0,07/07/2026,AUTO_MAN,3,4
07/09/2026,8,22.2,0,07/07/2026,AUTO_MAN,3,4
07/09/2026,9,23.3,0,07/07/2026,AUTO_MAN,3,4
07/09/2026,10,24.4,0,07/07/2026,AUTO_MAN,3,4
07/09/2026,11,25,0,07/07/2026,AUTO_MAN,3,4
07/09/2026,12,25.6,0,07/07/2026,AUTO_MAN,3,4
07/09/2026,13,25.6,0,07/07/2026,AUTO_MAN,3,4
07/09/2026,14,26.1,0,07/07/2026,AUTO_MAN,3,4
07/09/2026,15,26.7,0,07/07/2026,AUTO_MAN,3,4
07/09/2026,16,26.7,0,07/07/2026,AUTO_MAN,3,4
07/09/2026,17,27.2,0,07/07/2026,AUTO_MAN,3,4
07/09/2026,18,27.2,0,07/07/2026,AUTO_MAN,3,4
07/09/2026,19,26.7,0,07/07/2026,AUTO_MAN,3,4
07/09/2026,20,26.1,0,07/07/2026,AUTO_MAN,3,4
07/09/2026,21,24.4,0,07/07/2026,AUTO_MAN,3,4
07/09/2026,22,23.9,0,07/07/2026,AUTO_MAN,3,4
07/09/2026,23,23.3,0,07/07/2026,AUTO_MAN,3,4
07/09/2026,24,22.8,0,07/07/2026,AUTO_MAN,3,4
07/10/2026,1,22.8,0,07/07/2026,AUTO_MAN,3,4
07/10/2026,2,22.2,0,07/07/2026,AUTO_MAN,3,4
07/10/2026,3,22.2,0,07/07/2026,AUTO_MAN,3,4
07/10/2026,4,21.7,0,07/07/2026,AUTO_MAN,3,4
07/10/2026,5,21.7,0,07/07/2026,AUTO_MAN,3,4
07/10/2026,6,21.7,0,07/07/2026,AUTO_MAN,3,4
07/10/2026,7,22.2,0,07/07/2026,AUTO_MAN,3,4
07/10/2026,8,23.3,0,07/07/2026,AUTO_MAN,3,4
07/10/2026,9,24.4,0,07/07/2026,AUTO_MAN,3,4
07/10/2026,10,26.1,0,07/07/2026,AUTO_MAN,3,4
07/10/2026,11,27.2,0,07/07/2026,AUTO_MAN,3,4
07/10/2026,12,28.3,0,07/07/2026,AUTO_MAN,3,4
07/10/2026,13,28.3,0,07/07/2026,AUTO_MAN,3,4
07/10/2026,14,28.3,0,07/07/2026,AUTO_MAN,3,4
07/10/2026,15,27.2,0,07/07/2026,AUTO_MAN,3,4
07/10/2026,16,27.2,0,07/07/2026,AUTO_MAN,3,4
07/10/2026,17,26.7,0,07/07/2026,AUTO_MAN,3,4
07/10/2026,18,26.7,0,07/07/2026,AUTO_MAN,3,4
07/10/2026,19,26.1,0,07/07/2026,AUTO_MAN,3,4
07/10/2026,20,25,0,07/07/2026,AUTO_MAN,3,4
07/10/2026,21,24.4,0,07/07/2026,AUTO_MAN,3,4
07/10/2026,22,23.3,0,07/07/2026,AUTO_MAN,3,4
07/10/2026,23,22.8,0,07/07/2026,AUTO_MAN,3,4
07/10/2026,24,22.2,0,07/07/2026,AUTO_MAN,3,4
07/11/2026,1,21.7,1,07/07/2026,AUTO_MAN,3,4
07/11/2026,2,21.7,1,07/07/2026,AUTO_MAN,3,4
07/11/2026,3,21.1,1,07/07/2026,AUTO_MAN,3,4
07/11/2026,4,20.6,1,07/07/2026,AUTO_MAN,3,4
07/11/2026,5,20.6,1,07/07/2026,AUTO_MAN,3,4
07/11/2026,6,20.6,1,07/07/2026,AUTO_MAN,3,4
07/11/2026,7,21.1,1,07/07/2026,AUTO_MAN,3,4
07/11/2026,8,22.2,1,07/07/2026,AUTO_MAN,3,4
07/11/2026,9,23.3,1,07/07/2026,AUTO_MAN,3,4
07/11/2026,10,24.4,1,07/07/2026,AUTO_MAN,3,4
07/11/2026,11,25.6,1,07/07/2026,AUTO_MAN,3,4
07/11/2026,12,26.1,1,07/07/2026,AUTO_MAN,3,4
07/11/2026,13,26.7,1,07/07/2026,AUTO_MAN,3,4
07/11/2026,14,27.2,1,07/07/2026,AUTO_MAN,3,4
07/11/2026,15,27.2,1,07/07/2026,AUTO_MAN,3,4
07/11/2026,16,27.8,1,07/07/2026,AUTO_MAN,3,4
07/11/2026,17,27.8,1,07/07/2026,AUTO_MAN,3,4
07/11/2026,18,27.2,1,07/07/2026,AUTO_MAN,3,4
07/11/2026,19,26.7,1,07/07/2026,AUTO_MAN,3,4
07/11/2026,20,25.6,1,07/07/2026,AUTO_MAN,3,4
07/11/2026,21,23.9,1,07/07/2026,AUTO_MAN,3,4
07/11/2026,22,22.8,1,07/07/2026,AUTO_MAN,3,4
07/11/2026,23,21.7,1,07/07/2026,AUTO_MAN,3,4
07/11/2026,24,21.1,1,07/07/2026,AUTO_MAN,3,4
07/12/2026,1,20,1,07/07/2026,AUTO_MAN,3,4
07/12/2026,2,19.4,1,07/07/2026,AUTO_MAN,3,4
07/12/2026,3,18.9,1,07/07/2026,AUTO_MAN,3,4
07/12/2026,4,18.3,1,07/07/2026,AUTO_MAN,3,4
07/12/2026,5,18.3,1,07/07/2026,AUTO_MAN,3,4
07/12/2026,6,18.9,1,07/07/2026,AUTO_MAN,3,4
07/12/2026,7,20,1,07/07/2026,AUTO_MAN,3,4
07/12/2026,8,21.1,1,07/07/2026,AUTO_MAN,3,4
07/12/2026,9,22.8,1,07/07/2026,AUTO_MAN,3,4
07/12/2026,10,23.9,1,07/07/2026,AUTO_MAN,3,4
07/12/2026,11,25.6,1,07/07/2026,AUTO_MAN,3,4
07/12/2026,12,26.1,1,07/07/2026,AUTO_MAN,3,4
07/12/2026,13,27.2,1,07/07/2026,AUTO_MAN,3,4
07/12/2026,14,27.8,1,07/07/2026,AUTO_MAN,3,4
07/12/2026,15,27.8,1,07/07/2026,AUTO_MAN,3,4
07/12/2026,16,27.8,1,07/07/2026,AUTO_MAN,3,4
07/12/2026,17,27.2,1,07/07/2026,AUTO_MAN,3,4
07/12/2026,18,26.7,1,07/07/2026,AUTO_MAN,3,4
07/12/2026,19,26.1,1,07/07/2026,AUTO_MAN,3,4
07/12/2026,20,25,1,07/07/2026,AUTO_MAN,3,4
07/12/2026,21,23.3,1,07/07/2026,AUTO_MAN,3,4
07/12/2026,22,22.2,1,07/07/2026,AUTO_MAN,3,4
07/12/2026,23,21.1,1,07/07/2026,AUTO_MAN,3,4
07/12/2026,24,20.6,1,07/07/2026,AUTO_MAN,3,4
07/13/2026,1,20,0,07/07/2026,AUTO_MAN,3,4
07/13/2026,2,19.4,0,07/07/2026,AUTO_MAN,3,4
07/13/2026,3,18.3,0,07/07/2026,AUTO_MAN,3,4
07/13/2026,4,18.3,0,07/07/2026,AUTO_MAN,3,4
07/13/2026,5,17.8,0,07/07/2026,AUTO_MAN,3,4
07/13/2026,6,18.3,0,07/07/2026,AUTO_MAN,3,4
07/13/2026,7,19.4,0,07/07/2026,AUTO_MAN,3,4
07/13/2026,8,20.6,0,07/07/2026,AUTO_MAN,3,4
07/13/2026,9,22.2,0,07/07/2026,AUTO_MAN,3,4
07/13/2026,10,24.4,0,07/07/2026,AUTO_MAN,3,4
07/13/2026,11,26.1,0,07/07/2026,AUTO_MAN,3,4
07/13/2026,12,27.2,0,07/07/2026,AUTO_MAN,3,4
07/13/2026,13,28.3,0,07/07/2026,AUTO_MAN,3,4
07/13/2026,14,28.9,0,07/07/2026,AUTO_MAN,3,4
07/13/2026,15,29.4,0,07/07/2026,AUTO_MAN,3,4
07/13/2026,16,30,0,07/07/2026,AUTO_MAN,3,4
07/13/2026,17,29.4,0,07/07/2026,AUTO_MAN,3,4
07/13/2026,18,28.9,0,07/07/2026,AUTO_MAN,3,4
07/13/2026,19,27.8,0,07/07/2026,AUTO_MAN,3,4
07/13/2026,20,26.7,0,07/07/2026,AUTO_MAN,3,4
07/13/2026,21,25.6,0,07/07/2026,AUTO_MAN,3,4
07/13/2026,22,24.4,0,07/07/2026,AUTO_MAN,3,4
07/13/2026,23,22.8,0,07/07/2026,AUTO_MAN,3,4
07/13/2026,24,22.2,0,07/07/2026,AUTO_MAN,3,4
07/14/2026,1,21.1,0,07/07/2026,AUTO_MAN,3,4
07/14/2026,2,20.6,0,07/07/2026,AUTO_MAN,3,4
07/14/2026,3,20,0,07/07/2026,AUTO_MAN,3,4
07/14/2026,4,19.4,0,07/07/2026,AUTO_MAN,3,4
07/14/2026,5,18.9,0,07/07/2026,AUTO_MAN,3,4
07/14/2026,6,19.4,0,07/07/2026,AUTO_MAN,3,4
07/14/2026,7,20.6,0,07/07/2026,AUTO_MAN,3,4
07/14/2026,8,22.2,0,07/07/2026,AUTO_MAN,3,4
07/14/2026,9,23.9,0,07/07/2026,AUTO_MAN,3,4
07/14/2026,10,25.6,0,07/07/2026,AUTO_MAN,3,4
07/14/2026,11,27.8,0,07/07/2026,AUTO_MAN,3,4
07/14/2026,12,28.9,0,07/07/2026,AUTO_MAN,3,4
07/14/2026,13,30,0,07/07/2026,AUTO_MAN,3,4
07/14/2026,14,31.1,0,07/07/2026,AUTO_MAN,3,4
07/14/2026,15,31.7,0,07/07/2026,AUTO_MAN,3,4
07/14/2026,16,32.8,0,07/07/2026,AUTO_MAN,3,4
07/14/2026,17,32.2,0,07/07/2026,AUTO_MAN,3,4
07/14/2026,18,32.2,0,07/07/2026,AUTO_MAN,3,4
07/14/2026,19,31.1,0,07/07/2026,AUTO_MAN,3,4
07/14/2026,20,30,0,07/07/2026,AUTO_MAN,3,4
07/14/2026,21,28.3,0,07/07/2026,AUTO_MAN,3,4
07/14/2026,22,27.2,0,07/07/2026,AUTO_MAN,3,4
07/14/2026,23,26.1,0,07/07/2026,AUTO_MAN,3,4
07/14/2026,24,25.6,0,07/07/2026,AUTO_MAN,3,4
07/15/2026,1,25,0,07/07/2026,AUTO_MAN,3,4
07/15/2026,2,24.4,0,07/07/2026,AUTO_MAN,3,4
07/15/2026,3,23.9,0,07/07/2026,AUTO_MAN,3,4
07/15/2026,4,23.9,0,07/07/2026,AUTO_MAN,3,4
07/15/2026,5,23.3,0,07/07/2026,AUTO_MAN,3,4
07/15/2026,6,23.3,0,07/07/2026,AUTO_MAN,3,4
07/15/2026,7,23.9,0,07/07/2026,AUTO_MAN,3,4
07/15/2026,8,25,0,07/07/2026,AUTO_MAN,3,4
07/15/2026,9,26.7,0,07/07/2026,AUTO_MAN,3,4
07/15/2026,10,28.3,0,07/07/2026,AUTO_MAN,3,4
07/15/2026,11,29.4,0,07/07/2026,AUTO_MAN,3,4
07/15/2026,12,31.1,0,07/07/2026,AUTO_MAN,3,4
07/15/2026,13,31.7,0,07/07/2026,AUTO_MAN,3,4
07/15/2026,14,32.2,0,07/07/2026,AUTO_MAN,3,4
07/15/2026,15,32.8,0,07/07/2026,AUTO_MAN,3,4
07/15/2026,16,32.8,0,07/07/2026,AUTO_MAN,3,4
07/15/2026,17,31.7,0,07/07/2026,AUTO_MAN,3,4
07/15/2026,18,30.6,0,07/07/2026,AUTO_MAN,3,4
07/15/2026,19,28.9,0,07/07/2026,AUTO_MAN,3,4
07/15/2026,20,26.7,0,07/07/2026,AUTO_MAN,3,4
07/15/2026,21,25,0,07/07/2026,AUTO_MAN,3,4
07/15/2026,22,23.3,0,07/07/2026,AUTO_MAN,3,4
07/15/2026,23,21.7,0,07/07/2026,AUTO_MAN,3,4
07/15/2026,24,20,0,07/07/2026,AUTO_MAN,3,4
07/16/2026,1,19.4,0,07/07/2026,AUTO_MAN,3,4
07/16/2026,2,19.4,0,07/07/2026,AUTO_MAN,3,4
07/16/2026,3,19.4,0,07/07/2026,AUTO_MAN,3,4
07/16/2026,4,20,0,07/07/2026,AUTO_MAN,3,4
07/16/2026,5,20.6,0,07/07/2026,AUTO_MAN,3,4
07/16/2026,6,20.6,0,07/07/2026,AUTO_MAN,3,4
07/16/2026,7,21.7,0,07/07/2026,AUTO_MAN,3,4
07/16/2026,8,22.8,0,07/07/2026,AUTO_MAN,3,4
07/16/2026,9,25,0,07/07/2026,AUTO_MAN,3,4
07/16/2026,10,26.1,0,07/07/2026,AUTO_MAN,3,4
07/16/2026,11,27.8,0,07/07/2026,AUTO_MAN,3,4
07/16/2026,12,29.4,0,07/07/2026,AUTO_MAN,3,4
07/16/2026,13,30,0,07/07/2026,AUTO_MAN,3,4
07/16/2026,14,30.6,0,07/07/2026,AUTO_MAN,3,4
07/16/2026,15,31.1,0,07/07/2026,AUTO_MAN,3,4
07/16/2026,16,31.7,0,07/07/2026,AUTO_MAN,3,4
07/16/2026,17,31.7,0,07/07/2026,AUTO_MAN,3,4
07/16/2026,18,31.1,0,07/07/2026,AUTO_MAN,3,4
07/16/2026,19,30,0,07/07/2026,AUTO_MAN,3,4
07/16/2026,20,28.3,0,07/07/2026,AUTO_MAN,3,4
07/16/2026,21,26.1,0,07/07/2026,AUTO_MAN,3,4
07/16/2026,22,25,0,07/07/2026,AUTO_MAN,3,4
07/16/2026,23,23.9,0,07/07/2026,AUTO_MAN,3,4
07/16/2026,24,22.8,0,07/07/2026,AUTO_MAN,3,4
07/17/2026,1,21.7,0,07/07/2026,AUTO_MAN,3,4
07/17/2026,2,21.1,0,07/07/2026,AUTO_MAN,3,4
07/17/2026,3,20.6,0,07/07/2026,AUTO_MAN,3,4
07/17/2026,4,20,0,07/07/2026,AUTO_MAN,3,4
07/17/2026,5,19.4,0,07/07/2026,AUTO_MAN,3,4
07/17/2026,6,19.4,0,07/07/2026,AUTO_MAN,3,4
07/17/2026,7,20.6,0,07/07/2026,AUTO_MAN,3,4
07/17/2026,8,22.2,0,07/07/2026,AUTO_MAN,3,4
07/17/2026,9,23.9,0,07/07/2026,AUTO_MAN,3,4
07/17/2026,10,25.6,0,07/07/2026,AUTO_MAN,3,4
07/17/2026,11,27.2,0,07/07/2026,AUTO_MAN,3,4
07/17/2026,12,28.9,0,07/07/2026,AUTO_MAN,3,4
07/17/2026,13,30,0,07/07/2026,AUTO_MAN,3,4
07/17/2026,14,30.6,0,07/07/2026,AUTO_MAN,3,4
07/17/2026,15,31.1,0,07/07/2026,AUTO_MAN,3,4
07/17/2026,16,31.7,0,07/07/2026,AUTO_MAN,3,4
07/17/2026,17,31.1,0,07/07/2026,AUTO_MAN,3,4
07/17/2026,18,30.6,0,07/07/2026,AUTO_MAN,3,4
07/17/2026,19,28.9,0,07/07/2026,AUTO_MAN,3,4
07/17/2026,20,27.2,0,07/07/2026,AUTO_MAN,3,4
07/17/2026,21,26.1,0,07/07/2026,AUTO_MAN,3,4
07/17/2026,22,25,0,07/07/2026,AUTO_MAN,3,4
07/17/2026,23,23.3,0,07/07/2026,AUTO_MAN,3,4
07/17/2026,24,22.2,0,07/07/2026,AUTO_MAN,3,4
07/18/2026,1,21.7,1,07/07/2026,AUTO_MAN,3,4
07/18/2026,2,20.6,1,07/07/2026,AUTO_MAN,3,4
07/18/2026,3,20,1,07/07/2026,AUTO_MAN,3,4
07/18/2026,4,18.9,1,07/07/2026,AUTO_MAN,3,4
07/18/2026,5,18.3,1,07/07/2026,AUTO_MAN,3,4
07/18/2026,6,18.9,1,07/07/2026,AUTO_MAN,3,4
07/18/2026,7,20,1,07/07/2026,AUTO_MAN,3,4
07/18/2026,8,21.1,1,07/07/2026,AUTO_MAN,3,4
07/18/2026,9,22.8,1,07/07/2026,AUTO_MAN,3,4
07/18/2026,10,24.4,1,07/07/2026,AUTO_MAN,3,4
07/18/2026,11,26.1,1,07/07/2026,AUTO_MAN,3,4
07/18/2026,12,27.8,1,07/07/2026,AUTO_MAN,3,4
07/18/2026,13,28.3,1,07/07/2026,AUTO_MAN,3,4
07/18/2026,14,29.4,1,07/07/2026,AUTO_MAN,3,4
07/18/2026,15,30,1,07/07/2026,AUTO_MAN,3,4
07/18/2026,16,30.6,1,07/07/2026,AUTO_MAN,3,4
07/18/2026,17,30,1,07/07/2026,AUTO_MAN,3,4
07/18/2026,18,29.4,1,07/07/2026,AUTO_MAN,3,4
07/18/2026,19,28.9,1,07/07/2026,AUTO_MAN,3,4
07/18/2026,20,27.2,1,07/07/2026,AUTO_MAN,3,4
07/18/2026,21,25.6,1,07/07/2026,AUTO_MAN,3,4
07/18/2026,22,24.4,1,07/07/2026,AUTO_MAN,3,4
07/18/2026,23,23.3,1,07/07/2026,AUTO_MAN,3,4
07/18/2026,24,22.2,1,07/07/2026,AUTO_MAN,3,4
07/19/2026,1,21.1,1,07/07/2026,AUTO_MAN,3,4
07/19/2026,2,20,1,07/07/2026,AUTO_MAN,3,4
07/19/2026,3,19.4,1,07/07/2026,AUTO_MAN,3,4
07/19/2026,4,18.3,1,07/07/2026,AUTO_MAN,3,4
07/19/2026,5,17.8,1,07/07/2026,AUTO_MAN,3,4
07/19/2026,6,18.3,1,07/07/2026,AUTO_MAN,3,4
07/19/2026,7,19.4,1,07/07/2026,AUTO_MAN,3,4
07/19/2026,8,20.6,1,07/07/2026,AUTO_MAN,3,4
07/19/2026,9,22.2,1,07/07/2026,AUTO_MAN,3,4
07/19/2026,10,23.9,1,07/07/2026,AUTO_MAN,3,4
07/19/2026,11,25.6,1,07/07/2026,AUTO_MAN,3,4
07/19/2026,12,27.2,1,07/07/2026,AUTO_MAN,3,4
07/19/2026,13,28.3,1,07/07/2026,AUTO_MAN,3,4
07/19/2026,14,28.9,1,07/07/2026,AUTO_MAN,3,4
07/19/2026,15,30,1,07/07/2026,AUTO_MAN,3,4
07/19/2026,16,30,1,07/07/2026,AUTO_MAN,3,4
07/19/2026,17,29.4,1,07/07/2026,AUTO_MAN,3,4
07/19/2026,18,28.9,1,07/07/2026,AUTO_MAN,3,4
07/19/2026,19,27.8,1,07/07/2026,AUTO_MAN,3,4
07/19/2026,20,26.1,1,07/07/2026,AUTO_MAN,3,4
07/19/2026,21,24.4,1,07/07/2026,AUTO_MAN,3,4
07/19/2026,22,23.3,1,07/07/2026,AUTO_MAN,3,4
07/19/2026,23,22.2,1,07/07/2026,AUTO_MAN,3,4
07/19/2026,24,21.7,1,07/07/2026,AUTO_MAN,3,4
07/20/2026,1,20.6,0,07/07/2026,AUTO_MAN,3,4
07/20/2026,2,20,0,07/07/2026,AUTO_MAN,3,4
07/20/2026,3,18.9,0,07/07/2026,AUTO_MAN,3,4
07/20/2026,4,18.3,0,07/07/2026,AUTO_MAN,3,4
07/20/2026,5,18.3,0,07/07/2026,AUTO_MAN,3,4
07/20/2026,6,18.9,0,07/07/2026,AUTO_MAN,3,4
07/20/2026,7,19.4,0,07/07/2026,AUTO_MAN,3,4
07/20/2026,8,21.1,0,07/07/2026,AUTO_MAN,3,4
07/20/2026,9,22.8,0,07/07/2026,AUTO_MAN,3,4
07/20/2026,10,24.4,0,07/07/2026,AUTO_MAN,3,4
07/20/2026,11,26.1,0,07/07/2026,AUTO_MAN,3,4
07/20/2026,12,27.2,0,07/07/2026,AUTO_MAN,3,4
07/20/2026,13,28.3,0,07/07/2026,AUTO_MAN,3,4
07/20/2026,14,29.4,0,07/07/2026,AUTO_MAN,3,4
07/20/2026,15,29.4,0,07/07/2026,AUTO_MAN,3,4
07/20/2026,16,30.6,0,07/07/2026,AUTO_MAN,3,4
07/20/2026,17,30,0,07/07/2026,AUTO_MAN,3,4
07/20/2026,18,28.9,0,07/07/2026,AUTO_MAN,3,4
07/20/2026,19,28.3,0,07/07/2026,AUTO_MAN,3,4
07/20/2026,20,26.7,0,07/07/2026,AUTO_MAN,3,4
07/20/2026,21,25,0,07/07/2026,AUTO_MAN,3,4
07/20/2026,22,23.9,0,07/07/2026,AUTO_MAN,3,4
07/20/2026,23,22.8,0,07/07/2026,AUTO_MAN,3,4
07/20/2026,24,21.7,0,07/07/2026,AUTO_MAN,3,4
07/21/2026,1,21.1,0,07/07/2026,AUTO_MAN,3,4
07/21/2026,2,20,0,07/07/2026,AUTO_MAN,3,4
07/21/2026,3,18.9,0,07/07/2026,AUTO_MAN,3,4
07/21/2026,4,18.3,0,07/07/2026,AUTO_MAN,3,4
07/21/2026,5,17.2,0,07/07/2026,AUTO_MAN,3,4
07/21/2026,6,17.2,0,07/07/2026,AUTO_MAN,3,4
07/21/2026,7,17.8,0,07/07/2026,AUTO_MAN,3,4
07/21/2026,8,19.4,0,07/07/2026,AUTO_MAN,3,4
07/21/2026,9,21.1,0,07/07/2026,AUTO_MAN,3,4
07/21/2026,10,22.8,0,07/07/2026,AUTO_MAN,3,4
07/21/2026,11,23.9,0,07/07/2026,AUTO_MAN,3,4
07/21/2026,12,25.6,0,07/07/2026,AUTO_MAN,3,4
07/21/2026,13,26.7,0,07/07/2026,AUTO_MAN,3,4
07/21/2026,14,27.8,0,07/07/2026,AUTO_MAN,3,4
07/21/2026,15,28.3,0,07/07/2026,AUTO_MAN,3,4
07/21/2026,16,29.4,0,07/07/2026,AUTO_MAN,3,4
07/21/2026,17,28.9,0,07/07/2026,AUTO_MAN,3,4
07/21/2026,18,28.9,0,07/07/2026,AUTO_MAN,3,4
07/21/2026,19,27.8,0,07/07/2026,AUTO_MAN,3,4
07/21/2026,20,26.7,0,07/07/2026,AUTO_MAN,3,4
07/21/2026,21,25,0,07/07/2026,AUTO_MAN,3,4
07/21/2026,22,23.9,0,07/07/2026,AUTO_MAN,3,4
07/21/2026,23,23.3,0,07/07/2026,AUTO_MAN,3,4
07/21/2026,24,22.8,0,07/07/2026,AUTO_MAN,3,4
06/08/2026,1,71,0,06/15/2026,AUTO_MAN,4,2
06/08/2026,2,70,0,06/15/2026,AUTO_MAN,4,2
06/08/2026,3,69,0,06/15/2026,AUTO_MAN,4,2
06/08/2026,4,68,0,06/15/2026,AUTO_MAN,4,2
06/08/2026,5,68,0,06/15/2026,AUTO_MAN,4,2
06/08/2026,6,65,0,06/15/2026,AUTO_MAN,4,2
06/08/2026,7,66,0,06/15/2026,AUTO_MAN,4,2
06/08/2026,8,69,0,06/15/2026,AUTO_MAN,4,2
06/08/2026,9,71,0,06/15/2026,AUTO_MAN,4,2
06/08/2026,10,74,0,06/15/2026,AUTO_MAN,4,2
06/08/2026,11,76,0,06/15/2026,AUTO_MAN,4,2
06/08/2026,12,78,0,06/15/2026,AUTO_MAN,4,2
06/08/2026,13,79,0,06/15/2026,AUTO_MAN,4,2
06/08/2026,14,81,0,06/15/2026,AUTO_MAN,4,2
06/08/2026,15,77,0,06/15/2026,AUTO_MAN,4,2
06/08/2026,16,80,0,06/15/2026,AUTO_MAN,4,2
06/08/2026,17,77,0,06/15/2026,AUTO_MAN,4,2
06/08/2026,18,73,0,06/15/2026,AUTO_MAN,4,2
06/08/2026,19,71,0,06/15/2026,AUTO_MAN,4,2
06/08/2026,20,68,0,06/15/2026,AUTO_MAN,4,2
06/08/2026,21,66,0,06/15/2026,AUTO_MAN,4,2
06/08/2026,22,65,0,06/15/2026,AUTO_MAN,4,2
06/08/2026,23,63,0,06/15/2026,AUTO_MAN,4,2
06/08/2026,24,62,0,06/15/2026,AUTO_MAN,4,2
06/09/2026,1,62,0,06/16/2026,AUTO_MAN,4,2
06/09/2026,2,60,0,06/16/2026,AUTO_MAN,4,2
06/09/2026,3,59,0,06/16/2026,AUTO_MAN,4,2
06/09/2026,4,57,0,06/16/2026,AUTO_MAN,4,2
06/09/2026,5,57,0,06/16/2026,AUTO_MAN,4,2
06/09/2026,6,60,0,06/16/2026,AUTO_MAN,4,2
06/09/2026,7,63,0,06/16/2026,AUTO_MAN,4,2
06/09/2026,8,67,0,06/16/2026,AUTO_MAN,4,2
06/09/2026,9,70,0,06/16/2026,AUTO_MAN,4,2
06/09/2026,10,74,0,06/16/2026,AUTO_MAN,4,2
06/09/2026,11,75,0,06/16/2026,AUTO_MAN,4,2
06/09/2026,12,78,0,06/16/2026,AUTO_MAN,4,2
06/09/2026,13,79,0,06/16/2026,AUTO_MAN,4,2
06/09/2026,14,80,0,06/16/2026,AUTO_MAN,4,2
06/09/2026,15,80,0,06/16/2026,AUTO_MAN,4,2
06/09/2026,16,81,0,06/16/2026,AUTO_MAN,4,2
06/09/2026,17,80,0,06/16/2026,AUTO_MAN,4,2
06/09/2026,18,79,0,06/16/2026,AUTO_MAN,4,2
06/09/2026,19,78,0,06/16/2026,AUTO_MAN,4,2
06/09/2026,20,74,0,06/16/2026,AUTO_MAN,4,2
06/09/2026,21,72,0,06/16/2026,AUTO_MAN,4,2
06/09/2026,22,70,0,06/16/2026,AUTO_MAN,4,2
06/09/2026,23,69,0,06/16/2026,AUTO_MAN,4,2
06/09/2026,24,69,0,06/16/2026,AUTO_MAN,4,2
06/10/2026,1,69,0,06/17/2026,AUTO_MAN,4,2
06/10/2026,2,69,0,06/17/2026,AUTO_MAN,4,2
06/10/2026,3,69,0,06/17/2026,AUTO_MAN,4,2
06/10/2026,4,69,0,06/17/2026,AUTO_MAN,4,2
06/10/2026,5,69,0,06/17/2026,AUTO_MAN,4,2
06/10/2026,6,70,0,06/17/2026,AUTO_MAN,4,2
06/10/2026,7,71,0,06/17/2026,AUTO_MAN,4,2
06/10/2026,8,75,0,06/17/2026,AUTO_MAN,4,2
06/10/2026,9,77,0,06/17/2026,AUTO_MAN,4,2
06/10/2026,10,79,0,06/17/2026,AUTO_MAN,4,2
06/10/2026,11,79,0,06/17/2026,AUTO_MAN,4,2
06/10/2026,12,79,0,06/17/2026,AUTO_MAN,4,2
06/10/2026,13,82,0,06/17/2026,AUTO_MAN,4,2
06/10/2026,14,85,0,06/17/2026,AUTO_MAN,4,2
06/10/2026,15,86,0,06/17/2026,AUTO_MAN,4,2
06/10/2026,16,87,0,06/17/2026,AUTO_MAN,4,2
06/10/2026,17,86,0,06/17/2026,AUTO_MAN,4,2
06/10/2026,18,77,0,06/17/2026,AUTO_MAN,4,2
06/10/2026,19,77,0,06/17/2026,AUTO_MAN,4,2
06/10/2026,20,76,0,06/17/2026,AUTO_MAN,4,2
06/10/2026,21,74,0,06/17/2026,AUTO_MAN,4,2
06/10/2026,22,74,0,06/17/2026,AUTO_MAN,4,2
06/10/2026,23,74,0,06/17/2026,AUTO_MAN,4,2
06/10/2026,24,74,0,06/17/2026,AUTO_MAN,4,2
06/11/2026,1,74,0,06/18/2026,AUTO_MAN,4,2
06/11/2026,2,74,0,06/18/2026,AUTO_MAN,4,2
06/11/2026,3,74,0,06/18/2026,AUTO_MAN,4,2
06/11/2026,4,74,0,06/18/2026,AUTO_MAN,4,2
06/11/2026,5,74,0,06/18/2026,AUTO_MAN,4,2
06/11/2026,6,75,0,06/18/2026,AUTO_MAN,4,2
06/11/2026,7,76,0,06/18/2026,AUTO_MAN,4,2
06/11/2026,8,80,0,06/18/2026,AUTO_MAN,4,2
06/11/2026,9,85,0,06/18/2026,AUTO_MAN,4,2
06/11/2026,10,88,0,06/18/2026,AUTO_MAN,4,2
06/11/2026,11,90,0,06/18/2026,AUTO_MAN,4,2
06/11/2026,12,92,0,06/18/2026,AUTO_MAN,4,2
06/11/2026,13,94,0,06/18/2026,AUTO_MAN,4,2
06/11/2026,14,95,0,06/18/2026,AUTO_MAN,4,2
06/11/2026,15,96,0,06/18/2026,AUTO_MAN,4,2
06/11/2026,16,96,0,06/18/2026,AUTO_MAN,4,2
06/11/2026,17,94,0,06/18/2026,AUTO_MAN,4,2
06/11/2026,18,93,0,06/18/2026,AUTO_MAN,4,2
06/11/2026,19,92,0,06/18/2026,AUTO_MAN,4,2
06/11/2026,20,90,0,06/18/2026,AUTO_MAN,4,2
06/11/2026,21,86,0,06/18/2026,AUTO_MAN,4,2
06/11/2026,22,79,0,06/18/2026,AUTO_MAN,4,2
06/11/2026,23,79,0,06/18/2026,AUTO_MAN,4,2
06/11/2026,24,78,0,06/18/2026,AUTO_MAN,4,2
06/12/2026,1,76,0,06/19/2026,AUTO_MAN,4,2
06/12/2026,2,76,0,06/19/2026,AUTO_MAN,4,2
06/12/2026,3,76,0,06/19/2026,AUTO_MAN,4,2
06/12/2026,4,75,0,06/19/2026,AUTO_MAN,4,2
06/12/2026,5,75,0,06/19/2026,AUTO_MAN,4,2
06/12/2026,6,77,0,06/19/2026,AUTO_MAN,4,2
06/12/2026,7,78,0,06/19/2026,AUTO_MAN,4,2
06/12/2026,8,81,0,06/19/2026,AUTO_MAN,4,2
06/12/2026,9,83,0,06/19/2026,AUTO_MAN,4,2
06/12/2026,10,86,0,06/19/2026,AUTO_MAN,4,2
06/12/2026,11,87,0,06/19/2026,AUTO_MAN,4,2
06/12/2026,12,90,0,06/19/2026,AUTO_MAN,4,2
06/12/2026,13,91,0,06/19/2026,AUTO_MAN,4,2
06/12/2026,14,93,0,06/19/2026,AUTO_MAN,4,2
06/12/2026,15,95,0,06/19/2026,AUTO_MAN,4,2
06/12/2026,16,97,0,06/19/2026,AUTO_MAN,4,2
06/12/2026,17,96,0,06/19/2026,AUTO_MAN,4,2
06/12/2026,18,96,0,06/19/2026,AUTO_MAN,4,2
06/12/2026,19,94,0,06/19/2026,AUTO_MAN,4,2
06/12/2026,20,92,0,06/19/2026,AUTO_MAN,4,2
06/12/2026,21,89,0,06/19/2026,AUTO_MAN,4,2
06/12/2026,22,87,0,06/19/2026,AUTO_MAN,4,2
06/12/2026,23,85,0,06/19/2026,AUTO_MAN,4,2
06/12/2026,24,83,0,06/19/2026,AUTO_MAN,4,2
06/13/2026,1,82,1,06/20/2026,AUTO_MAN,4,2
06/13/2026,2,80,1,06/20/2026,AUTO_MAN,4,2
06/13/2026,3,78,1,06/20/2026,AUTO_MAN,4,2
06/13/2026,4,76,1,06/20/2026,AUTO_MAN,4,2
06/13/2026,5,75,1,06/20/2026,AUTO_MAN,4,2
06/13/2026,6,76,1,06/20/2026,AUTO_MAN,4,2
06/13/2026,7,77,1,06/20/2026,AUTO_MAN,4,2
06/13/2026,8,79,1,06/20/2026,AUTO_MAN,4,2
06/13/2026,9,81,1,06/20/2026,AUTO_MAN,4,2
06/13/2026,10,83,1,06/20/2026,AUTO_MAN,4,2
06/13/2026,11,83,1,06/20/2026,AUTO_MAN,4,2
06/13/2026,12,85,1,06/20/2026,AUTO_MAN,4,2
06/13/2026,13,87,1,06/20/2026,AUTO_MAN,4,2
06/13/2026,14,88,1,06/20/2026,AUTO_MAN,4,2
06/13/2026,15,88,1,06/20/2026,AUTO_MAN,4,2
06/13/2026,16,89,1,06/20/2026,AUTO_MAN,4,2
06/13/2026,17,88,1,06/20/2026,AUTO_MAN,4,2
06/13/2026,18,88,1,06/20/2026,AUTO_MAN,4,2
06/13/2026,19,87,1,06/20/2026,AUTO_MAN,4,2
06/13/2026,20,84,1,06/20/2026,AUTO_MAN,4,2
06/13/2026,21,82,1,06/20/2026,AUTO_MAN,4,2
06/13/2026,22,80,1,06/20/2026,AUTO_MAN,4,2
06/13/2026,23,79,1,06/20/2026,AUTO_MAN,4,2
06/13/2026,24,77,1,06/20/2026,AUTO_MAN,4,2
06/14/2026,1,75,1,06/21/2026,AUTO_MAN,4,2
06/14/2026,2,73,1,06/21/2026,AUTO_MAN,4,2
06/14/2026,3,71,1,06/21/2026,AUTO_MAN,4,2
06/14/2026,4,70,1,06/21/2026,AUTO_MAN,4,2
06/14/2026,5,71,1,06/21/2026,AUTO_MAN,4,2
06/14/2026,6,73,1,06/21/2026,AUTO_MAN,4,2
06/14/2026,7,76,1,06/21/2026,AUTO_MAN,4,2
06/14/2026,8,80,1,06/21/2026,AUTO_MAN,4,2
06/14/2026,9,83,1,06/21/2026,AUTO_MAN,4,2
06/14/2026,10,87,1,06/21/2026,AUTO_MAN,4,2
06/14/2026,11,89,1,06/21/2026,AUTO_MAN,4,2
06/14/2026,12,90,1,06/21/2026,AUTO_MAN,4,2
06/14/2026,13,90,1,06/21/2026,AUTO_MAN,4,2
06/14/2026,14,91,1,06/21/2026,AUTO_MAN,4,2
06/14/2026,15,91,1,06/21/2026,AUTO_MAN,4,2
06/14/2026,16,90,1,06/21/2026,AUTO_MAN,4,2
06/14/2026,17,87,1,06/21/2026,AUTO_MAN,4,2
06/14/2026,18,85,1,06/21/2026,AUTO_MAN,4,2
06/14/2026,19,83,1,06/21/2026,AUTO_MAN,4,2
06/14/2026,20,80,1,06/21/2026,AUTO_MAN,4,2
06/14/2026,21,79,1,06/21/2026,AUTO_MAN,4,2
06/14/2026,22,77,1,06/21/2026,AUTO_MAN,4,2
06/14/2026,23,74,1,06/21/2026,AUTO_MAN,4,2
06/14/2026,24,74,1,06/21/2026,AUTO_MAN,4,2
06/15/2026,1,74,0,06/22/2026,AUTO_MAN,4,2
06/15/2026,2,74,0,06/22/2026,AUTO_MAN,4,2
06/15/2026,3,73,0,06/22/2026,AUTO_MAN,4,2
06/15/2026,4,71,0,06/22/2026,AUTO_MAN,4,2
06/15/2026,5,69,0,06/22/2026,AUTO_MAN,4,2
06/15/2026,6,68,0,06/22/2026,AUTO_MAN,4,2
06/15/2026,7,70,0,06/22/2026,AUTO_MAN,4,2
06/15/2026,8,71,0,06/22/2026,AUTO_MAN,4,2
06/15/2026,9,74,0,06/22/2026,AUTO_MAN,4,2
06/15/2026,10,74,0,06/22/2026,AUTO_MAN,4,2
06/15/2026,11,76,0,06/22/2026,AUTO_MAN,4,2
06/15/2026,12,77,0,06/22/2026,AUTO_MAN,4,2
06/15/2026,13,78,0,06/22/2026,AUTO_MAN,4,2
06/15/2026,14,78,0,06/22/2026,AUTO_MAN,4,2
06/15/2026,15,78,0,06/22/2026,AUTO_MAN,4,2
06/15/2026,16,78,0,06/22/2026,AUTO_MAN,4,2
06/15/2026,17,79,0,06/22/2026,AUTO_MAN,4,2
06/15/2026,18,77,0,06/22/2026,AUTO_MAN,4,2
06/15/2026,19,77,0,06/22/2026,AUTO_MAN,4,2
06/15/2026,20,75,0,06/22/2026,AUTO_MAN,4,2
06/15/2026,21,74,0,06/22/2026,AUTO_MAN,4,2
06/15/2026,22,73,0,06/22/2026,AUTO_MAN,4,2
06/15/2026,23,71,0,06/22/2026,AUTO_MAN,4,2
06/15/2026,24,69,0,06/22/2026,AUTO_MAN,4,2
06/16/2026,1,66,0,06/23/2026,AUTO_MAN,4,2
06/16/2026,2,64,0,06/23/2026,AUTO_MAN,4,2
06/16/2026,3,63,0,06/23/2026,AUTO_MAN,4,2
06/16/2026,4,62,0,06/23/2026,AUTO_MAN,4,2
06/16/2026,5,61,0,06/23/2026,AUTO_MAN,4,2
06/16/2026,6,62,0,06/23/2026,AUTO_MAN,4,2
06/16/2026,7,66,0,06/23/2026,AUTO_MAN,4,2
06/16/2026,8,68,0,06/23/2026,AUTO_MAN,4,2
06/16/2026,9,69,0,06/23/2026,AUTO_MAN,4,2
06/16/2026,10,71,0,06/23/2026,AUTO_MAN,4,2
06/16/2026,11,73,0,06/23/2026,AUTO_MAN,4,2
06/16/2026,12,74,0,06/23/2026,AUTO_MAN,4,2
06/16/2026,13,75,0,06/23/2026,AUTO_MAN,4,2
06/16/2026,14,76,0,06/23/2026,AUTO_MAN,4,2
06/16/2026,15,76,0,06/23/2026,AUTO_MAN,4,2
06/16/2026,16,77,0,06/23/2026,AUTO_MAN,4,2
06/16/2026,17,77,0,06/23/2026,AUTO_MAN,4,2
06/16/2026,18,78,0,06/23/2026,AUTO_MAN,4,2
06/16/2026,19,76,0,06/23/2026,AUTO_MAN,4,2
06/16/2026,20,72,0,06/23/2026,AUTO_MAN,4,2
06/16/2026,21,70,0,06/23/2026,AUTO_MAN,4,2
06/16/2026,22,68,0,06/23/2026,AUTO_MAN,4,2
06/16/2026,23,66,0,06/23/2026,AUTO_MAN,4,2
06/16/2026,24,66,0,06/23/2026,AUTO_MAN,4,2
06/17/2026,1,66,0,06/24/2026,AUTO_MAN,4,2
06/17/2026,2,65,0,06/24/2026,AUTO_MAN,4,2
06/17/2026,3,65,0,06/24/2026,AUTO_MAN,4,2
06/17/2026,4,65,0,06/24/2026,AUTO_MAN,4,2
06/17/2026,5,65,0,06/24/2026,AUTO_MAN,4,2
06/17/2026,6,66,0,06/24/2026,AUTO_MAN,4,2
06/17/2026,7,70,0,06/24/2026,AUTO_MAN,4,2
06/17/2026,8,72,0,06/24/2026,AUTO_MAN,4,2
06/17/2026,9,75,0,06/24/2026,AUTO_MAN,4,2
06/17/2026,10,77,0,06/24/2026,AUTO_MAN,4,2
06/17/2026,11,80,0,06/24/2026,AUTO_MAN,4,2
06/17/2026,12,81,0,06/24/2026,AUTO_MAN,4,2
06/17/2026,13,83,0,06/24/2026,AUTO_MAN,4,2
06/17/2026,14,84,0,06/24/2026,AUTO_MAN,4,2
06/17/2026,15,83,0,06/24/2026,AUTO_MAN,4,2
06/17/2026,16,85,0,06/24/2026,AUTO_MAN,4,2
06/17/2026,17,84,0,06/24/2026,AUTO_MAN,4,2
06/17/2026,18,82,0,06/24/2026,AUTO_MAN,4,2
06/17/2026,19,79,0,06/24/2026,AUTO_MAN,4,2
06/17/2026,20,77,0,06/24/2026,AUTO_MAN,4,2
06/17/2026,21,75,0,06/24/2026,AUTO_MAN,4,2
06/17/2026,22,74,0,06/24/2026,AUTO_MAN,4,2
06/17/2026,23,74,0,06/24/2026,AUTO_MAN,4,2
06/17/2026,24,74,0,06/24/2026,AUTO_MAN,4,2
06/18/2026,1,73,0,06/25/2026,AUTO_MAN,4,2
06/18/2026,2,74,0,06/25/2026,AUTO_MAN,4,2
06/18/2026,3,74,0,06/25/2026,AUTO_MAN,4,2
06/18/2026,4,74,0,06/25/2026,AUTO_MAN,4,2
06/18/2026,5,75,0,06/25/2026,AUTO_MAN,4,2
06/18/2026,6,76,0,06/25/2026,AUTO_MAN,4,2
06/18/2026,7,78,0,06/25/2026,AUTO_MAN,4,2
06/18/2026,8,80,0,06/25/2026,AUTO_MAN,4,2
06/18/2026,9,80,0,06/25/2026,AUTO_MAN,4,2
06/18/2026,10,80,0,06/25/2026,AUTO_MAN,4,2
06/18/2026,11,82,0,06/25/2026,AUTO_MAN,4,2
06/18/2026,12,86,0,06/25/2026,AUTO_MAN,4,2
06/18/2026,13,89,0,06/25/2026,AUTO_MAN,4,2
06/18/2026,14,91,0,06/25/2026,AUTO_MAN,4,2
06/18/2026,15,92,0,06/25/2026,AUTO_MAN,4,2
06/18/2026,16,92,0,06/25/2026,AUTO_MAN,4,2
06/18/2026,17,89,0,06/25/2026,AUTO_MAN,4,2
06/18/2026,18,88,0,06/25/2026,AUTO_MAN,4,2
06/18/2026,19,86,0,06/25/2026,AUTO_MAN,4,2
06/18/2026,20,85,0,06/25/2026,AUTO_MAN,4,2
06/18/2026,21,83,0,06/25/2026,AUTO_MAN,4,2
06/18/2026,22,82,0,06/25/2026,AUTO_MAN,4,2
06/18/2026,23,80,0,06/25/2026,AUTO_MAN,4,2
06/18/2026,24,80,0,06/25/2026,AUTO_MAN,4,2
06/19/2026,1,79,0,06/26/2026,AUTO_MAN,4,2
06/19/2026,2,78,0,06/26/2026,AUTO_MAN,4,2
06/19/2026,3,78,0,06/26/2026,AUTO_MAN,4,2
06/19/2026,4,76,0,06/26/2026,AUTO_MAN,4,2
06/19/2026,5,74,0,06/26/2026,AUTO_MAN,4,2
06/19/2026,6,73,0,06/26/2026,AUTO_MAN,4,2
06/19/2026,7,73,0,06/26/2026,AUTO_MAN,4,2
06/19/2026,8,73,0,06/26/2026,AUTO_MAN,4,2
06/19/2026,9,74,0,06/26/2026,AUTO_MAN,4,2
06/19/2026,10,76,0,06/26/2026,AUTO_MAN,4,2
06/19/2026,11,77,0,06/26/2026,AUTO_MAN,4,2
06/19/2026,12,78,0,06/26/2026,AUTO_MAN,4,2
06/19/2026,13,78,0,06/26/2026,AUTO_MAN,4,2
06/19/2026,14,82,0,06/26/2026,AUTO_MAN,4,2
06/19/2026,15,83,0,06/26/2026,AUTO_MAN,4,2
06/19/2026,16,83,0,06/26/2026,AUTO_MAN,4,2
06/19/2026,17,83,0,06/26/2026,AUTO_MAN,4,2
06/19/2026,18,83,0,06/26/2026,AUTO_MAN,4,2
06/19/2026,19,82,0,06/26/2026,AUTO_MAN,4,2
06/19/2026,20,80,0,06/26/2026,AUTO_MAN,4,2
06/19/2026,21,78,0,06/26/2026,AUTO_MAN,4,2
06/19/2026,22,77,0,06/26/2026,AUTO_MAN,4,2
06/19/2026,23,75,0,06/26/2026,AUTO_MAN,4,2
06/19/2026,24,74,0,06/26/2026,AUTO_MAN,4,2
06/20/2026,1,72,1,06/27/2026,AUTO_MAN,4,2
06/20/2026,2,71,1,06/27/2026,AUTO_MAN,4,2
06/20/2026,3,70,1,06/27/2026,AUTO_MAN,4,2
06/20/2026,4,67,1,06/27/2026,AUTO_MAN,4,2
06/20/2026,5,69,1,06/27/2026,AUTO_MAN,4,2
06/20/2026,6,69,1,06/27/2026,AUTO_MAN,4,2
06/20/2026,7,72,1,06/27/2026,AUTO_MAN,4,2
06/20/2026,8,74,1,06/27/2026,AUTO_MAN,4,2
06/20/2026,9,76,1,06/27/2026,AUTO_MAN,4,2
06/20/2026,10,78,1,06/27/2026,AUTO_MAN,4,2
06/20/2026,11,80,1,06/27/2026,AUTO_MAN,4,2
06/20/2026,12,81,1,06/27/2026,AUTO_MAN,4,2
06/20/2026,13,83,1,06/27/2026,AUTO_MAN,4,2
06/20/2026,14,84,1,06/27/2026,AUTO_MAN,4,2
06/20/2026,15,83,1,06/27/2026,AUTO_MAN,4,2
06/20/2026,16,84,1,06/27/2026,AUTO_MAN,4,2
06/20/2026,17,83,1,06/27/2026,AUTO_MAN,4,2
06/20/2026,18,80,1,06/27/2026,AUTO_MAN,4,2
06/20/2026,19,78,1,06/27/2026,AUTO_MAN,4,2
06/20/2026,20,78,1,06/27/2026,AUTO_MAN,4,2
06/20/2026,21,77,1,06/27/2026,AUTO_MAN,4,2
06/20/2026,22,76,1,06/27/2026,AUTO_MAN,4,2
06/20/2026,23,74,1,06/27/2026,AUTO_MAN,4,2
06/20/2026,24,74,1,06/27/2026,AUTO_MAN,4,2
06/21/2026,1,73,1,06/28/2026,AUTO_MAN,4,2
06/21/2026,2,71,1,06/28/2026,AUTO_MAN,4,2
06/21/2026,3,71,1,06/28/2026,AUTO_MAN,4,2
06/21/2026,4,68,1,06/28/2026,AUTO_MAN,4,2
06/21/2026,5,68,1,06/28/2026,AUTO_MAN,4,2
06/21/2026,6,70,1,06/28/2026,AUTO_MAN,4,2
06/21/2026,7,71,1,06/28/2026,AUTO_MAN,4,2
06/21/2026,8,73,1,06/28/2026,AUTO_MAN,4,2
06/21/2026,9,76,1,06/28/2026,AUTO_MAN,4,2
06/21/2026,10,80,1,06/28/2026,AUTO_MAN,4,2
06/21/2026,11,82,1,06/28/2026,AUTO_MAN,4,2
06/21/2026,12,83,1,06/28/2026,AUTO_MAN,4,2
06/21/2026,13,84,1,06/28/2026,AUTO_MAN,4,2
06/21/2026,14,84,1,06/28/2026,AUTO_MAN,4,2
06/21/2026,15,85,1,06/28/2026,AUTO_MAN,4,2
06/21/2026,16,85,1,06/28/2026,AUTO_MAN,4,2
06/21/2026,17,85,1,06/28/2026,AUTO_MAN,4,2
06/21/2026,18,84,1,06/28/2026,AUTO_MAN,4,2
06/21/2026,19,83,1,06/28/2026,AUTO_MAN,4,2
06/21/2026,20,82,1,06/28/2026,AUTO_MAN,4,2
06/21/2026,21,78,1,06/28/2026,AUTO_MAN,4,2
06/21/2026,22,76,1,06/28/2026,AUTO_MAN,4,2
06/21/2026,23,73,1,06/28/2026,AUTO_MAN,4,2
06/21/2026,24,73,1,06/28/2026,AUTO_MAN,4,2
06/22/2026,1,73,0,06/29/2026,AUTO_MAN,4,2
06/22/2026,2,72,0,06/29/2026,AUTO_MAN,4,2
06/22/2026,3,72,0,06/29/2026,AUTO_MAN,4,2
06/22/2026,4,71,0,06/29/2026,AUTO_MAN,4,2
06/22/2026,5,71,0,06/29/2026,AUTO_MAN,4,2
06/22/2026,6,73,0,06/29/2026,AUTO_MAN,4,2
06/22/2026,7,74,0,06/29/2026,AUTO_MAN,4,2
06/22/2026,8,77,0,06/29/2026,AUTO_MAN,4,2
06/22/2026,9,82,0,06/29/2026,AUTO_MAN,4,2
06/22/2026,10,85,0,06/29/2026,AUTO_MAN,4,2
06/22/2026,11,86,0,06/29/2026,AUTO_MAN,4,2
06/22/2026,12,88,0,06/29/2026,AUTO_MAN,4,2
06/22/2026,13,82,0,06/29/2026,AUTO_MAN,4,2
06/22/2026,14,83,0,06/29/2026,AUTO_MAN,4,2
06/22/2026,15,88,0,06/29/2026,AUTO_MAN,4,2
06/22/2026,16,87,0,06/29/2026,AUTO_MAN,4,2
06/22/2026,17,82,0,06/29/2026,AUTO_MAN,4,2
06/22/2026,18,75,0,06/29/2026,AUTO_MAN,4,2
06/22/2026,19,75,0,06/29/2026,AUTO_MAN,4,2
06/22/2026,20,74,0,06/29/2026,AUTO_MAN,4,2
06/22/2026,21,73,0,06/29/2026,AUTO_MAN,4,2
06/22/2026,22,73,0,06/29/2026,AUTO_MAN,4,2
06/22/2026,23,73,0,06/29/2026,AUTO_MAN,4,2
06/22/2026,24,74,0,06/29/2026,AUTO_MAN,4,2
06/23/2026,1,73,0,06/30/2026,AUTO_MAN,4,2
06/23/2026,2,74,0,06/30/2026,AUTO_MAN,4,2
06/23/2026,3,73,0,06/30/2026,AUTO_MAN,4,2
06/23/2026,4,73,0,06/30/2026,AUTO_MAN,4,2
06/23/2026,5,73,0,06/30/2026,AUTO_MAN,4,2
06/23/2026,6,74,0,06/30/2026,AUTO_MAN,4,2
06/23/2026,7,75,0,06/30/2026,AUTO_MAN,4,2
06/23/2026,8,75,0,06/30/2026,AUTO_MAN,4,2
06/23/2026,9,72,0,06/30/2026,AUTO_MAN,4,2
06/23/2026,10,72,0,06/30/2026,AUTO_MAN,4,2
06/23/2026,11,71,0,06/30/2026,AUTO_MAN,4,2
06/23/2026,12,68,0,06/30/2026,AUTO_MAN,4,2
06/23/2026,13,68,0,06/30/2026,AUTO_MAN,4,2
06/23/2026,14,70,0,06/30/2026,AUTO_MAN,4,2
06/23/2026,15,69,0,06/30/2026,AUTO_MAN,4,2
06/23/2026,16,69,0,06/30/2026,AUTO_MAN,4,2
06/23/2026,17,70,0,06/30/2026,AUTO_MAN,4,2
06/23/2026,18,70,0,06/30/2026,AUTO_MAN,4,2
06/23/2026,19,71,0,06/30/2026,AUTO_MAN,4,2
06/23/2026,20,71,0,06/30/2026,AUTO_MAN,4,2
06/23/2026,21,70,0,06/30/2026,AUTO_MAN,4,2
06/23/2026,22,69,0,06/30/2026,AUTO_MAN,4,2
06/23/2026,23,68,0,06/30/2026,AUTO_MAN,4,2
06/23/2026,24,68,0,06/30/2026,AUTO_MAN,4,2
06/24/2026,1,67,0,07/01/2026,AUTO_MAN,4,2
06/24/2026,2,66,0,07/01/2026,AUTO_MAN,4,2
06/24/2026,3,66,0,07/01/2026,AUTO_MAN,4,2
06/24/2026,4,65,0,07/01/2026,AUTO_MAN,4,2
06/24/2026,5,65,0,07/01/2026,AUTO_MAN,4,2
06/24/2026,6,67,0,07/01/2026,AUTO_MAN,4,2
06/24/2026,7,70,0,07/01/2026,AUTO_MAN,4,2
06/24/2026,8,72,0,07/01/2026,AUTO_MAN,4,2
06/24/2026,9,75,0,07/01/2026,AUTO_MAN,4,2
06/24/2026,10,78,0,07/01/2026,AUTO_MAN,4,2
06/24/2026,11,80,0,07/01/2026,AUTO_MAN,4,2
06/24/2026,12,80,0,07/01/2026,AUTO_MAN,4,2
06/24/2026,13,82,0,07/01/2026,AUTO_MAN,4,2
06/24/2026,14,83,0,07/01/2026,AUTO_MAN,4,2
06/24/2026,15,83,0,07/01/2026,AUTO_MAN,4,2
06/24/2026,16,83,0,07/01/2026,AUTO_MAN,4,2
06/24/2026,17,84,0,07/01/2026,AUTO_MAN,4,2
06/24/2026,18,83,0,07/01/2026,AUTO_MAN,4,2
06/24/2026,19,82,0,07/01/2026,AUTO_MAN,4,2
06/24/2026,20,81,0,07/01/2026,AUTO_MAN,4,2
06/24/2026,21,77,0,07/01/2026,AUTO_MAN,4,2
06/24/2026,22,75,0,07/01/2026,AUTO_MAN,4,2
06/24/2026,23,72,0,07/01/2026,AUTO_MAN,4,2
06/24/2026,24,71,0,07/01/2026,AUTO_MAN,4,2
06/25/2026,1,70,0,07/02/2026,AUTO_MAN,4,2
06/25/2026,2,69,0,07/02/2026,AUTO_MAN,4,2
06/25/2026,3,69,0,07/02/2026,AUTO_MAN,4,2
06/25/2026,4,67,0,07/02/2026,AUTO_MAN,4,2
06/25/2026,5,67,0,07/02/2026,AUTO_MAN,4,2
06/25/2026,6,70,0,07/02/2026,AUTO_MAN,4,2
06/25/2026,7,72,0,07/02/2026,AUTO_MAN,4,2
06/25/2026,8,75,0,07/02/2026,AUTO_MAN,4,2
06/25/2026,9,77,0,07/02/2026,AUTO_MAN,4,2
06/25/2026,10,81,0,07/02/2026,AUTO_MAN,4,2
06/25/2026,11,84,0,07/02/2026,AUTO_MAN,4,2
06/25/2026,12,85,0,07/02/2026,AUTO_MAN,4,2
06/25/2026,13,85,0,07/02/2026,AUTO_MAN,4,2
06/25/2026,14,86,0,07/02/2026,AUTO_MAN,4,2
06/25/2026,15,86,0,07/02/2026,AUTO_MAN,4,2
06/25/2026,16,84,0,07/02/2026,AUTO_MAN,4,2
06/25/2026,17,85,0,07/02/2026,AUTO_MAN,4,2
06/25/2026,18,83,0,07/02/2026,AUTO_MAN,4,2
06/25/2026,19,80,0,07/02/2026,AUTO_MAN,4,2
06/25/2026,20,77,0,07/02/2026,AUTO_MAN,4,2
06/25/2026,21,75,0,07/02/2026,AUTO_MAN,4,2
06/25/2026,22,74,0,07/02/2026,AUTO_MAN,4,2
06/25/2026,23,73,0,07/02/2026,AUTO_MAN,4,2
06/25/2026,24,73,0,07/02/2026,AUTO_MAN,4,2
06/26/2026,1,72,0,07/03/2026,AUTO_MAN,4,2
06/26/2026,2,73,0,07/03/2026,AUTO_MAN,4,2
06/26/2026,3,73,0,07/03/2026,AUTO_MAN,4,2
06/26/2026,4,74,0,07/03/2026,AUTO_MAN,4,2
06/26/2026,5,73,0,07/03/2026,AUTO_MAN,4,2
06/26/2026,6,74,0,07/03/2026,AUTO_MAN,4,2
06/26/2026,7,75,0,07/03/2026,AUTO_MAN,4,2
06/26/2026,8,75,0,07/03/2026,AUTO_MAN,4,2
06/26/2026,9,77,0,07/03/2026,AUTO_MAN,4,2
06/26/2026,10,79,0,07/03/2026,AUTO_MAN,4,2
06/26/2026,11,80,0,07/03/2026,AUTO_MAN,4,2
06/26/2026,12,82,0,07/03/2026,AUTO_MAN,4,2
06/26/2026,13,83,0,07/03/2026,AUTO_MAN,4,2
06/26/2026,14,83,0,07/03/2026,AUTO_MAN,4,2
06/26/2026,15,83,0,07/03/2026,AUTO_MAN,4,2
06/26/2026,16,83,0,07/03/2026,AUTO_MAN,4,2
06/26/2026,17,83,0,07/03/2026,AUTO_MAN,4,2
06/26/2026,18,83,0,07/03/2026,AUTO_MAN,4,2
06/26/2026,19,82,0,07/03/2026,AUTO_MAN,4,2
06/26/2026,20,81,0,07/03/2026,AUTO_MAN,4,2
06/26/2026,21,81,0,07/03/2026,AUTO_MAN,4,2
06/26/2026,22,80,0,07/03/2026,AUTO_MAN,4,2
06/26/2026,23,78,0,07/03/2026,AUTO_MAN,4,2
06/26/2026,24,77,0,07/03/2026,AUTO_MAN,4,2
06/27/2026,1,77,1,07/04/2026,AUTO_MAN,4,2
06/27/2026,2,77,1,07/04/2026,AUTO_MAN,4,2
06/27/2026,3,77,1,07/04/2026,AUTO_MAN,4,2
06/27/2026,4,77,1,07/04/2026,AUTO_MAN,4,2
06/27/2026,5,74,1,07/04/2026,AUTO_MAN,4,2
06/27/2026,6,74,1,07/04/2026,AUTO_MAN,4,2
06/27/2026,7,74,1,07/04/2026,AUTO_MAN,4,2
06/27/2026,8,74,1,07/04/2026,AUTO_MAN,4,2
06/27/2026,9,76,1,07/04/2026,AUTO_MAN,4,2
06/27/2026,10,76,1,07/04/2026,AUTO_MAN,4,2
06/27/2026,11,75,1,07/04/2026,AUTO_MAN,4,2
06/27/2026,12,73,1,07/04/2026,AUTO_MAN,4,2
06/27/2026,13,71,1,07/04/2026,AUTO_MAN,4,2
06/27/2026,14,71,1,07/04/2026,AUTO_MAN,4,2
06/27/2026,15,71,1,07/04/2026,AUTO_MAN,4,2
06/27/2026,16,72,1,07/04/2026,AUTO_MAN,4,2
06/27/2026,17,72,1,07/04/2026,AUTO_MAN,4,2
06/27/2026,18,72,1,07/04/2026,AUTO_MAN,4,2
06/27/2026,19,71,1,07/04/2026,AUTO_MAN,4,2
06/27/2026,20,72,1,07/04/2026,AUTO_MAN,4,2
06/27/2026,21,71,1,07/04/2026,AUTO_MAN,4,2
06/27/2026,22,71,1,07/04/2026,AUTO_MAN,4,2
06/27/2026,23,72,1,07/04/2026,AUTO_MAN,4,2
06/27/2026,24,72,1,07/04/2026,AUTO_MAN,4,2
06/28/2026,1,71,1,07/05/2026,AUTO_MAN,4,2
06/28/2026,2,71,1,07/05/2026,AUTO_MAN,4,2
06/28/2026,3,71,1,07/05/2026,AUTO_MAN,4,2
06/28/2026,4,71,1,07/05/2026,AUTO_MAN,4,2
06/28/2026,5,71,1,07/05/2026,AUTO_MAN,4,2
06/28/2026,6,72,1,07/05/2026,AUTO_MAN,4,2
06/28/2026,7,72,1,07/05/2026,AUTO_MAN,4,2
06/28/2026,8,73,1,07/05/2026,AUTO_MAN,4,2
06/28/2026,9,76,1,07/05/2026,AUTO_MAN,4,2
06/28/2026,10,78,1,07/05/2026,AUTO_MAN,4,2
06/28/2026,11,80,1,07/05/2026,AUTO_MAN,4,2
06/28/2026,12,81,1,07/05/2026,AUTO_MAN,4,2
06/28/2026,13,82,1,07/05/2026,AUTO_MAN,4,2
06/28/2026,14,81,1,07/05/2026,AUTO_MAN,4,2
06/28/2026,15,81,1,07/05/2026,AUTO_MAN,4,2
06/28/2026,16,82,1,07/05/2026,AUTO_MAN,4,2
06/28/2026,17,81,1,07/05/2026,AUTO_MAN,4,2
06/28/2026,18,81,1,07/05/2026,AUTO_MAN,4,2
06/28/2026,19,81,1,07/05/2026,AUTO_MAN,4,2
06/28/2026,20,75,1,07/05/2026,AUTO_MAN,4,2
06/28/2026,21,75,1,07/05/2026,AUTO_MAN,4,2
06/28/2026,22,74,1,07/05/2026,AUTO_MAN,4,2
06/28/2026,23,73,1,07/05/2026,AUTO_MAN,4,2
06/28/2026,24,72,1,07/05/2026,AUTO_MAN,4,2
06/29/2026,1,72,0,07/06/2026,AUTO_MAN,4,2
06/29/2026,2,71,0,07/06/2026,AUTO_MAN,4,2
06/29/2026,3,71,0,07/06/2026,AUTO_MAN,4,2
06/29/2026,4,71,0,07/06/2026,AUTO_MAN,4,2
06/29/2026,5,70,0,07/06/2026,AUTO_MAN,4,2
06/29/2026,6,72,0,07/06/2026,AUTO_MAN,4,2
06/29/2026,7,74,0,07/06/2026,AUTO_MAN,4,2
06/29/2026,8,77,0,07/06/2026,AUTO_MAN,4,2
06/29/2026,9,80,0,07/06/2026,AUTO_MAN,4,2
06/29/2026,10,82,0,07/06/2026,AUTO_MAN,4,2
06/29/2026,11,85,0,07/06/2026,AUTO_MAN,4,2
06/29/2026,12,87,0,07/06/2026,AUTO_MAN,4,2
06/29/2026,13,87,0,07/06/2026,AUTO_MAN,4,2
06/29/2026,14,89,0,07/06/2026,AUTO_MAN,4,2
06/29/2026,15,88,0,07/06/2026,AUTO_MAN,4,2
06/29/2026,16,89,0,07/06/2026,AUTO_MAN,4,2
06/29/2026,17,88,0,07/06/2026,AUTO_MAN,4,2
06/29/2026,18,84,0,07/06/2026,AUTO_MAN,4,2
06/29/2026,19,82,0,07/06/2026,AUTO_MAN,4,2
06/29/2026,20,80,0,07/06/2026,AUTO_MAN,4,2
06/29/2026,21,79,0,07/06/2026,AUTO_MAN,4,2
06/29/2026,22,77,0,07/06/2026,AUTO_MAN,4,2
06/29/2026,23,75,0,07/06/2026,AUTO_MAN,4,2
06/29/2026,24,76,0,07/06/2026,AUTO_MAN,4,2
06/30/2026,1,75,0,07/07/2026,AUTO_MAN,4,2
06/30/2026,2,73,0,07/07/2026,AUTO_MAN,4,2
06/30/2026,3,74,0,07/07/2026,AUTO_MAN,4,2
06/30/2026,4,74,0,07/07/2026,AUTO_MAN,4,2
06/30/2026,5,73,0,07/07/2026,AUTO_MAN,4,2
06/30/2026,6,75,0,07/07/2026,AUTO_MAN,4,2
06/30/2026,7,76,0,07/07/2026,AUTO_MAN,4,2
06/30/2026,8,78,0,07/07/2026,AUTO_MAN,4,2
06/30/2026,9,80,0,07/07/2026,AUTO_MAN,4,2
06/30/2026,10,83,0,07/07/2026,AUTO_MAN,4,2
06/30/2026,11,85,0,07/07/2026,AUTO_MAN,4,2
06/30/2026,12,87,0,07/07/2026,AUTO_MAN,4,2
06/30/2026,13,89,0,07/07/2026,AUTO_MAN,4,2
06/30/2026,14,90,0,07/07/2026,AUTO_MAN,4,2
06/30/2026,15,89,0,07/07/2026,AUTO_MAN,4,2
06/30/2026,16,90,0,07/07/2026,AUTO_MAN,4,2
06/30/2026,17,90,0,07/07/2026,AUTO_MAN,4,2
06/30/2026,18,89,0,07/07/2026,AUTO_MAN,4,2
06/30/2026,19,85,0,07/07/2026,AUTO_MAN,4,2
06/30/2026,20,82,0,07/07/2026,AUTO_MAN,4,2
06/30/2026,21,80,0,07/07/2026,AUTO_MAN,4,2
06/30/2026,22,79,0,07/07/2026,AUTO_MAN,4,2
06/30/2026,23,78,0,07/07/2026,AUTO_MAN,4,2
06/30/2026,24,77,0,07/07/2026,AUTO_MAN,4,2
07/01/2026,1,77,0,07/07/2026,AUTO_MAN,4,2
07/01/2026,2,77,0,07/07/2026,AUTO_MAN,4,2
07/01/2026,3,76,0,07/07/2026,AUTO_MAN,4,2
07/01/2026,4,75,0,07/07/2026,AUTO_MAN,4,2
07/01/2026,5,74,0,07/07/2026,AUTO_MAN,4,2
07/01/2026,6,76,0,07/07/2026,AUTO_MAN,4,2
07/01/2026,7,78,0,07/07/2026,AUTO_MAN,4,2
07/01/2026,8,81,0,07/07/2026,AUTO_MAN,4,2
07/01/2026,9,83,0,07/07/2026,AUTO_MAN,4,2
07/01/2026,10,85,0,07/07/2026,AUTO_MAN,4,2
07/01/2026,11,88,0,07/07/2026,AUTO_MAN,4,2
07/01/2026,12,91,0,07/07/2026,AUTO_MAN,4,2
07/01/2026,13,93,0,07/07/2026,AUTO_MAN,4,2
07/01/2026,14,95,0,07/07/2026,AUTO_MAN,4,2
07/01/2026,15,97,0,07/07/2026,AUTO_MAN,4,2
07/01/2026,16,96,0,07/07/2026,AUTO_MAN,4,2
07/01/2026,17,96,0,07/07/2026,AUTO_MAN,4,2
07/01/2026,18,95,0,07/07/2026,AUTO_MAN,4,2
07/01/2026,19,91,0,07/07/2026,AUTO_MAN,4,2
07/01/2026,20,89,0,07/07/2026,AUTO_MAN,4,2
07/01/2026,21,88,0,07/07/2026,AUTO_MAN,4,2
07/01/2026,22,88,0,07/07/2026,AUTO_MAN,4,2
07/01/2026,23,86,0,07/07/2026,AUTO_MAN,4,2
07/01/2026,24,84,0,07/07/2026,AUTO_MAN,4,2
07/02/2026,1,83,0,07/07/2026,AUTO_MAN,4,2
07/02/2026,2,83,0,07/07/2026,AUTO_MAN,4,2
07/02/2026,3,82,0,07/07/2026,AUTO_MAN,4,2
07/02/2026,4,81,0,07/07/2026,AUTO_MAN,4,2
07/02/2026,5,81,0,07/07/2026,AUTO_MAN,4,2
07/02/2026,6,81,0,07/07/2026,AUTO_MAN,4,2
07/02/2026,7,83,0,07/07/2026,AUTO_MAN,4,2
07/02/2026,8,87,0,07/07/2026,AUTO_MAN,4,2
07/02/2026,9,90,0,07/07/2026,AUTO_MAN,4,2
07/02/2026,10,94,0,07/07/2026,AUTO_MAN,4,2
07/02/2026,11,97,0,07/07/2026,AUTO_MAN,4,2
07/02/2026,12,100,0,07/07/2026,AUTO_MAN,4,2
07/02/2026,13,100,0,07/07/2026,AUTO_MAN,4,2
07/02/2026,14,101,0,07/07/2026,AUTO_MAN,4,2
07/02/2026,15,102,0,07/07/2026,AUTO_MAN,4,2
07/02/2026,16,101,0,07/07/2026,AUTO_MAN,4,2
07/02/2026,17,102,0,07/07/2026,AUTO_MAN,4,2
07/02/2026,18,100,0,07/07/2026,AUTO_MAN,4,2
07/02/2026,19,97,0,07/07/2026,AUTO_MAN,4,2
07/02/2026,20,93,0,07/07/2026,AUTO_MAN,4,2
07/02/2026,21,91,0,07/07/2026,AUTO_MAN,4,2
07/02/2026,22,90,0,07/07/2026,AUTO_MAN,4,2
07/02/2026,23,88,0,07/07/2026,AUTO_MAN,4,2
07/02/2026,24,86,0,07/07/2026,AUTO_MAN,4,2
07/03/2026,1,86,1,07/07/2026,AUTO_MAN,4,2
07/03/2026,2,85,1,07/07/2026,AUTO_MAN,4,2
07/03/2026,3,85,1,07/07/2026,AUTO_MAN,4,2
07/03/2026,4,83,1,07/07/2026,AUTO_MAN,4,2
07/03/2026,5,83,1,07/07/2026,AUTO_MAN,4,2
07/03/2026,6,85,1,07/07/2026,AUTO_MAN,4,2
07/03/2026,7,87,1,07/07/2026,AUTO_MAN,4,2
07/03/2026,8,90,1,07/07/2026,AUTO_MAN,4,2
07/03/2026,9,94,1,07/07/2026,AUTO_MAN,4,2
07/03/2026,10,96,1,07/07/2026,AUTO_MAN,4,2
07/03/2026,11,98,1,07/07/2026,AUTO_MAN,4,2
07/03/2026,12,99,1,07/07/2026,AUTO_MAN,4,2
07/03/2026,13,100,1,07/07/2026,AUTO_MAN,4,2
07/03/2026,14,101,1,07/07/2026,AUTO_MAN,4,2
07/03/2026,15,101,1,07/07/2026,AUTO_MAN,4,2
07/03/2026,16,101,1,07/07/2026,AUTO_MAN,4,2
07/03/2026,17,102,1,07/07/2026,AUTO_MAN,4,2
07/03/2026,18,100,1,07/07/2026,AUTO_MAN,4,2
07/03/2026,19,98,1,07/07/2026,AUTO_MAN,4,2
07/03/2026,20,95,1,07/07/2026,AUTO_MAN,4,2
07/03/2026,21,87,1,07/07/2026,AUTO_MAN,4,2
07/03/2026,22,86,1,07/07/2026,AUTO_MAN,4,2
07/03/2026,23,85,1,07/07/2026,AUTO_MAN,4,2
07/03/2026,24,83,1,07/07/2026,AUTO_MAN,4,2
07/04/2026,1,82,1,07/07/2026,AUTO_MAN,4,2
07/04/2026,2,81,1,07/07/2026,AUTO_MAN,4,2
07/04/2026,3,83,1,07/07/2026,AUTO_MAN,4,2
07/04/2026,4,85,1,07/07/2026,AUTO_MAN,4,2
07/04/2026,5,84,1,07/07/2026,AUTO_MAN,4,2
07/04/2026,6,84,1,07/07/2026,AUTO_MAN,4,2
07/04/2026,7,85,1,07/07/2026,AUTO_MAN,4,2
07/04/2026,8,88,1,07/07/2026,AUTO_MAN,4,2
07/04/2026,9,92,1,07/07/2026,AUTO_MAN,4,2
07/04/2026,10,94,1,07/07/2026,AUTO_MAN,4,2
07/04/2026,11,96,1,07/07/2026,AUTO_MAN,4,2
07/04/2026,12,98,1,07/07/2026,AUTO_MAN,4,2
07/04/2026,13,99,1,07/07/2026,AUTO_MAN,4,2
07/04/2026,14,99,1,07/07/2026,AUTO_MAN,4,2
07/04/2026,15,101,1,07/07/2026,AUTO_MAN,4,2
07/04/2026,16,100,1,07/07/2026,AUTO_MAN,4,2
07/04/2026,17,100,1,07/07/2026,AUTO_MAN,4,2
07/04/2026,18,100,1,07/07/2026,AUTO_MAN,4,2
07/04/2026,19,97,1,07/07/2026,AUTO_MAN,4,2
07/04/2026,20,95,1,07/07/2026,AUTO_MAN,4,2
07/04/2026,21,78,1,07/07/2026,AUTO_MAN,4,2
07/04/2026,22,77,1,07/07/2026,AUTO_MAN,4,2
07/04/2026,23,77,1,07/07/2026,AUTO_MAN,4,2
07/04/2026,24,77,1,07/07/2026,AUTO_MAN,4,2
07/05/2026,1,77,1,07/07/2026,AUTO_MAN,4,2
07/05/2026,2,78,1,07/07/2026,AUTO_MAN,4,2
07/05/2026,3,77,1,07/07/2026,AUTO_MAN,4,2
07/05/2026,4,77,1,07/07/2026,AUTO_MAN,4,2
07/05/2026,5,76,1,07/07/2026,AUTO_MAN,4,2
07/05/2026,6,76,1,07/07/2026,AUTO_MAN,4,2
07/05/2026,7,77,1,07/07/2026,AUTO_MAN,4,2
07/05/2026,8,78,1,07/07/2026,AUTO_MAN,4,2
07/05/2026,9,80,1,07/07/2026,AUTO_MAN,4,2
07/05/2026,10,81,1,07/07/2026,AUTO_MAN,4,2
07/05/2026,11,83,1,07/07/2026,AUTO_MAN,4,2
07/05/2026,12,85,1,07/07/2026,AUTO_MAN,4,2
07/05/2026,13,87,1,07/07/2026,AUTO_MAN,4,2
07/05/2026,14,90,1,07/07/2026,AUTO_MAN,4,2
07/05/2026,15,91,1,07/07/2026,AUTO_MAN,4,2
07/05/2026,16,93,1,07/07/2026,AUTO_MAN,4,2
07/05/2026,17,92,1,07/07/2026,AUTO_MAN,4,2
07/05/2026,18,89,1,07/07/2026,AUTO_MAN,4,2
07/05/2026,19,84,1,07/07/2026,AUTO_MAN,4,2
07/05/2026,20,80,1,07/07/2026,AUTO_MAN,4,2
07/05/2026,21,78,1,07/07/2026,AUTO_MAN,4,2
07/05/2026,22,76,1,07/07/2026,AUTO_MAN,4,2
07/05/2026,23,73,1,07/07/2026,AUTO_MAN,4,2
07/05/2026,24,74,1,07/07/2026,AUTO_MAN,4,2
07/06/2026,1,74,0,07/07/2026,AUTO_MAN,4,2
07/06/2026,2,73,0,07/07/2026,AUTO_MAN,4,2
07/06/2026,3,73,0,07/07/2026,AUTO_MAN,4,2
07/06/2026,4,74,0,07/07/2026,AUTO_MAN,4,2
07/06/2026,5,74,0,07/07/2026,AUTO_MAN,4,2
07/06/2026,6,75,0,07/07/2026,AUTO_MAN,4,2
07/06/2026,7,76,0,07/07/2026,AUTO_MAN,4,2
07/06/2026,8,77,0,07/07/2026,AUTO_MAN,4,2
07/06/2026,9,76,0,07/07/2026,AUTO_MAN,4,2
07/06/2026,10,75,0,07/07/2026,AUTO_MAN,4,2
07/06/2026,11,80,0,07/07/2026,AUTO_MAN,4,2
07/06/2026,12,80,0,07/07/2026,AUTO_MAN,4,2
07/06/2026,13,79,0,07/07/2026,AUTO_MAN,4,2
07/06/2026,14,79,0,07/07/2026,AUTO_MAN,4,2
07/06/2026,15,80,0,07/07/2026,AUTO_MAN,4,2
07/06/2026,16,78,0,07/07/2026,AUTO_MAN,4,2
07/06/2026,17,76,0,07/07/2026,AUTO_MAN,4,2
07/06/2026,18,75,0,07/07/2026,AUTO_MAN,4,2
07/06/2026,19,73,0,07/07/2026,AUTO_MAN,4,2
07/06/2026,20,71,0,07/07/2026,AUTO_MAN,4,2
07/06/2026,21,71,0,07/07/2026,AUTO_MAN,4,2
07/06/2026,22,70,0,07/07/2026,AUTO_MAN,4,2
07/06/2026,23,70,0,07/07/2026,AUTO_MAN,4,2
07/06/2026,24,70,0,07/07/2026,AUTO_MAN,4,2
07/07/2026,1,21.1,0,07/07/2026,AUTO_MAN,4,4
07/07/2026,2,21.1,0,07/07/2026,AUTO_MAN,4,4
07/07/2026,3,21.1,0,07/07/2026,AUTO_MAN,4,4
07/07/2026,4,21.1,0,07/07/2026,AUTO_MAN,4,4
07/07/2026,5,21.1,0,07/07/2026,AUTO_MAN,4,4
07/07/2026,6,20.6,0,07/07/2026,AUTO_MAN,4,4
07/07/2026,7,20.6,0,07/07/2026,AUTO_MAN,4,4
07/07/2026,8,20,0,07/07/2026,AUTO_MAN,4,4
07/07/2026,9,20.6,0,07/07/2026,AUTO_MAN,4,4
07/07/2026,10,21.7,0,07/07/2026,AUTO_MAN,4,4
07/07/2026,11,22.8,0,07/07/2026,AUTO_MAN,4,4
07/07/2026,12,23.3,0,07/07/2026,AUTO_MAN,4,4
07/07/2026,13,23.9,0,07/07/2026,AUTO_MAN,4,4
07/07/2026,14,24.4,0,07/07/2026,AUTO_MAN,4,4
07/07/2026,15,25,0,07/07/2026,AUTO_MAN,4,4
07/07/2026,16,25.6,0,07/07/2026,AUTO_MAN,4,4
07/07/2026,17,25.6,0,07/07/2026,AUTO_MAN,4,4
07/07/2026,18,25,0,07/07/2026,AUTO_MAN,4,4
07/07/2026,19,24.4,0,07/07/2026,AUTO_MAN,4,4
07/07/2026,20,24.4,0,07/07/2026,AUTO_MAN,4,4
07/07/2026,21,23.9,0,07/07/2026,AUTO_MAN,4,4
07/07/2026,22,23.3,0,07/07/2026,AUTO_MAN,4,4
07/07/2026,23,22.8,0,07/07/2026,AUTO_MAN,4,4
07/07/2026,24,22.2,0,07/07/2026,AUTO_MAN,4,4
07/08/2026,1,21.7,0,07/07/2026,AUTO_MAN,4,4
07/08/2026,2,21.1,0,07/07/2026,AUTO_MAN,4,4
07/08/2026,3,21.1,0,07/07/2026,AUTO_MAN,4,4
07/08/2026,4,21.1,0,07/07/2026,AUTO_MAN,4,4
07/08/2026,5,21.1,0,07/07/2026,AUTO_MAN,4,4
07/08/2026,6,20.6,0,07/07/2026,AUTO_MAN,4,4
07/08/2026,7,20.6,0,07/07/2026,AUTO_MAN,4,4
07/08/2026,8,21.1,0,07/07/2026,AUTO_MAN,4,4
07/08/2026,9,21.7,0,07/07/2026,AUTO_MAN,4,4
07/08/2026,10,22.8,0,07/07/2026,AUTO_MAN,4,4
07/08/2026,11,23.9,0,07/07/2026,AUTO_MAN,4,4
07/08/2026,12,25,0,07/07/2026,AUTO_MAN,4,4
07/08/2026,13,26.1,0,07/07/2026,AUTO_MAN,4,4
07/08/2026,14,26.7,0,07/07/2026,AUTO_MAN,4,4
07/08/2026,15,27.8,0,07/07/2026,AUTO_MAN,4,4
07/08/2026,16,28.3,0,07/07/2026,AUTO_MAN,4,4
07/08/2026,17,28.3,0,07/07/2026,AUTO_MAN,4,4
07/08/2026,18,27.8,0,07/07/2026,AUTO_MAN,4,4
07/08/2026,19,27.2,0,07/07/2026,AUTO_MAN,4,4
07/08/2026,20,26.7,0,07/07/2026,AUTO_MAN,4,4
07/08/2026,21,26.1,0,07/07/2026,AUTO_MAN,4,4
07/08/2026,22,25,0,07/07/2026,AUTO_MAN,4,4
07/08/2026,23,23.3,0,07/07/2026,AUTO_MAN,4,4
07/08/2026,24,22.8,0,07/07/2026,AUTO_MAN,4,4
07/09/2026,1,22.2,0,07/07/2026,AUTO_MAN,4,4
07/09/2026,2,21.7,0,07/07/2026,AUTO_MAN,4,4
07/09/2026,3,21.1,0,07/07/2026,AUTO_MAN,4,4
07/09/2026,4,21.1,0,07/07/2026,AUTO_MAN,4,4
07/09/2026,5,21.1,0,07/07/2026,AUTO_MAN,4,4
07/09/2026,6,21.7,0,07/07/2026,AUTO_MAN,4,4
07/09/2026,7,22.2,0,07/07/2026,AUTO_MAN,4,4
07/09/2026,8,23.3,0,07/07/2026,AUTO_MAN,4,4
07/09/2026,9,24.4,0,07/07/2026,AUTO_MAN,4,4
07/09/2026,10,25.6,0,07/07/2026,AUTO_MAN,4,4
07/09/2026,11,26.7,0,07/07/2026,AUTO_MAN,4,4
07/09/2026,12,27.8,0,07/07/2026,AUTO_MAN,4,4
07/09/2026,13,28.9,0,07/07/2026,AUTO_MAN,4,4
07/09/2026,14,28.9,0,07/07/2026,AUTO_MAN,4,4
07/09/2026,15,28.9,0,07/07/2026,AUTO_MAN,4,4
07/09/2026,16,28.3,0,07/07/2026,AUTO_MAN,4,4
07/09/2026,17,28.3,0,07/07/2026,AUTO_MAN,4,4
07/09/2026,18,28.3,0,07/07/2026,AUTO_MAN,4,4
07/09/2026,19,27.8,0,07/07/2026,AUTO_MAN,4,4
07/09/2026,20,27.2,0,07/07/2026,AUTO_MAN,4,4
07/09/2026,21,26.1,0,07/07/2026,AUTO_MAN,4,4
07/09/2026,22,25.6,0,07/07/2026,AUTO_MAN,4,4
07/09/2026,23,25.6,0,07/07/2026,AUTO_MAN,4,4
07/09/2026,24,25,0,07/07/2026,AUTO_MAN,4,4
07/10/2026,1,23.9,0,07/07/2026,AUTO_MAN,4,4
07/10/2026,2,23.3,0,07/07/2026,AUTO_MAN,4,4
07/10/2026,3,23.3,0,07/07/2026,AUTO_MAN,4,4
07/10/2026,4,22.8,0,07/07/2026,AUTO_MAN,4,4
07/10/2026,5,22.8,0,07/07/2026,AUTO_MAN,4,4
07/10/2026,6,22.8,0,07/07/2026,AUTO_MAN,4,4
07/10/2026,7,23.3,0,07/07/2026,AUTO_MAN,4,4
07/10/2026,8,23.9,0,07/07/2026,AUTO_MAN,4,4
07/10/2026,9,26.7,0,07/07/2026,AUTO_MAN,4,4
07/10/2026,10,27.8,0,07/07/2026,AUTO_MAN,4,4
07/10/2026,11,30.6,0,07/07/2026,AUTO_MAN,4,4
07/10/2026,12,31.1,0,07/07/2026,AUTO_MAN,4,4
07/10/2026,13,31.7,0,07/07/2026,AUTO_MAN,4,4
07/10/2026,14,32.2,0,07/07/2026,AUTO_MAN,4,4
07/10/2026,15,32.2,0,07/07/2026,AUTO_MAN,4,4
07/10/2026,16,31.7,0,07/07/2026,AUTO_MAN,4,4
07/10/2026,17,31.7,0,07/07/2026,AUTO_MAN,4,4
07/10/2026,18,31.1,0,07/07/2026,AUTO_MAN,4,4
07/10/2026,19,28.9,0,07/07/2026,AUTO_MAN,4,4
07/10/2026,20,27.8,0,07/07/2026,AUTO_MAN,4,4
07/10/2026,21,26.7,0,07/07/2026,AUTO_MAN,4,4
07/10/2026,22,26.1,0,07/07/2026,AUTO_MAN,4,4
07/10/2026,23,24.4,0,07/07/2026,AUTO_MAN,4,4
07/10/2026,24,23.9,0,07/07/2026,AUTO_MAN,4,4
07/11/2026,1,23.3,1,07/07/2026,AUTO_MAN,4,4
07/11/2026,2,23.3,1,07/07/2026,AUTO_MAN,4,4
07/11/2026,3,22.8,1,07/07/2026,AUTO_MAN,4,4
07/11/2026,4,22.8,1,07/07/2026,AUTO_MAN,4,4
07/11/2026,5,22.8,1,07/07/2026,AUTO_MAN,4,4
07/11/2026,6,22.8,1,07/07/2026,AUTO_MAN,4,4
07/11/2026,7,23.3,1,07/07/2026,AUTO_MAN,4,4
07/11/2026,8,23.9,1,07/07/2026,AUTO_MAN,4,4
07/11/2026,9,25.6,1,07/07/2026,AUTO_MAN,4,4
07/11/2026,10,26.7,1,07/07/2026,AUTO_MAN,4,4
07/11/2026,11,27.2,1,07/07/2026,AUTO_MAN,4,4
07/11/2026,12,27.8,1,07/07/2026,AUTO_MAN,4,4
07/11/2026,13,28.9,1,07/07/2026,AUTO_MAN,4,4
07/11/2026,14,29.4,1,07/07/2026,AUTO_MAN,4,4
07/11/2026,15,30,1,07/07/2026,AUTO_MAN,4,4
07/11/2026,16,30.6,1,07/07/2026,AUTO_MAN,4,4
07/11/2026,17,30.6,1,07/07/2026,AUTO_MAN,4,4
07/11/2026,18,30,1,07/07/2026,AUTO_MAN,4,4
07/11/2026,19,28.3,1,07/07/2026,AUTO_MAN,4,4
07/11/2026,20,27.2,1,07/07/2026,AUTO_MAN,4,4
07/11/2026,21,26.7,1,07/07/2026,AUTO_MAN,4,4
07/11/2026,22,25.6,1,07/07/2026,AUTO_MAN,4,4
07/11/2026,23,24.4,1,07/07/2026,AUTO_MAN,4,4
07/11/2026,24,23.9,1,07/07/2026,AUTO_MAN,4,4
07/12/2026,1,23.3,1,07/07/2026,AUTO_MAN,4,4
07/12/2026,2,22.8,1,07/07/2026,AUTO_MAN,4,4
07/12/2026,3,22.2,1,07/07/2026,AUTO_MAN,4,4
07/12/2026,4,21.7,1,07/07/2026,AUTO_MAN,4,4
07/12/2026,5,21.1,1,07/07/2026,AUTO_MAN,4,4
07/12/2026,6,21.1,1,07/07/2026,AUTO_MAN,4,4
07/12/2026,7,21.7,1,07/07/2026,AUTO_MAN,4,4
07/12/2026,8,22.8,1,07/07/2026,AUTO_MAN,4,4
07/12/2026,9,23.9,1,07/07/2026,AUTO_MAN,4,4
07/12/2026,10,25,1,07/07/2026,AUTO_MAN,4,4
07/12/2026,11,25.6,1,07/07/2026,AUTO_MAN,4,4
07/12/2026,12,26.7,1,07/07/2026,AUTO_MAN,4,4
07/12/2026,13,27.2,1,07/07/2026,AUTO_MAN,4,4
07/12/2026,14,27.8,1,07/07/2026,AUTO_MAN,4,4
07/12/2026,15,28.3,1,07/07/2026,AUTO_MAN,4,4
07/12/2026,16,28.9,1,07/07/2026,AUTO_MAN,4,4
07/12/2026,17,28.9,1,07/07/2026,AUTO_MAN,4,4
07/12/2026,18,28.3,1,07/07/2026,AUTO_MAN,4,4
07/12/2026,19,27.8,1,07/07/2026,AUTO_MAN,4,4
07/12/2026,20,26.7,1,07/07/2026,AUTO_MAN,4,4
07/12/2026,21,25.6,1,07/07/2026,AUTO_MAN,4,4
07/12/2026,22,24.4,1,07/07/2026,AUTO_MAN,4,4
07/12/2026,23,23.9,1,07/07/2026,AUTO_MAN,4,4
07/12/2026,24,22.8,1,07/07/2026,AUTO_MAN,4,4
07/13/2026,1,22.2,0,07/07/2026,AUTO_MAN,4,4
07/13/2026,2,21.7,0,07/07/2026,AUTO_MAN,4,4
07/13/2026,3,21.1,0,07/07/2026,AUTO_MAN,4,4
07/13/2026,4,20.6,0,07/07/2026,AUTO_MAN,4,4
07/13/2026,5,20.6,0,07/07/2026,AUTO_MAN,4,4
07/13/2026,6,20.6,0,07/07/2026,AUTO_MAN,4,4
07/13/2026,7,21.7,0,07/07/2026,AUTO_MAN,4,4
07/13/2026,8,22.2,0,07/07/2026,AUTO_MAN,4,4
07/13/2026,9,23.9,0,07/07/2026,AUTO_MAN,4,4
07/13/2026,10,25,0,07/07/2026,AUTO_MAN,4,4
07/13/2026,11,26.1,0,07/07/2026,AUTO_MAN,4,4
07/13/2026,12,27.8,0,07/07/2026,AUTO_MAN,4,4
07/13/2026,13,28.3,0,07/07/2026,AUTO_MAN,4,4
07/13/2026,14,29.4,0,07/07/2026,AUTO_MAN,4,4
07/13/2026,15,30,0,07/07/2026,AUTO_MAN,4,4
07/13/2026,16,30.6,0,07/07/2026,AUTO_MAN,4,4
07/13/2026,17,30.6,0,07/07/2026,AUTO_MAN,4,4
07/13/2026,18,30,0,07/07/2026,AUTO_MAN,4,4
07/13/2026,19,29.4,0,07/07/2026,AUTO_MAN,4,4
07/13/2026,20,28.3,0,07/07/2026,AUTO_MAN,4,4
07/13/2026,21,27.2,0,07/07/2026,AUTO_MAN,4,4
07/13/2026,22,25.6,0,07/07/2026,AUTO_MAN,4,4
07/13/2026,23,25,0,07/07/2026,AUTO_MAN,4,4
07/13/2026,24,23.9,0,07/07/2026,AUTO_MAN,4,4
07/14/2026,1,23.3,0,07/07/2026,AUTO_MAN,4,4
07/14/2026,2,22.8,0,07/07/2026,AUTO_MAN,4,4
07/14/2026,3,22.2,0,07/07/2026,AUTO_MAN,4,4
07/14/2026,4,22.2,0,07/07/2026,AUTO_MAN,4,4
07/14/2026,5,21.7,0,07/07/2026,AUTO_MAN,4,4
07/14/2026,6,21.7,0,07/07/2026,AUTO_MAN,4,4
07/14/2026,7,22.8,0,07/07/2026,AUTO_MAN,4,4
07/14/2026,8,23.3,0,07/07/2026,AUTO_MAN,4,4
07/14/2026,9,25,0,07/07/2026,AUTO_MAN,4,4
07/14/2026,10,26.7,0,07/07/2026,AUTO_MAN,4,4
07/14/2026,11,28.3,0,07/07/2026,AUTO_MAN,4,4
07/14/2026,12,29.4,0,07/07/2026,AUTO_MAN,4,4
07/14/2026,13,30,0,07/07/2026,AUTO_MAN,4,4
07/14/2026,14,31.1,0,07/07/2026,AUTO_MAN,4,4
07/14/2026,15,32.2,0,07/07/2026,AUTO_MAN,4,4
07/14/2026,16,32.2,0,07/07/2026,AUTO_MAN,4,4
07/14/2026,17,32.8,0,07/07/2026,AUTO_MAN,4,4
07/14/2026,18,32.2,0,07/07/2026,AUTO_MAN,4,4
07/14/2026,19,31.7,0,07/07/2026,AUTO_MAN,4,4
07/14/2026,20,30.6,0,07/07/2026,AUTO_MAN,4,4
07/14/2026,21,28.9,0,07/07/2026,AUTO_MAN,4,4
07/14/2026,22,27.8,0,07/07/2026,AUTO_MAN,4,4
07/14/2026,23,26.1,0,07/07/2026,AUTO_MAN,4,4
07/14/2026,24,25,0,07/07/2026,AUTO_MAN,4,4
07/15/2026,1,24.4,0,07/07/2026,AUTO_MAN,4,4
07/15/2026,2,23.3,0,07/07/2026,AUTO_MAN,4,4
07/15/2026,3,22.8,0,07/07/2026,AUTO_MAN,4,4
07/15/2026,4,22.8,0,07/07/2026,AUTO_MAN,4,4
07/15/2026,5,22.2,0,07/07/2026,AUTO_MAN,4,4
07/15/2026,6,22.2,0,07/07/2026,AUTO_MAN,4,4
07/15/2026,7,22.8,0,07/07/2026,AUTO_MAN,4,4
07/15/2026,8,23.9,0,07/07/2026,AUTO_MAN,4,4
07/15/2026,9,25,0,07/07/2026,AUTO_MAN,4,4
07/15/2026,10,26.7,0,07/07/2026,AUTO_MAN,4,4
07/15/2026,11,27.8,0,07/07/2026,AUTO_MAN,4,4
07/15/2026,12,29.4,0,07/07/2026,AUTO_MAN,4,4
07/15/2026,13,30.6,0,07/07/2026,AUTO_MAN,4,4
07/15/2026,14,31.7,0,07/07/2026,AUTO_MAN,4,4
07/15/2026,15,32.8,0,07/07/2026,AUTO_MAN,4,4
07/15/2026,16,33.3,0,07/07/2026,AUTO_MAN,4,4
07/15/2026,17,33.3,0,07/07/2026,AUTO_MAN,4,4
07/15/2026,18,32.8,0,07/07/2026,AUTO_MAN,4,4
07/15/2026,19,32.2,0,07/07/2026,AUTO_MAN,4,4
07/15/2026,20,31.1,0,07/07/2026,AUTO_MAN,4,4
07/15/2026,21,30,0,07/07/2026,AUTO_MAN,4,4
07/15/2026,22,28.3,0,07/07/2026,AUTO_MAN,4,4
07/15/2026,23,27.2,0,07/07/2026,AUTO_MAN,4,4
07/15/2026,24,26.7,0,07/07/2026,AUTO_MAN,4,4
07/16/2026,1,25.6,0,07/07/2026,AUTO_MAN,4,4
07/16/2026,2,25,0,07/07/2026,AUTO_MAN,4,4
07/16/2026,3,23.9,0,07/07/2026,AUTO_MAN,4,4
07/16/2026,4,23.3,0,07/07/2026,AUTO_MAN,4,4
07/16/2026,5,22.8,0,07/07/2026,AUTO_MAN,4,4
07/16/2026,6,22.8,0,07/07/2026,AUTO_MAN,4,4
07/16/2026,7,23.3,0,07/07/2026,AUTO_MAN,4,4
07/16/2026,8,23.9,0,07/07/2026,AUTO_MAN,4,4
07/16/2026,9,25,0,07/07/2026,AUTO_MAN,4,4
07/16/2026,10,26.7,0,07/07/2026,AUTO_MAN,4,4
07/16/2026,11,28.3,0,07/07/2026,AUTO_MAN,4,4
07/16/2026,12,29.4,0,07/07/2026,AUTO_MAN,4,4
07/16/2026,13,30.6,0,07/07/2026,AUTO_MAN,4,4
07/16/2026,14,31.1,0,07/07/2026,AUTO_MAN,4,4
07/16/2026,15,32.2,0,07/07/2026,AUTO_MAN,4,4
07/16/2026,16,32.8,0,07/07/2026,AUTO_MAN,4,4
07/16/2026,17,32.8,0,07/07/2026,AUTO_MAN,4,4
07/16/2026,18,32.2,0,07/07/2026,AUTO_MAN,4,4
07/16/2026,19,31.7,0,07/07/2026,AUTO_MAN,4,4
07/16/2026,20,30.6,0,07/07/2026,AUTO_MAN,4,4
07/16/2026,21,28.9,0,07/07/2026,AUTO_MAN,4,4
07/16/2026,22,27.8,0,07/07/2026,AUTO_MAN,4,4
07/16/2026,23,26.7,0,07/07/2026,AUTO_MAN,4,4
07/16/2026,24,25.6,0,07/07/2026,AUTO_MAN,4,4
07/17/2026,1,25,0,07/07/2026,AUTO_MAN,4,4
07/17/2026,2,23.9,0,07/07/2026,AUTO_MAN,4,4
07/17/2026,3,23.3,0,07/07/2026,AUTO_MAN,4,4
07/17/2026,4,22.8,0,07/07/2026,AUTO_MAN,4,4
07/17/2026,5,22.8,0,07/07/2026,AUTO_MAN,4,4
07/17/2026,6,22.2,0,07/07/2026,AUTO_MAN,4,4
07/17/2026,7,22.8,0,07/07/2026,AUTO_MAN,4,4
07/17/2026,8,23.9,0,07/07/2026,AUTO_MAN,4,4
07/17/2026,9,25.6,0,07/07/2026,AUTO_MAN,4,4
07/17/2026,10,27.2,0,07/07/2026,AUTO_MAN,4,4
07/17/2026,11,28.3,0,07/07/2026,AUTO_MAN,4,4
07/17/2026,12,30,0,07/07/2026,AUTO_MAN,4,4
07/17/2026,13,30.6,0,07/07/2026,AUTO_MAN,4,4
07/17/2026,14,31.7,0,07/07/2026,AUTO_MAN,4,4
07/17/2026,15,32.2,0,07/07/2026,AUTO_MAN,4,4
07/17/2026,16,32.2,0,07/07/2026,AUTO_MAN,4,4
07/17/2026,17,32.2,0,07/07/2026,AUTO_MAN,4,4
07/17/2026,18,31.7,0,07/07/2026,AUTO_MAN,4,4
07/17/2026,19,30.6,0,07/07/2026,AUTO_MAN,4,4
07/17/2026,20,29.4,0,07/07/2026,AUTO_MAN,4,4
07/17/2026,21,28.3,0,07/07/2026,AUTO_MAN,4,4
07/17/2026,22,27.2,0,07/07/2026,AUTO_MAN,4,4
07/17/2026,23,26.1,0,07/07/2026,AUTO_MAN,4,4
07/17/2026,24,25,0,07/07/2026,AUTO_MAN,4,4
07/18/2026,1,24.4,1,07/07/2026,AUTO_MAN,4,4
07/18/2026,2,23.3,1,07/07/2026,AUTO_MAN,4,4
07/18/2026,3,22.8,1,07/07/2026,AUTO_MAN,4,4
07/18/2026,4,22.2,1,07/07/2026,AUTO_MAN,4,4
07/18/2026,5,22.2,1,07/07/2026,AUTO_MAN,4,4
07/18/2026,6,21.7,1,07/07/2026,AUTO_MAN,4,4
07/18/2026,7,22.2,1,07/07/2026,AUTO_MAN,4,4
07/18/2026,8,23.3,1,07/07/2026,AUTO_MAN,4,4
07/18/2026,9,23.9,1,07/07/2026,AUTO_MAN,4,4
07/18/2026,10,25,1,07/07/2026,AUTO_MAN,4,4
07/18/2026,11,26.1,1,07/07/2026,AUTO_MAN,4,4
07/18/2026,12,27.8,1,07/07/2026,AUTO_MAN,4,4
07/18/2026,13,28.3,1,07/07/2026,AUTO_MAN,4,4
07/18/2026,14,30,1,07/07/2026,AUTO_MAN,4,4
07/18/2026,15,30.6,1,07/07/2026,AUTO_MAN,4,4
07/18/2026,16,31.1,1,07/07/2026,AUTO_MAN,4,4
07/18/2026,17,31.7,1,07/07/2026,AUTO_MAN,4,4
07/18/2026,18,31.1,1,07/07/2026,AUTO_MAN,4,4
07/18/2026,19,30.6,1,07/07/2026,AUTO_MAN,4,4
07/18/2026,20,30,1,07/07/2026,AUTO_MAN,4,4
07/18/2026,21,28.9,1,07/07/2026,AUTO_MAN,4,4
07/18/2026,22,27.8,1,07/07/2026,AUTO_MAN,4,4
07/18/2026,23,26.7,1,07/07/2026,AUTO_MAN,4,4
07/18/2026,24,25.6,1,07/07/2026,AUTO_MAN,4,4
07/19/2026,1,24.4,1,07/07/2026,AUTO_MAN,4,4
07/19/2026,2,23.3,1,07/07/2026,AUTO_MAN,4,4
07/19/2026,3,22.8,1,07/07/2026,AUTO_MAN,4,4
07/19/2026,4,22.2,1,07/07/2026,AUTO_MAN,4,4
07/19/2026,5,21.7,1,07/07/2026,AUTO_MAN,4,4
07/19/2026,6,21.1,1,07/07/2026,AUTO_MAN,4,4
07/19/2026,7,21.7,1,07/07/2026,AUTO_MAN,4,4
07/19/2026,8,22.8,1,07/07/2026,AUTO_MAN,4,4
07/19/2026,9,23.9,1,07/07/2026,AUTO_MAN,4,4
07/19/2026,10,25,1,07/07/2026,AUTO_MAN,4,4
07/19/2026,11,26.7,1,07/07/2026,AUTO_MAN,4,4
07/19/2026,12,27.8,1,07/07/2026,AUTO_MAN,4,4
07/19/2026,13,28.9,1,07/07/2026,AUTO_MAN,4,4
07/19/2026,14,30,1,07/07/2026,AUTO_MAN,4,4
07/19/2026,15,30.6,1,07/07/2026,AUTO_MAN,4,4
07/19/2026,16,31.1,1,07/07/2026,AUTO_MAN,4,4
07/19/2026,17,31.1,1,07/07/2026,AUTO_MAN,4,4
07/19/2026,18,30.6,1,07/07/2026,AUTO_MAN,4,4
07/19/2026,19,30,1,07/07/2026,AUTO_MAN,4,4
07/19/2026,20,28.9,1,07/07/2026,AUTO_MAN,4,4
07/19/2026,21,27.2,1,07/07/2026,AUTO_MAN,4,4
07/19/2026,22,26.1,1,07/07/2026,AUTO_MAN,4,4
07/19/2026,23,25,1,07/07/2026,AUTO_MAN,4,4
07/19/2026,24,23.9,1,07/07/2026,AUTO_MAN,4,4
07/20/2026,1,23.3,0,07/07/2026,AUTO_MAN,4,4
07/20/2026,2,22.8,0,07/07/2026,AUTO_MAN,4,4
07/20/2026,3,22.2,0,07/07/2026,AUTO_MAN,4,4
07/20/2026,4,21.7,0,07/07/2026,AUTO_MAN,4,4
07/20/2026,5,21.1,0,07/07/2026,AUTO_MAN,4,4
07/20/2026,6,21.1,0,07/07/2026,AUTO_MAN,4,4
07/20/2026,7,21.7,0,07/07/2026,AUTO_MAN,4,4
07/20/2026,8,23.3,0,07/07/2026,AUTO_MAN,4,4
07/20/2026,9,24.4,0,07/07/2026,AUTO_MAN,4,4
07/20/2026,10,25.6,0,07/07/2026,AUTO_MAN,4,4
07/20/2026,11,26.7,0,07/07/2026,AUTO_MAN,4,4
07/20/2026,12,27.8,0,07/07/2026,AUTO_MAN,4,4
07/20/2026,13,28.9,0,07/07/2026,AUTO_MAN,4,4
07/20/2026,14,29.4,0,07/07/2026,AUTO_MAN,4,4
07/20/2026,15,30.6,0,07/07/2026,AUTO_MAN,4,4
07/20/2026,16,30.6,0,07/07/2026,AUTO_MAN,4,4
07/20/2026,17,31.1,0,07/07/2026,AUTO_MAN,4,4
07/20/2026,18,30.6,0,07/07/2026,AUTO_MAN,4,4
07/20/2026,19,30,0,07/07/2026,AUTO_MAN,4,4
07/20/2026,20,29.4,0,07/07/2026,AUTO_MAN,4,4
07/20/2026,21,27.8,0,07/07/2026,AUTO_MAN,4,4
07/20/2026,22,26.7,0,07/07/2026,AUTO_MAN,4,4
07/20/2026,23,25.6,0,07/07/2026,AUTO_MAN,4,4
07/20/2026,24,24.4,0,07/07/2026,AUTO_MAN,4,4
07/21/2026,1,23.3,0,07/07/2026,AUTO_MAN,4,4
07/21/2026,2,22.8,0,07/07/2026,AUTO_MAN,4,4
07/21/2026,3,21.7,0,07/07/2026,AUTO_MAN,4,4
07/21/2026,4,21.1,0,07/07/2026,AUTO_MAN,4,4
07/21/2026,5,20.6,0,07/07/2026,AUTO_MAN,4,4
07/21/2026,6,20,0,07/07/2026,AUTO_MAN,4,4
07/21/2026,7,20,0,07/07/2026,AUTO_MAN,4,4
07/21/2026,8,21.1,0,07/07/2026,AUTO_MAN,4,4
07/21/2026,9,22.8,0,07/07/2026,AUTO_MAN,4,4
07/21/2026,10,23.9,0,07/07/2026,AUTO_MAN,4,4
07/21/2026,11,25.6,0,07/07/2026,AUTO_MAN,4,4
07/21/2026,12,26.7,0,07/07/2026,AUTO_MAN,4,4
07/21/2026,13,27.2,0,07/07/2026,AUTO_MAN,4,4
07/21/2026,14,28.3,0,07/07/2026,AUTO_MAN,4,4
07/21/2026,15,28.9,0,07/07/2026,AUTO_MAN,4,4
07/21/2026,16,29.4,0,07/07/2026,AUTO_MAN,4,4
07/21/2026,17,30,0,07/07/2026,AUTO_MAN,4,4
07/21/2026,18,29.4,0,07/07/2026,AUTO_MAN,4,4
07/21/2026,19,29.4,0,07/07/2026,AUTO_MAN,4,4
07/21/2026,20,28.3,0,07/07/2026,AUTO_MAN,4,4
07/21/2026,21,27.2,0,07/07/2026,AUTO_MAN,4,4
07/21/2026,22,25.6,0,07/07/2026,AUTO_MAN,4,4
07/21/2026,23,25,0,07/07/2026,AUTO_MAN,4,4
07/21/2026,24,24.4,0,07/07/2026,AUTO_MAN,4,4
06/08/2026,1,67,0,06/15/2026,AUTO_MAN,5,2
06/08/2026,2,65,0,06/15/2026,AUTO_MAN,5,2
06/08/2026,3,65,0,06/15/2026,AUTO_MAN,5,2
06/08/2026,4,62,0,06/15/2026,AUTO_MAN,5,2
06/08/2026,5,61,0,06/15/2026,AUTO_MAN,5,2
06/08/2026,6,61,0,06/15/2026,AUTO_MAN,5,2
06/08/2026,7,66,0,06/15/2026,AUTO_MAN,5,2
06/08/2026,8,70,0,06/15/2026,AUTO_MAN,5,2
06/08/2026,9,74,0,06/15/2026,AUTO_MAN,5,2
06/08/2026,10,78,0,06/15/2026,AUTO_MAN,5,2
06/08/2026,11,81,0,06/15/2026,AUTO_MAN,5,2
06/08/2026,12,84,0,06/15/2026,AUTO_MAN,5,2
06/08/2026,13,85,0,06/15/2026,AUTO_MAN,5,2
06/08/2026,14,85,0,06/15/2026,AUTO_MAN,5,2
06/08/2026,15,85,0,06/15/2026,AUTO_MAN,5,2
06/08/2026,16,86,0,06/15/2026,AUTO_MAN,5,2
06/08/2026,17,86,0,06/15/2026,AUTO_MAN,5,2
06/08/2026,18,85,0,06/15/2026,AUTO_MAN,5,2
06/08/2026,19,83,0,06/15/2026,AUTO_MAN,5,2
06/08/2026,20,79,0,06/15/2026,AUTO_MAN,5,2
06/08/2026,21,79,0,06/15/2026,AUTO_MAN,5,2
06/08/2026,22,78,0,06/15/2026,AUTO_MAN,5,2
06/08/2026,23,77,0,06/15/2026,AUTO_MAN,5,2
06/08/2026,24,74,0,06/15/2026,AUTO_MAN,5,2
06/09/2026,1,74,0,06/16/2026,AUTO_MAN,5,2
06/09/2026,2,73,0,06/16/2026,AUTO_MAN,5,2
06/09/2026,3,71,0,06/16/2026,AUTO_MAN,5,2
06/09/2026,4,71,0,06/16/2026,AUTO_MAN,5,2
06/09/2026,5,70,0,06/16/2026,AUTO_MAN,5,2
06/09/2026,6,71,0,06/16/2026,AUTO_MAN,5,2
06/09/2026,7,72,0,06/16/2026,AUTO_MAN,5,2
06/09/2026,8,75,0,06/16/2026,AUTO_MAN,5,2
06/09/2026,9,77,0,06/16/2026,AUTO_MAN,5,2
06/09/2026,10,79,0,06/16/2026,AUTO_MAN,5,2
06/09/2026,11,80,0,06/16/2026,AUTO_MAN,5,2
06/09/2026,12,79,0,06/16/2026,AUTO_MAN,5,2
06/09/2026,13,79,0,06/16/2026,AUTO_MAN,5,2
06/09/2026,14,80,0,06/16/2026,AUTO_MAN,5,2
06/09/2026,15,81,0,06/16/2026,AUTO_MAN,5,2
06/09/2026,16,81,0,06/16/2026,AUTO_MAN,5,2
06/09/2026,17,81,0,06/16/2026,AUTO_MAN,5,2
06/09/2026,18,80,0,06/16/2026,AUTO_MAN,5,2
06/09/2026,19,79,0,06/16/2026,AUTO_MAN,5,2
06/09/2026,20,73,0,06/16/2026,AUTO_MAN,5,2
06/09/2026,21,73,0,06/16/2026,AUTO_MAN,5,2
06/09/2026,22,72,0,06/16/2026,AUTO_MAN,5,2
06/09/2026,23,72,0,06/16/2026,AUTO_MAN,5,2
06/09/2026,24,72,0,06/16/2026,AUTO_MAN,5,2
06/10/2026,1,73,0,06/17/2026,AUTO_MAN,5,2
06/10/2026,2,73,0,06/17/2026,AUTO_MAN,5,2
06/10/2026,3,73,0,06/17/2026,AUTO_MAN,5,2
06/10/2026,4,73,0,06/17/2026,AUTO_MAN,5,2
06/10/2026,5,73,0,06/17/2026,AUTO_MAN,5,2
06/10/2026,6,74,0,06/17/2026,AUTO_MAN,5,2
06/10/2026,7,74,0,06/17/2026,AUTO_MAN,5,2
06/10/2026,8,74,0,06/17/2026,AUTO_MAN,5,2
06/10/2026,9,75,0,06/17/2026,AUTO_MAN,5,2
06/10/2026,10,76,0,06/17/2026,AUTO_MAN,5,2
06/10/2026,11,79,0,06/17/2026,AUTO_MAN,5,2
06/10/2026,12,82,0,06/17/2026,AUTO_MAN,5,2
06/10/2026,13,82,0,06/17/2026,AUTO_MAN,5,2
06/10/2026,14,84,0,06/17/2026,AUTO_MAN,5,2
06/10/2026,15,85,0,06/17/2026,AUTO_MAN,5,2
06/10/2026,16,86,0,06/17/2026,AUTO_MAN,5,2
06/10/2026,17,86,0,06/17/2026,AUTO_MAN,5,2
06/10/2026,18,85,0,06/17/2026,AUTO_MAN,5,2
06/10/2026,19,84,0,06/17/2026,AUTO_MAN,5,2
06/10/2026,20,82,0,06/17/2026,AUTO_MAN,5,2
06/10/2026,21,81,0,06/17/2026,AUTO_MAN,5,2
06/10/2026,22,80,0,06/17/2026,AUTO_MAN,5,2
06/10/2026,23,76,0,06/17/2026,AUTO_MAN,5,2
06/10/2026,24,69,0,06/17/2026,AUTO_MAN,5,2
06/11/2026,1,70,0,06/18/2026,AUTO_MAN,5,2
06/11/2026,2,71,0,06/18/2026,AUTO_MAN,5,2
06/11/2026,3,70,0,06/18/2026,AUTO_MAN,5,2
06/11/2026,4,69,0,06/18/2026,AUTO_MAN,5,2
06/11/2026,5,73,0,06/18/2026,AUTO_MAN,5,2
06/11/2026,6,74,0,06/18/2026,AUTO_MAN,5,2
06/11/2026,7,76,0,06/18/2026,AUTO_MAN,5,2
06/11/2026,8,79,0,06/18/2026,AUTO_MAN,5,2
06/11/2026,9,81,0,06/18/2026,AUTO_MAN,5,2
06/11/2026,10,82,0,06/18/2026,AUTO_MAN,5,2
06/11/2026,11,85,0,06/18/2026,AUTO_MAN,5,2
06/11/2026,12,87,0,06/18/2026,AUTO_MAN,5,2
06/11/2026,13,88,0,06/18/2026,AUTO_MAN,5,2
06/11/2026,14,89,0,06/18/2026,AUTO_MAN,5,2
06/11/2026,15,70,0,06/18/2026,AUTO_MAN,5,2
06/11/2026,16,73,0,06/18/2026,AUTO_MAN,5,2
06/11/2026,17,72,0,06/18/2026,AUTO_MAN,5,2
06/11/2026,18,73,0,06/18/2026,AUTO_MAN,5,2
06/11/2026,19,73,0,06/18/2026,AUTO_MAN,5,2
06/11/2026,20,73,0,06/18/2026,AUTO_MAN,5,2
06/11/2026,21,72,0,06/18/2026,AUTO_MAN,5,2
06/11/2026,22,71,0,06/18/2026,AUTO_MAN,5,2
06/11/2026,23,71,0,06/18/2026,AUTO_MAN,5,2
06/11/2026,24,72,0,06/18/2026,AUTO_MAN,5,2
06/12/2026,1,74,0,06/19/2026,AUTO_MAN,5,2
06/12/2026,2,74,0,06/19/2026,AUTO_MAN,5,2
06/12/2026,3,75,0,06/19/2026,AUTO_MAN,5,2
06/12/2026,4,75,0,06/19/2026,AUTO_MAN,5,2
06/12/2026,5,74,0,06/19/2026,AUTO_MAN,5,2
06/12/2026,6,74,0,06/19/2026,AUTO_MAN,5,2
06/12/2026,7,75,0,06/19/2026,AUTO_MAN,5,2
06/12/2026,8,76,0,06/19/2026,AUTO_MAN,5,2
06/12/2026,9,79,0,06/19/2026,AUTO_MAN,5,2
06/12/2026,10,78,0,06/19/2026,AUTO_MAN,5,2
06/12/2026,11,78,0,06/19/2026,AUTO_MAN,5,2
06/12/2026,12,77,0,06/19/2026,AUTO_MAN,5,2
06/12/2026,13,74,0,06/19/2026,AUTO_MAN,5,2
06/12/2026,14,75,0,06/19/2026,AUTO_MAN,5,2
06/12/2026,15,78,0,06/19/2026,AUTO_MAN,5,2
06/12/2026,16,79,0,06/19/2026,AUTO_MAN,5,2
06/12/2026,17,78,0,06/19/2026,AUTO_MAN,5,2
06/12/2026,18,77,0,06/19/2026,AUTO_MAN,5,2
06/12/2026,19,77,0,06/19/2026,AUTO_MAN,5,2
06/12/2026,20,74,0,06/19/2026,AUTO_MAN,5,2
06/12/2026,21,72,0,06/19/2026,AUTO_MAN,5,2
06/12/2026,22,70,0,06/19/2026,AUTO_MAN,5,2
06/12/2026,23,70,0,06/19/2026,AUTO_MAN,5,2
06/12/2026,24,66,0,06/19/2026,AUTO_MAN,5,2
06/13/2026,1,65,1,06/20/2026,AUTO_MAN,5,2
06/13/2026,2,63,1,06/20/2026,AUTO_MAN,5,2
06/13/2026,3,62,1,06/20/2026,AUTO_MAN,5,2
06/13/2026,4,62,1,06/20/2026,AUTO_MAN,5,2
06/13/2026,5,61,1,06/20/2026,AUTO_MAN,5,2
06/13/2026,6,61,1,06/20/2026,AUTO_MAN,5,2
06/13/2026,7,67,1,06/20/2026,AUTO_MAN,5,2
06/13/2026,8,71,1,06/20/2026,AUTO_MAN,5,2
06/13/2026,9,75,1,06/20/2026,AUTO_MAN,5,2
06/13/2026,10,76,1,06/20/2026,AUTO_MAN,5,2
06/13/2026,11,78,1,06/20/2026,AUTO_MAN,5,2
06/13/2026,12,78,1,06/20/2026,AUTO_MAN,5,2
06/13/2026,13,80,1,06/20/2026,AUTO_MAN,5,2
06/13/2026,14,82,1,06/20/2026,AUTO_MAN,5,2
06/13/2026,15,81,1,06/20/2026,AUTO_MAN,5,2
06/13/2026,16,82,1,06/20/2026,AUTO_MAN,5,2
06/13/2026,17,82,1,06/20/2026,AUTO_MAN,5,2
06/13/2026,18,81,1,06/20/2026,AUTO_MAN,5,2
06/13/2026,19,79,1,06/20/2026,AUTO_MAN,5,2
06/13/2026,20,76,1,06/20/2026,AUTO_MAN,5,2
06/13/2026,21,75,1,06/20/2026,AUTO_MAN,5,2
06/13/2026,22,72,1,06/20/2026,AUTO_MAN,5,2
06/13/2026,23,70,1,06/20/2026,AUTO_MAN,5,2
06/13/2026,24,69,1,06/20/2026,AUTO_MAN,5,2
06/14/2026,1,69,1,06/21/2026,AUTO_MAN,5,2
06/14/2026,2,68,1,06/21/2026,AUTO_MAN,5,2
06/14/2026,3,68,1,06/21/2026,AUTO_MAN,5,2
06/14/2026,4,68,1,06/21/2026,AUTO_MAN,5,2
06/14/2026,5,68,1,06/21/2026,AUTO_MAN,5,2
06/14/2026,6,67,1,06/21/2026,AUTO_MAN,5,2
06/14/2026,7,68,1,06/21/2026,AUTO_MAN,5,2
06/14/2026,8,71,1,06/21/2026,AUTO_MAN,5,2
06/14/2026,9,72,1,06/21/2026,AUTO_MAN,5,2
06/14/2026,10,70,1,06/21/2026,AUTO_MAN,5,2
06/14/2026,11,75,1,06/21/2026,AUTO_MAN,5,2
06/14/2026,12,80,1,06/21/2026,AUTO_MAN,5,2
06/14/2026,13,81,1,06/21/2026,AUTO_MAN,5,2
06/14/2026,14,80,1,06/21/2026,AUTO_MAN,5,2
06/14/2026,15,80,1,06/21/2026,AUTO_MAN,5,2
06/14/2026,16,81,1,06/21/2026,AUTO_MAN,5,2
06/14/2026,17,78,1,06/21/2026,AUTO_MAN,5,2
06/14/2026,18,66,1,06/21/2026,AUTO_MAN,5,2
06/14/2026,19,66,1,06/21/2026,AUTO_MAN,5,2
06/14/2026,20,63,1,06/21/2026,AUTO_MAN,5,2
06/14/2026,21,62,1,06/21/2026,AUTO_MAN,5,2
06/14/2026,22,61,1,06/21/2026,AUTO_MAN,5,2
06/14/2026,23,59,1,06/21/2026,AUTO_MAN,5,2
06/14/2026,24,57,1,06/21/2026,AUTO_MAN,5,2
06/15/2026,1,58,0,06/22/2026,AUTO_MAN,5,2
06/15/2026,2,58,0,06/22/2026,AUTO_MAN,5,2
06/15/2026,3,58,0,06/22/2026,AUTO_MAN,5,2
06/15/2026,4,56,0,06/22/2026,AUTO_MAN,5,2
06/15/2026,5,55,0,06/22/2026,AUTO_MAN,5,2
06/15/2026,6,56,0,06/22/2026,AUTO_MAN,5,2
06/15/2026,7,57,0,06/22/2026,AUTO_MAN,5,2
06/15/2026,8,61,0,06/22/2026,AUTO_MAN,5,2
06/15/2026,9,61,0,06/22/2026,AUTO_MAN,5,2
06/15/2026,10,63,0,06/22/2026,AUTO_MAN,5,2
06/15/2026,11,66,0,06/22/2026,AUTO_MAN,5,2
06/15/2026,12,66,0,06/22/2026,AUTO_MAN,5,2
06/15/2026,13,66,0,06/22/2026,AUTO_MAN,5,2
06/15/2026,14,66,0,06/22/2026,AUTO_MAN,5,2
06/15/2026,15,69,0,06/22/2026,AUTO_MAN,5,2
06/15/2026,16,68,0,06/22/2026,AUTO_MAN,5,2
06/15/2026,17,68,0,06/22/2026,AUTO_MAN,5,2
06/15/2026,18,67,0,06/22/2026,AUTO_MAN,5,2
06/15/2026,19,65,0,06/22/2026,AUTO_MAN,5,2
06/15/2026,20,62,0,06/22/2026,AUTO_MAN,5,2
06/15/2026,21,60,0,06/22/2026,AUTO_MAN,5,2
06/15/2026,22,56,0,06/22/2026,AUTO_MAN,5,2
06/15/2026,23,53,0,06/22/2026,AUTO_MAN,5,2
06/15/2026,24,52,0,06/22/2026,AUTO_MAN,5,2
06/16/2026,1,51,0,06/23/2026,AUTO_MAN,5,2
06/16/2026,2,51,0,06/23/2026,AUTO_MAN,5,2
06/16/2026,3,50,0,06/23/2026,AUTO_MAN,5,2
06/16/2026,4,49,0,06/23/2026,AUTO_MAN,5,2
06/16/2026,5,47,0,06/23/2026,AUTO_MAN,5,2
06/16/2026,6,50,0,06/23/2026,AUTO_MAN,5,2
06/16/2026,7,54,0,06/23/2026,AUTO_MAN,5,2
06/16/2026,8,60,0,06/23/2026,AUTO_MAN,5,2
06/16/2026,9,66,0,06/23/2026,AUTO_MAN,5,2
06/16/2026,10,68,0,06/23/2026,AUTO_MAN,5,2
06/16/2026,11,69,0,06/23/2026,AUTO_MAN,5,2
06/16/2026,12,70,0,06/23/2026,AUTO_MAN,5,2
06/16/2026,13,71,0,06/23/2026,AUTO_MAN,5,2
06/16/2026,14,71,0,06/23/2026,AUTO_MAN,5,2
06/16/2026,15,72,0,06/23/2026,AUTO_MAN,5,2
06/16/2026,16,73,0,06/23/2026,AUTO_MAN,5,2
06/16/2026,17,74,0,06/23/2026,AUTO_MAN,5,2
06/16/2026,18,73,0,06/23/2026,AUTO_MAN,5,2
06/16/2026,19,64,0,06/23/2026,AUTO_MAN,5,2
06/16/2026,20,63,0,06/23/2026,AUTO_MAN,5,2
06/16/2026,21,63,0,06/23/2026,AUTO_MAN,5,2
06/16/2026,22,62,0,06/23/2026,AUTO_MAN,5,2
06/16/2026,23,62,0,06/23/2026,AUTO_MAN,5,2
06/16/2026,24,61,0,06/23/2026,AUTO_MAN,5,2
06/17/2026,1,57,0,06/24/2026,AUTO_MAN,5,2
06/17/2026,2,57,0,06/24/2026,AUTO_MAN,5,2
06/17/2026,3,56,0,06/24/2026,AUTO_MAN,5,2
06/17/2026,4,56,0,06/24/2026,AUTO_MAN,5,2
06/17/2026,5,56,0,06/24/2026,AUTO_MAN,5,2
06/17/2026,6,57,0,06/24/2026,AUTO_MAN,5,2
06/17/2026,7,60,0,06/24/2026,AUTO_MAN,5,2
06/17/2026,8,65,0,06/24/2026,AUTO_MAN,5,2
06/17/2026,9,67,0,06/24/2026,AUTO_MAN,5,2
06/17/2026,10,69,0,06/24/2026,AUTO_MAN,5,2
06/17/2026,11,71,0,06/24/2026,AUTO_MAN,5,2
06/17/2026,12,73,0,06/24/2026,AUTO_MAN,5,2
06/17/2026,13,74,0,06/24/2026,AUTO_MAN,5,2
06/17/2026,14,76,0,06/24/2026,AUTO_MAN,5,2
06/17/2026,15,76,0,06/24/2026,AUTO_MAN,5,2
06/17/2026,16,76,0,06/24/2026,AUTO_MAN,5,2
06/17/2026,17,77,0,06/24/2026,AUTO_MAN,5,2
06/17/2026,18,76,0,06/24/2026,AUTO_MAN,5,2
06/17/2026,19,75,0,06/24/2026,AUTO_MAN,5,2
06/17/2026,20,73,0,06/24/2026,AUTO_MAN,5,2
06/17/2026,21,73,0,06/24/2026,AUTO_MAN,5,2
06/17/2026,22,74,0,06/24/2026,AUTO_MAN,5,2
06/17/2026,23,74,0,06/24/2026,AUTO_MAN,5,2
06/17/2026,24,67,0,06/24/2026,AUTO_MAN,5,2
06/18/2026,1,67,0,06/25/2026,AUTO_MAN,5,2
06/18/2026,2,70,0,06/25/2026,AUTO_MAN,5,2
06/18/2026,3,73,0,06/25/2026,AUTO_MAN,5,2
06/18/2026,4,72,0,06/25/2026,AUTO_MAN,5,2
06/18/2026,5,71,0,06/25/2026,AUTO_MAN,5,2
06/18/2026,6,70,0,06/25/2026,AUTO_MAN,5,2
06/18/2026,7,70,0,06/25/2026,AUTO_MAN,5,2
06/18/2026,8,72,0,06/25/2026,AUTO_MAN,5,2
06/18/2026,9,75,0,06/25/2026,AUTO_MAN,5,2
06/18/2026,10,77,0,06/25/2026,AUTO_MAN,5,2
06/18/2026,11,78,0,06/25/2026,AUTO_MAN,5,2
06/18/2026,12,79,0,06/25/2026,AUTO_MAN,5,2
06/18/2026,13,79,0,06/25/2026,AUTO_MAN,5,2
06/18/2026,14,80,0,06/25/2026,AUTO_MAN,5,2
06/18/2026,15,80,0,06/25/2026,AUTO_MAN,5,2
06/18/2026,16,80,0,06/25/2026,AUTO_MAN,5,2
06/18/2026,17,78,0,06/25/2026,AUTO_MAN,5,2
06/18/2026,18,79,0,06/25/2026,AUTO_MAN,5,2
06/18/2026,19,76,0,06/25/2026,AUTO_MAN,5,2
06/18/2026,20,74,0,06/25/2026,AUTO_MAN,5,2
06/18/2026,21,71,0,06/25/2026,AUTO_MAN,5,2
06/18/2026,22,68,0,06/25/2026,AUTO_MAN,5,2
06/18/2026,23,67,0,06/25/2026,AUTO_MAN,5,2
06/18/2026,24,66,0,06/25/2026,AUTO_MAN,5,2
06/19/2026,1,63,0,06/26/2026,AUTO_MAN,5,2
06/19/2026,2,61,0,06/26/2026,AUTO_MAN,5,2
06/19/2026,3,60,0,06/26/2026,AUTO_MAN,5,2
06/19/2026,4,58,0,06/26/2026,AUTO_MAN,5,2
06/19/2026,5,57,0,06/26/2026,AUTO_MAN,5,2
06/19/2026,6,57,0,06/26/2026,AUTO_MAN,5,2
06/19/2026,7,61,0,06/26/2026,AUTO_MAN,5,2
06/19/2026,8,64,0,06/26/2026,AUTO_MAN,5,2
06/19/2026,9,68,0,06/26/2026,AUTO_MAN,5,2
06/19/2026,10,69,0,06/26/2026,AUTO_MAN,5,2
06/19/2026,11,71,0,06/26/2026,AUTO_MAN,5,2
06/19/2026,12,73,0,06/26/2026,AUTO_MAN,5,2
06/19/2026,13,73,0,06/26/2026,AUTO_MAN,5,2
06/19/2026,14,74,0,06/26/2026,AUTO_MAN,5,2
06/19/2026,15,76,0,06/26/2026,AUTO_MAN,5,2
06/19/2026,16,74,0,06/26/2026,AUTO_MAN,5,2
06/19/2026,17,76,0,06/26/2026,AUTO_MAN,5,2
06/19/2026,18,76,0,06/26/2026,AUTO_MAN,5,2
06/19/2026,19,74,0,06/26/2026,AUTO_MAN,5,2
06/19/2026,20,69,0,06/26/2026,AUTO_MAN,5,2
06/19/2026,21,68,0,06/26/2026,AUTO_MAN,5,2
06/19/2026,22,65,0,06/26/2026,AUTO_MAN,5,2
06/19/2026,23,64,0,06/26/2026,AUTO_MAN,5,2
06/19/2026,24,62,0,06/26/2026,AUTO_MAN,5,2
06/20/2026,1,60,1,06/27/2026,AUTO_MAN,5,2
06/20/2026,2,59,1,06/27/2026,AUTO_MAN,5,2
06/20/2026,3,59,1,06/27/2026,AUTO_MAN,5,2
06/20/2026,4,58,1,06/27/2026,AUTO_MAN,5,2
06/20/2026,5,57,1,06/27/2026,AUTO_MAN,5,2
06/20/2026,6,57,1,06/27/2026,AUTO_MAN,5,2
06/20/2026,7,61,1,06/27/2026,AUTO_MAN,5,2
06/20/2026,8,66,1,06/27/2026,AUTO_MAN,5,2
06/20/2026,9,69,1,06/27/2026,AUTO_MAN,5,2
06/20/2026,10,70,1,06/27/2026,AUTO_MAN,5,2
06/20/2026,11,73,1,06/27/2026,AUTO_MAN,5,2
06/20/2026,12,72,1,06/27/2026,AUTO_MAN,5,2
06/20/2026,13,70,1,06/27/2026,AUTO_MAN,5,2
06/20/2026,14,71,1,06/27/2026,AUTO_MAN,5,2
06/20/2026,15,73,1,06/27/2026,AUTO_MAN,5,2
06/20/2026,16,73,1,06/27/2026,AUTO_MAN,5,2
06/20/2026,17,69,1,06/27/2026,AUTO_MAN,5,2
06/20/2026,18,73,1,06/27/2026,AUTO_MAN,5,2
06/20/2026,19,72,1,06/27/2026,AUTO_MAN,5,2
06/20/2026,20,69,1,06/27/2026,AUTO_MAN,5,2
06/20/2026,21,68,1,06/27/2026,AUTO_MAN,5,2
06/20/2026,22,67,1,06/27/2026,AUTO_MAN,5,2
06/20/2026,23,65,1,06/27/2026,AUTO_MAN,5,2
06/20/2026,24,62,1,06/27/2026,AUTO_MAN,5,2
06/21/2026,1,60,1,06/28/2026,AUTO_MAN,5,2
06/21/2026,2,59,1,06/28/2026,AUTO_MAN,5,2
06/21/2026,3,58,1,06/28/2026,AUTO_MAN,5,2
06/21/2026,4,58,1,06/28/2026,AUTO_MAN,5,2
06/21/2026,5,57,1,06/28/2026,AUTO_MAN,5,2
06/21/2026,6,59,1,06/28/2026,AUTO_MAN,5,2
06/21/2026,7,63,1,06/28/2026,AUTO_MAN,5,2
06/21/2026,8,66,1,06/28/2026,AUTO_MAN,5,2
06/21/2026,9,69,1,06/28/2026,AUTO_MAN,5,2
06/21/2026,10,71,1,06/28/2026,AUTO_MAN,5,2
06/21/2026,11,72,1,06/28/2026,AUTO_MAN,5,2
06/21/2026,12,74,1,06/28/2026,AUTO_MAN,5,2
06/21/2026,13,72,1,06/28/2026,AUTO_MAN,5,2
06/21/2026,14,75,1,06/28/2026,AUTO_MAN,5,2
06/21/2026,15,76,1,06/28/2026,AUTO_MAN,5,2
06/21/2026,16,74,1,06/28/2026,AUTO_MAN,5,2
06/21/2026,17,73,1,06/28/2026,AUTO_MAN,5,2
06/21/2026,18,73,1,06/28/2026,AUTO_MAN,5,2
06/21/2026,19,72,1,06/28/2026,AUTO_MAN,5,2
06/21/2026,20,71,1,06/28/2026,AUTO_MAN,5,2
06/21/2026,21,69,1,06/28/2026,AUTO_MAN,5,2
06/21/2026,22,67,1,06/28/2026,AUTO_MAN,5,2
06/21/2026,23,68,1,06/28/2026,AUTO_MAN,5,2
06/21/2026,24,68,1,06/28/2026,AUTO_MAN,5,2
06/22/2026,1,66,0,06/29/2026,AUTO_MAN,5,2
06/22/2026,2,64,0,06/29/2026,AUTO_MAN,5,2
06/22/2026,3,64,0,06/29/2026,AUTO_MAN,5,2
06/22/2026,4,64,0,06/29/2026,AUTO_MAN,5,2
06/22/2026,5,65,0,06/29/2026,AUTO_MAN,5,2
06/22/2026,6,66,0,06/29/2026,AUTO_MAN,5,2
06/22/2026,7,63,0,06/29/2026,AUTO_MAN,5,2
06/22/2026,8,63,0,06/29/2026,AUTO_MAN,5,2
06/22/2026,9,64,0,06/29/2026,AUTO_MAN,5,2
06/22/2026,10,68,0,06/29/2026,AUTO_MAN,5,2
06/22/2026,11,72,0,06/29/2026,AUTO_MAN,5,2
06/22/2026,12,73,0,06/29/2026,AUTO_MAN,5,2
06/22/2026,13,71,0,06/29/2026,AUTO_MAN,5,2
06/22/2026,14,73,0,06/29/2026,AUTO_MAN,5,2
06/22/2026,15,72,0,06/29/2026,AUTO_MAN,5,2
06/22/2026,16,71,0,06/29/2026,AUTO_MAN,5,2
06/22/2026,17,70,0,06/29/2026,AUTO_MAN,5,2
06/22/2026,18,67,0,06/29/2026,AUTO_MAN,5,2
06/22/2026,19,67,0,06/29/2026,AUTO_MAN,5,2
06/22/2026,20,65,0,06/29/2026,AUTO_MAN,5,2
06/22/2026,21,64,0,06/29/2026,AUTO_MAN,5,2
06/22/2026,22,64,0,06/29/2026,AUTO_MAN,5,2
06/22/2026,23,62,0,06/29/2026,AUTO_MAN,5,2
06/22/2026,24,62,0,06/29/2026,AUTO_MAN,5,2
06/23/2026,1,61,0,06/30/2026,AUTO_MAN,5,2
06/23/2026,2,61,0,06/30/2026,AUTO_MAN,5,2
06/23/2026,3,60,0,06/30/2026,AUTO_MAN,5,2
06/23/2026,4,60,0,06/30/2026,AUTO_MAN,5,2
06/23/2026,5,59,0,06/30/2026,AUTO_MAN,5,2
06/23/2026,6,60,0,06/30/2026,AUTO_MAN,5,2
06/23/2026,7,60,0,06/30/2026,AUTO_MAN,5,2
06/23/2026,8,63,0,06/30/2026,AUTO_MAN,5,2
06/23/2026,9,66,0,06/30/2026,AUTO_MAN,5,2
06/23/2026,10,69,0,06/30/2026,AUTO_MAN,5,2
06/23/2026,11,71,0,06/30/2026,AUTO_MAN,5,2
06/23/2026,12,72,0,06/30/2026,AUTO_MAN,5,2
06/23/2026,13,73,0,06/30/2026,AUTO_MAN,5,2
06/23/2026,14,74,0,06/30/2026,AUTO_MAN,5,2
06/23/2026,15,73,0,06/30/2026,AUTO_MAN,5,2
06/23/2026,16,75,0,06/30/2026,AUTO_MAN,5,2
06/23/2026,17,74,0,06/30/2026,AUTO_MAN,5,2
06/23/2026,18,74,0,06/30/2026,AUTO_MAN,5,2
06/23/2026,19,71,0,06/30/2026,AUTO_MAN,5,2
06/23/2026,20,68,0,06/30/2026,AUTO_MAN,5,2
06/23/2026,21,66,0,06/30/2026,AUTO_MAN,5,2
06/23/2026,22,64,0,06/30/2026,AUTO_MAN,5,2
06/23/2026,23,62,0,06/30/2026,AUTO_MAN,5,2
06/23/2026,24,60,0,06/30/2026,AUTO_MAN,5,2
06/24/2026,1,60,0,07/01/2026,AUTO_MAN,5,2
06/24/2026,2,58,0,07/01/2026,AUTO_MAN,5,2
06/24/2026,3,57,0,07/01/2026,AUTO_MAN,5,2
06/24/2026,4,54,0,07/01/2026,AUTO_MAN,5,2
06/24/2026,5,52,0,07/01/2026,AUTO_MAN,5,2
06/24/2026,6,55,0,07/01/2026,AUTO_MAN,5,2
06/24/2026,7,59,0,07/01/2026,AUTO_MAN,5,2
06/24/2026,8,63,0,07/01/2026,AUTO_MAN,5,2
06/24/2026,9,66,0,07/01/2026,AUTO_MAN,5,2
06/24/2026,10,68,0,07/01/2026,AUTO_MAN,5,2
06/24/2026,11,72,0,07/01/2026,AUTO_MAN,5,2
06/24/2026,12,73,0,07/01/2026,AUTO_MAN,5,2
06/24/2026,13,74,0,07/01/2026,AUTO_MAN,5,2
06/24/2026,14,75,0,07/01/2026,AUTO_MAN,5,2
06/24/2026,15,76,0,07/01/2026,AUTO_MAN,5,2
06/24/2026,16,77,0,07/01/2026,AUTO_MAN,5,2
06/24/2026,17,75,0,07/01/2026,AUTO_MAN,5,2
06/24/2026,18,76,0,07/01/2026,AUTO_MAN,5,2
06/24/2026,19,74,0,07/01/2026,AUTO_MAN,5,2
06/24/2026,20,72,0,07/01/2026,AUTO_MAN,5,2
06/24/2026,21,69,0,07/01/2026,AUTO_MAN,5,2
06/24/2026,22,65,0,07/01/2026,AUTO_MAN,5,2
06/24/2026,23,65,0,07/01/2026,AUTO_MAN,5,2
06/24/2026,24,63,0,07/01/2026,AUTO_MAN,5,2
06/25/2026,1,62,0,07/02/2026,AUTO_MAN,5,2
06/25/2026,2,62,0,07/02/2026,AUTO_MAN,5,2
06/25/2026,3,63,0,07/02/2026,AUTO_MAN,5,2
06/25/2026,4,63,0,07/02/2026,AUTO_MAN,5,2
06/25/2026,5,63,0,07/02/2026,AUTO_MAN,5,2
06/25/2026,6,62,0,07/02/2026,AUTO_MAN,5,2
06/25/2026,7,64,0,07/02/2026,AUTO_MAN,5,2
06/25/2026,8,68,0,07/02/2026,AUTO_MAN,5,2
06/25/2026,9,72,0,07/02/2026,AUTO_MAN,5,2
06/25/2026,10,75,0,07/02/2026,AUTO_MAN,5,2
06/25/2026,11,76,0,07/02/2026,AUTO_MAN,5,2
06/25/2026,12,77,0,07/02/2026,AUTO_MAN,5,2
06/25/2026,13,77,0,07/02/2026,AUTO_MAN,5,2
06/25/2026,14,78,0,07/02/2026,AUTO_MAN,5,2
06/25/2026,15,78,0,07/02/2026,AUTO_MAN,5,2
06/25/2026,16,80,0,07/02/2026,AUTO_MAN,5,2
06/25/2026,17,78,0,07/02/2026,AUTO_MAN,5,2
06/25/2026,18,71,0,07/02/2026,AUTO_MAN,5,2
06/25/2026,19,73,0,07/02/2026,AUTO_MAN,5,2
06/25/2026,20,68,0,07/02/2026,AUTO_MAN,5,2
06/25/2026,21,66,0,07/02/2026,AUTO_MAN,5,2
06/25/2026,22,64,0,07/02/2026,AUTO_MAN,5,2
06/25/2026,23,64,0,07/02/2026,AUTO_MAN,5,2
06/25/2026,24,63,0,07/02/2026,AUTO_MAN,5,2
06/26/2026,1,64,0,07/03/2026,AUTO_MAN,5,2
06/26/2026,2,63,0,07/03/2026,AUTO_MAN,5,2
06/26/2026,3,63,0,07/03/2026,AUTO_MAN,5,2
06/26/2026,4,64,0,07/03/2026,AUTO_MAN,5,2
06/26/2026,5,63,0,07/03/2026,AUTO_MAN,5,2
06/26/2026,6,64,0,07/03/2026,AUTO_MAN,5,2
06/26/2026,7,65,0,07/03/2026,AUTO_MAN,5,2
06/26/2026,8,66,0,07/03/2026,AUTO_MAN,5,2
06/26/2026,9,69,0,07/03/2026,AUTO_MAN,5,2
06/26/2026,10,71,0,07/03/2026,AUTO_MAN,5,2
06/26/2026,11,74,0,07/03/2026,AUTO_MAN,5,2
06/26/2026,12,74,0,07/03/2026,AUTO_MAN,5,2
06/26/2026,13,76,0,07/03/2026,AUTO_MAN,5,2
06/26/2026,14,75,0,07/03/2026,AUTO_MAN,5,2
06/26/2026,15,75,0,07/03/2026,AUTO_MAN,5,2
06/26/2026,16,76,0,07/03/2026,AUTO_MAN,5,2
06/26/2026,17,75,0,07/03/2026,AUTO_MAN,5,2
06/26/2026,18,74,0,07/03/2026,AUTO_MAN,5,2
06/26/2026,19,72,0,07/03/2026,AUTO_MAN,5,2
06/26/2026,20,72,0,07/03/2026,AUTO_MAN,5,2
06/26/2026,21,72,0,07/03/2026,AUTO_MAN,5,2
06/26/2026,22,70,0,07/03/2026,AUTO_MAN,5,2
06/26/2026,23,70,0,07/03/2026,AUTO_MAN,5,2
06/26/2026,24,70,0,07/03/2026,AUTO_MAN,5,2
06/27/2026,1,67,1,07/04/2026,AUTO_MAN,5,2
06/27/2026,2,67,1,07/04/2026,AUTO_MAN,5,2
06/27/2026,3,65,1,07/04/2026,AUTO_MAN,5,2
06/27/2026,4,64,1,07/04/2026,AUTO_MAN,5,2
06/27/2026,5,64,1,07/04/2026,AUTO_MAN,5,2
06/27/2026,6,63,1,07/04/2026,AUTO_MAN,5,2
06/27/2026,7,64,1,07/04/2026,AUTO_MAN,5,2
06/27/2026,8,65,1,07/04/2026,AUTO_MAN,5,2
06/27/2026,9,65,1,07/04/2026,AUTO_MAN,5,2
06/27/2026,10,67,1,07/04/2026,AUTO_MAN,5,2
06/27/2026,11,70,1,07/04/2026,AUTO_MAN,5,2
06/27/2026,12,71,1,07/04/2026,AUTO_MAN,5,2
06/27/2026,13,73,1,07/04/2026,AUTO_MAN,5,2
06/27/2026,14,72,1,07/04/2026,AUTO_MAN,5,2
06/27/2026,15,73,1,07/04/2026,AUTO_MAN,5,2
06/27/2026,16,71,1,07/04/2026,AUTO_MAN,5,2
06/27/2026,17,71,1,07/04/2026,AUTO_MAN,5,2
06/27/2026,18,70,1,07/04/2026,AUTO_MAN,5,2
06/27/2026,19,69,1,07/04/2026,AUTO_MAN,5,2
06/27/2026,20,69,1,07/04/2026,AUTO_MAN,5,2
06/27/2026,21,69,1,07/04/2026,AUTO_MAN,5,2
06/27/2026,22,69,1,07/04/2026,AUTO_MAN,5,2
06/27/2026,23,69,1,07/04/2026,AUTO_MAN,5,2
06/27/2026,24,68,1,07/04/2026,AUTO_MAN,5,2
06/28/2026,1,69,1,07/05/2026,AUTO_MAN,5,2
06/28/2026,2,69,1,07/05/2026,AUTO_MAN,5,2
06/28/2026,3,69,1,07/05/2026,AUTO_MAN,5,2
06/28/2026,4,68,1,07/05/2026,AUTO_MAN,5,2
06/28/2026,5,67,1,07/05/2026,AUTO_MAN,5,2
06/28/2026,6,67,1,07/05/2026,AUTO_MAN,5,2
06/28/2026,7,67,1,07/05/2026,AUTO_MAN,5,2
06/28/2026,8,68,1,07/05/2026,AUTO_MAN,5,2
06/28/2026,9,68,1,07/05/2026,AUTO_MAN,5,2
06/28/2026,10,69,1,07/05/2026,AUTO_MAN,5,2
06/28/2026,11,72,1,07/05/2026,AUTO_MAN,5,2
06/28/2026,12,76,1,07/05/2026,AUTO_MAN,5,2
06/28/2026,13,79,1,07/05/2026,AUTO_MAN,5,2
06/28/2026,14,80,1,07/05/2026,AUTO_MAN,5,2
06/28/2026,15,80,1,07/05/2026,AUTO_MAN,5,2
06/28/2026,16,76,1,07/05/2026,AUTO_MAN,5,2
06/28/2026,17,78,1,07/05/2026,AUTO_MAN,5,2
06/28/2026,18,77,1,07/05/2026,AUTO_MAN,5,2
06/28/2026,19,77,1,07/05/2026,AUTO_MAN,5,2
06/28/2026,20,74,1,07/05/2026,AUTO_MAN,5,2
06/28/2026,21,72,1,07/05/2026,AUTO_MAN,5,2
06/28/2026,22,71,1,07/05/2026,AUTO_MAN,5,2
06/28/2026,23,70,1,07/05/2026,AUTO_MAN,5,2
06/28/2026,24,69,1,07/05/2026,AUTO_MAN,5,2
06/29/2026,1,69,0,07/06/2026,AUTO_MAN,5,2
06/29/2026,2,69,0,07/06/2026,AUTO_MAN,5,2
06/29/2026,3,68,0,07/06/2026,AUTO_MAN,5,2
06/29/2026,4,66,0,07/06/2026,AUTO_MAN,5,2
06/29/2026,5,66,0,07/06/2026,AUTO_MAN,5,2
06/29/2026,6,67,0,07/06/2026,AUTO_MAN,5,2
06/29/2026,7,69,0,07/06/2026,AUTO_MAN,5,2
06/29/2026,8,71,0,07/06/2026,AUTO_MAN,5,2
06/29/2026,9,75,0,07/06/2026,AUTO_MAN,5,2
06/29/2026,10,79,0,07/06/2026,AUTO_MAN,5,2
06/29/2026,11,81,0,07/06/2026,AUTO_MAN,5,2
06/29/2026,12,82,0,07/06/2026,AUTO_MAN,5,2
06/29/2026,13,82,0,07/06/2026,AUTO_MAN,5,2
06/29/2026,14,84,0,07/06/2026,AUTO_MAN,5,2
06/29/2026,15,86,0,07/06/2026,AUTO_MAN,5,2
06/29/2026,16,85,0,07/06/2026,AUTO_MAN,5,2
06/29/2026,17,87,0,07/06/2026,AUTO_MAN,5,2
06/29/2026,18,86,0,07/06/2026,AUTO_MAN,5,2
06/29/2026,19,85,0,07/06/2026,AUTO_MAN,5,2
06/29/2026,20,83,0,07/06/2026,AUTO_MAN,5,2
06/29/2026,21,79,0,07/06/2026,AUTO_MAN,5,2
06/29/2026,22,78,0,07/06/2026,AUTO_MAN,5,2
06/29/2026,23,76,0,07/06/2026,AUTO_MAN,5,2
06/29/2026,24,75,0,07/06/2026,AUTO_MAN,5,2
06/30/2026,1,74,0,07/07/2026,AUTO_MAN,5,2
06/30/2026,2,73,0,07/07/2026,AUTO_MAN,5,2
06/30/2026,3,72,0,07/07/2026,AUTO_MAN,5,2
06/30/2026,4,72,0,07/07/2026,AUTO_MAN,5,2
06/30/2026,5,72,0,07/07/2026,AUTO_MAN,5,2
06/30/2026,6,72,0,07/07/2026,AUTO_MAN,5,2
06/30/2026,7,74,0,07/07/2026,AUTO_MAN,5,2
06/30/2026,8,79,0,07/07/2026,AUTO_MAN,5,2
06/30/2026,9,82,0,07/07/2026,AUTO_MAN,5,2
06/30/2026,10,83,0,07/07/2026,AUTO_MAN,5,2
06/30/2026,11,85,0,07/07/2026,AUTO_MAN,5,2
06/30/2026,12,88,0,07/07/2026,AUTO_MAN,5,2
06/30/2026,13,89,0,07/07/2026,AUTO_MAN,5,2
06/30/2026,14,90,0,07/07/2026,AUTO_MAN,5,2
06/30/2026,15,92,0,07/07/2026,AUTO_MAN,5,2
06/30/2026,16,91,0,07/07/2026,AUTO_MAN,5,2
06/30/2026,17,90,0,07/07/2026,AUTO_MAN,5,2
06/30/2026,18,89,0,07/07/2026,AUTO_MAN,5,2
06/30/2026,19,87,0,07/07/2026,AUTO_MAN,5,2
06/30/2026,20,86,0,07/07/2026,AUTO_MAN,5,2
06/30/2026,21,84,0,07/07/2026,AUTO_MAN,5,2
06/30/2026,22,82,0,07/07/2026,AUTO_MAN,5,2
06/30/2026,23,82,0,07/07/2026,AUTO_MAN,5,2
06/30/2026,24,81,0,07/07/2026,AUTO_MAN,5,2
07/01/2026,1,80,0,07/07/2026,AUTO_MAN,5,2
07/01/2026,2,79,0,07/07/2026,AUTO_MAN,5,2
07/01/2026,3,77,0,07/07/2026,AUTO_MAN,5,2
07/01/2026,4,77,0,07/07/2026,AUTO_MAN,5,2
07/01/2026,5,76,0,07/07/2026,AUTO_MAN,5,2
07/01/2026,6,76,0,07/07/2026,AUTO_MAN,5,2
07/01/2026,7,78,0,07/07/2026,AUTO_MAN,5,2
07/01/2026,8,81,0,07/07/2026,AUTO_MAN,5,2
07/01/2026,9,83,0,07/07/2026,AUTO_MAN,5,2
07/01/2026,10,85,0,07/07/2026,AUTO_MAN,5,2
07/01/2026,11,87,0,07/07/2026,AUTO_MAN,5,2
07/01/2026,12,88,0,07/07/2026,AUTO_MAN,5,2
07/01/2026,13,90,0,07/07/2026,AUTO_MAN,5,2
07/01/2026,14,92,0,07/07/2026,AUTO_MAN,5,2
07/01/2026,15,93,0,07/07/2026,AUTO_MAN,5,2
07/01/2026,16,93,0,07/07/2026,AUTO_MAN,5,2
07/01/2026,17,93,0,07/07/2026,AUTO_MAN,5,2
07/01/2026,18,92,0,07/07/2026,AUTO_MAN,5,2
07/01/2026,19,90,0,07/07/2026,AUTO_MAN,5,2
07/01/2026,20,87,0,07/07/2026,AUTO_MAN,5,2
07/01/2026,21,85,0,07/07/2026,AUTO_MAN,5,2
07/01/2026,22,84,0,07/07/2026,AUTO_MAN,5,2
07/01/2026,23,82,0,07/07/2026,AUTO_MAN,5,2
07/01/2026,24,81,0,07/07/2026,AUTO_MAN,5,2
07/02/2026,1,80,0,07/07/2026,AUTO_MAN,5,2
07/02/2026,2,78,0,07/07/2026,AUTO_MAN,5,2
07/02/2026,3,77,0,07/07/2026,AUTO_MAN,5,2
07/02/2026,4,75,0,07/07/2026,AUTO_MAN,5,2
07/02/2026,5,75,0,07/07/2026,AUTO_MAN,5,2
07/02/2026,6,76,0,07/07/2026,AUTO_MAN,5,2
07/02/2026,7,79,0,07/07/2026,AUTO_MAN,5,2
07/02/2026,8,81,0,07/07/2026,AUTO_MAN,5,2
07/02/2026,9,84,0,07/07/2026,AUTO_MAN,5,2
07/02/2026,10,86,0,07/07/2026,AUTO_MAN,5,2
07/02/2026,11,89,0,07/07/2026,AUTO_MAN,5,2
07/02/2026,12,89,0,07/07/2026,AUTO_MAN,5,2
07/02/2026,13,91,0,07/07/2026,AUTO_MAN,5,2
07/02/2026,14,92,0,07/07/2026,AUTO_MAN,5,2
07/02/2026,15,92,0,07/07/2026,AUTO_MAN,5,2
07/02/2026,16,92,0,07/07/2026,AUTO_MAN,5,2
07/02/2026,17,91,0,07/07/2026,AUTO_MAN,5,2
07/02/2026,18,91,0,07/07/2026,AUTO_MAN,5,2
07/02/2026,19,89,0,07/07/2026,AUTO_MAN,5,2
07/02/2026,20,86,0,07/07/2026,AUTO_MAN,5,2
07/02/2026,21,85,0,07/07/2026,AUTO_MAN,5,2
07/02/2026,22,84,0,07/07/2026,AUTO_MAN,5,2
07/02/2026,23,83,0,07/07/2026,AUTO_MAN,5,2
07/02/2026,24,81,0,07/07/2026,AUTO_MAN,5,2
07/03/2026,1,80,1,07/07/2026,AUTO_MAN,5,2
07/03/2026,2,78,1,07/07/2026,AUTO_MAN,5,2
07/03/2026,3,78,1,07/07/2026,AUTO_MAN,5,2
07/03/2026,4,77,1,07/07/2026,AUTO_MAN,5,2
07/03/2026,5,77,1,07/07/2026,AUTO_MAN,5,2
07/03/2026,6,78,1,07/07/2026,AUTO_MAN,5,2
07/03/2026,7,80,1,07/07/2026,AUTO_MAN,5,2
07/03/2026,8,83,1,07/07/2026,AUTO_MAN,5,2
07/03/2026,9,86,1,07/07/2026,AUTO_MAN,5,2
07/03/2026,10,88,1,07/07/2026,AUTO_MAN,5,2
07/03/2026,11,90,1,07/07/2026,AUTO_MAN,5,2
07/03/2026,12,91,1,07/07/2026,AUTO_MAN,5,2
07/03/2026,13,92,1,07/07/2026,AUTO_MAN,5,2
07/03/2026,14,93,1,07/07/2026,AUTO_MAN,5,2
07/03/2026,15,94,1,07/07/2026,AUTO_MAN,5,2
07/03/2026,16,93,1,07/07/2026,AUTO_MAN,5,2
07/03/2026,17,93,1,07/07/2026,AUTO_MAN,5,2
07/03/2026,18,92,1,07/07/2026,AUTO_MAN,5,2
07/03/2026,19,90,1,07/07/2026,AUTO_MAN,5,2
07/03/2026,20,88,1,07/07/2026,AUTO_MAN,5,2
07/03/2026,21,86,1,07/07/2026,AUTO_MAN,5,2
07/03/2026,22,84,1,07/07/2026,AUTO_MAN,5,2
07/03/2026,23,75,1,07/07/2026,AUTO_MAN,5,2
07/03/2026,24,73,1,07/07/2026,AUTO_MAN,5,2
07/04/2026,1,73,1,07/07/2026,AUTO_MAN,5,2
07/04/2026,2,72,1,07/07/2026,AUTO_MAN,5,2
07/04/2026,3,72,1,07/07/2026,AUTO_MAN,5,2
07/04/2026,4,71,1,07/07/2026,AUTO_MAN,5,2
07/04/2026,5,70,1,07/07/2026,AUTO_MAN,5,2
07/04/2026,6,71,1,07/07/2026,AUTO_MAN,5,2
07/04/2026,7,75,1,07/07/2026,AUTO_MAN,5,2
07/04/2026,8,79,1,07/07/2026,AUTO_MAN,5,2
07/04/2026,9,82,1,07/07/2026,AUTO_MAN,5,2
07/04/2026,10,84,1,07/07/2026,AUTO_MAN,5,2
07/04/2026,11,86,1,07/07/2026,AUTO_MAN,5,2
07/04/2026,12,88,1,07/07/2026,AUTO_MAN,5,2
07/04/2026,13,91,1,07/07/2026,AUTO_MAN,5,2
07/04/2026,14,89,1,07/07/2026,AUTO_MAN,5,2
07/04/2026,15,90,1,07/07/2026,AUTO_MAN,5,2
07/04/2026,16,74,1,07/07/2026,AUTO_MAN,5,2
07/04/2026,17,75,1,07/07/2026,AUTO_MAN,5,2
07/04/2026,18,73,1,07/07/2026,AUTO_MAN,5,2
07/04/2026,19,72,1,07/07/2026,AUTO_MAN,5,2
07/04/2026,20,72,1,07/07/2026,AUTO_MAN,5,2
07/04/2026,21,72,1,07/07/2026,AUTO_MAN,5,2
07/04/2026,22,71,1,07/07/2026,AUTO_MAN,5,2
07/04/2026,23,71,1,07/07/2026,AUTO_MAN,5,2
07/04/2026,24,70,1,07/07/2026,AUTO_MAN,5,2
07/05/2026,1,70,1,07/07/2026,AUTO_MAN,5,2
07/05/2026,2,69,1,07/07/2026,AUTO_MAN,5,2
07/05/2026,3,69,1,07/07/2026,AUTO_MAN,5,2
07/05/2026,4,69,1,07/07/2026,AUTO_MAN,5,2
07/05/2026,5,68,1,07/07/2026,AUTO_MAN,5,2
07/05/2026,6,69,1,07/07/2026,AUTO_MAN,5,2
07/05/2026,7,71,1,07/07/2026,AUTO_MAN,5,2
07/05/2026,8,74,1,07/07/2026,AUTO_MAN,5,2
07/05/2026,9,77,1,07/07/2026,AUTO_MAN,5,2
07/05/2026,10,80,1,07/07/2026,AUTO_MAN,5,2
07/05/2026,11,81,1,07/07/2026,AUTO_MAN,5,2
07/05/2026,12,83,1,07/07/2026,AUTO_MAN,5,2
07/05/2026,13,85,1,07/07/2026,AUTO_MAN,5,2
07/05/2026,14,87,1,07/07/2026,AUTO_MAN,5,2
07/05/2026,15,85,1,07/07/2026,AUTO_MAN,5,2
07/05/2026,16,72,1,07/07/2026,AUTO_MAN,5,2
07/05/2026,17,70,1,07/07/2026,AUTO_MAN,5,2
07/05/2026,18,71,1,07/07/2026,AUTO_MAN,5,2
07/05/2026,19,71,1,07/07/2026,AUTO_MAN,5,2
07/05/2026,20,71,1,07/07/2026,AUTO_MAN,5,2
07/05/2026,21,70,1,07/07/2026,AUTO_MAN,5,2
07/05/2026,22,69,1,07/07/2026,AUTO_MAN,5,2
07/05/2026,23,69,1,07/07/2026,AUTO_MAN,5,2
07/05/2026,24,69,1,07/07/2026,AUTO_MAN,5,2
07/06/2026,1,69,0,07/07/2026,AUTO_MAN,5,2
07/06/2026,2,69,0,07/07/2026,AUTO_MAN,5,2
07/06/2026,3,69,0,07/07/2026,AUTO_MAN,5,2
07/06/2026,4,69,0,07/07/2026,AUTO_MAN,5,2
07/06/2026,5,69,0,07/07/2026,AUTO_MAN,5,2
07/06/2026,6,69,0,07/07/2026,AUTO_MAN,5,2
07/06/2026,7,70,0,07/07/2026,AUTO_MAN,5,2
07/06/2026,8,71,0,07/07/2026,AUTO_MAN,5,2
07/06/2026,9,73,0,07/07/2026,AUTO_MAN,5,2
07/06/2026,10,75,0,07/07/2026,AUTO_MAN,5,2
07/06/2026,11,78,0,07/07/2026,AUTO_MAN,5,2
07/06/2026,12,80,0,07/07/2026,AUTO_MAN,5,2
07/06/2026,13,81,0,07/07/2026,AUTO_MAN,5,2
07/06/2026,14,83,0,07/07/2026,AUTO_MAN,5,2
07/06/2026,15,84,0,07/07/2026,AUTO_MAN,5,2
07/06/2026,16,82,0,07/07/2026,AUTO_MAN,5,2
07/06/2026,17,83,0,07/07/2026,AUTO_MAN,5,2
07/06/2026,18,82,0,07/07/2026,AUTO_MAN,5,2
07/06/2026,19,81,0,07/07/2026,AUTO_MAN,5,2
07/06/2026,20,78,0,07/07/2026,AUTO_MAN,5,2
07/06/2026,21,75,0,07/07/2026,AUTO_MAN,5,2
07/06/2026,22,75,0,07/07/2026,AUTO_MAN,5,2
07/06/2026,23,74,0,07/07/2026,AUTO_MAN,5,2
07/06/2026,24,73,0,07/07/2026,AUTO_MAN,5,2
07/07/2026,1,22.8,0,07/07/2026,AUTO_MAN,5,4
07/07/2026,2,22.2,0,07/07/2026,AUTO_MAN,5,4
07/07/2026,3,22.2,0,07/07/2026,AUTO_MAN,5,4
07/07/2026,4,21.1,0,07/07/2026,AUTO_MAN,5,4
07/07/2026,5,21.7,0,07/07/2026,AUTO_MAN,5,4
07/07/2026,6,21.7,0,07/07/2026,AUTO_MAN,5,4
07/07/2026,7,21.7,0,07/07/2026,AUTO_MAN,5,4
07/07/2026,8,21.1,0,07/07/2026,AUTO_MAN,5,4
07/07/2026,9,22.2,0,07/07/2026,AUTO_MAN,5,4
07/07/2026,10,23.9,0,07/07/2026,AUTO_MAN,5,4
07/07/2026,11,25,0,07/07/2026,AUTO_MAN,5,4
07/07/2026,12,26.1,0,07/07/2026,AUTO_MAN,5,4
07/07/2026,13,26.7,0,07/07/2026,AUTO_MAN,5,4
07/07/2026,14,27.2,0,07/07/2026,AUTO_MAN,5,4
07/07/2026,15,27.8,0,07/07/2026,AUTO_MAN,5,4
07/07/2026,16,27.2,0,07/07/2026,AUTO_MAN,5,4
07/07/2026,17,26.7,0,07/07/2026,AUTO_MAN,5,4
07/07/2026,18,26.7,0,07/07/2026,AUTO_MAN,5,4
07/07/2026,19,26.7,0,07/07/2026,AUTO_MAN,5,4
07/07/2026,20,26.1,0,07/07/2026,AUTO_MAN,5,4
07/07/2026,21,25,0,07/07/2026,AUTO_MAN,5,4
07/07/2026,22,23.9,0,07/07/2026,AUTO_MAN,5,4
07/07/2026,23,23.3,0,07/07/2026,AUTO_MAN,5,4
07/07/2026,24,22.8,0,07/07/2026,AUTO_MAN,5,4
07/08/2026,1,21.7,0,07/07/2026,AUTO_MAN,5,4
07/08/2026,2,21.1,0,07/07/2026,AUTO_MAN,5,4
07/08/2026,3,20.6,0,07/07/2026,AUTO_MAN,5,4
07/08/2026,4,20.6,0,07/07/2026,AUTO_MAN,5,4
07/08/2026,5,20,0,07/07/2026,AUTO_MAN,5,4
07/08/2026,6,20,0,07/07/2026,AUTO_MAN,5,4
07/08/2026,7,20.6,0,07/07/2026,AUTO_MAN,5,4
07/08/2026,8,21.1,0,07/07/2026,AUTO_MAN,5,4
07/08/2026,9,22.2,0,07/07/2026,AUTO_MAN,5,4
07/08/2026,10,23.9,0,07/07/2026,AUTO_MAN,5,4
07/08/2026,11,26.1,0,07/07/2026,AUTO_MAN,5,4
07/08/2026,12,27.8,0,07/07/2026,AUTO_MAN,5,4
07/08/2026,13,28.3,0,07/07/2026,AUTO_MAN,5,4
07/08/2026,14,28.9,0,07/07/2026,AUTO_MAN,5,4
07/08/2026,15,29.4,0,07/07/2026,AUTO_MAN,5,4
07/08/2026,16,29.4,0,07/07/2026,AUTO_MAN,5,4
07/08/2026,17,28.9,0,07/07/2026,AUTO_MAN,5,4
07/08/2026,18,28.9,0,07/07/2026,AUTO_MAN,5,4
07/08/2026,19,28.3,0,07/07/2026,AUTO_MAN,5,4
07/08/2026,20,27.8,0,07/07/2026,AUTO_MAN,5,4
07/08/2026,21,26.7,0,07/07/2026,AUTO_MAN,5,4
07/08/2026,22,26.1,0,07/07/2026,AUTO_MAN,5,4
07/08/2026,23,23.9,0,07/07/2026,AUTO_MAN,5,4
07/08/2026,24,23.3,0,07/07/2026,AUTO_MAN,5,4
07/09/2026,1,22.8,0,07/07/2026,AUTO_MAN,5,4
07/09/2026,2,22.2,0,07/07/2026,AUTO_MAN,5,4
07/09/2026,3,22.2,0,07/07/2026,AUTO_MAN,5,4
07/09/2026,4,21.7,0,07/07/2026,AUTO_MAN,5,4
07/09/2026,5,21.7,0,07/07/2026,AUTO_MAN,5,4
07/09/2026,6,21.1,0,07/07/2026,AUTO_MAN,5,4
07/09/2026,7,21.7,0,07/07/2026,AUTO_MAN,5,4
07/09/2026,8,22.2,0,07/07/2026,AUTO_MAN,5,4
07/09/2026,9,23.3,0,07/07/2026,AUTO_MAN,5,4
07/09/2026,10,24.4,0,07/07/2026,AUTO_MAN,5,4
07/09/2026,11,25.6,0,07/07/2026,AUTO_MAN,5,4
07/09/2026,12,26.7,0,07/07/2026,AUTO_MAN,5,4
07/09/2026,13,27.2,0,07/07/2026,AUTO_MAN,5,4
07/09/2026,14,28.3,0,07/07/2026,AUTO_MAN,5,4
07/09/2026,15,28.3,0,07/07/2026,AUTO_MAN,5,4
07/09/2026,16,28.3,0,07/07/2026,AUTO_MAN,5,4
07/09/2026,17,27.2,0,07/07/2026,AUTO_MAN,5,4
07/09/2026,18,27.2,0,07/07/2026,AUTO_MAN,5,4
07/09/2026,19,26.7,0,07/07/2026,AUTO_MAN,5,4
07/09/2026,20,26.1,0,07/07/2026,AUTO_MAN,5,4
07/09/2026,21,25,0,07/07/2026,AUTO_MAN,5,4
07/09/2026,22,23.9,0,07/07/2026,AUTO_MAN,5,4
07/09/2026,23,23.3,0,07/07/2026,AUTO_MAN,5,4
07/09/2026,24,22.8,0,07/07/2026,AUTO_MAN,5,4
07/10/2026,1,22.2,0,07/07/2026,AUTO_MAN,5,4
07/10/2026,2,22.2,0,07/07/2026,AUTO_MAN,5,4
07/10/2026,3,21.7,0,07/07/2026,AUTO_MAN,5,4
07/10/2026,4,21.7,0,07/07/2026,AUTO_MAN,5,4
07/10/2026,5,21.7,0,07/07/2026,AUTO_MAN,5,4
07/10/2026,6,21.7,0,07/07/2026,AUTO_MAN,5,4
07/10/2026,7,21.7,0,07/07/2026,AUTO_MAN,5,4
07/10/2026,8,22.2,0,07/07/2026,AUTO_MAN,5,4
07/10/2026,9,22.2,0,07/07/2026,AUTO_MAN,5,4
07/10/2026,10,22.8,0,07/07/2026,AUTO_MAN,5,4
07/10/2026,11,23.9,0,07/07/2026,AUTO_MAN,5,4
07/10/2026,12,25,0,07/07/2026,AUTO_MAN,5,4
07/10/2026,13,25.6,0,07/07/2026,AUTO_MAN,5,4
07/10/2026,14,25.6,0,07/07/2026,AUTO_MAN,5,4
07/10/2026,15,25.6,0,07/07/2026,AUTO_MAN,5,4
07/10/2026,16,25,0,07/07/2026,AUTO_MAN,5,4
07/10/2026,17,24.4,0,07/07/2026,AUTO_MAN,5,4
07/10/2026,18,24.4,0,07/07/2026,AUTO_MAN,5,4
07/10/2026,19,24.4,0,07/07/2026,AUTO_MAN,5,4
07/10/2026,20,23.9,0,07/07/2026,AUTO_MAN,5,4
07/10/2026,21,23.9,0,07/07/2026,AUTO_MAN,5,4
07/10/2026,22,23.3,0,07/07/2026,AUTO_MAN,5,4
07/10/2026,23,22.8,0,07/07/2026,AUTO_MAN,5,4
07/10/2026,24,22.2,0,07/07/2026,AUTO_MAN,5,4
07/11/2026,1,21.7,1,07/07/2026,AUTO_MAN,5,4
07/11/2026,2,21.1,1,07/07/2026,AUTO_MAN,5,4
07/11/2026,3,21.1,1,07/07/2026,AUTO_MAN,5,4
07/11/2026,4,20.6,1,07/07/2026,AUTO_MAN,5,4
07/11/2026,5,20.6,1,07/07/2026,AUTO_MAN,5,4
07/11/2026,6,20.6,1,07/07/2026,AUTO_MAN,5,4
07/11/2026,7,20.6,1,07/07/2026,AUTO_MAN,5,4
07/11/2026,8,20.6,1,07/07/2026,AUTO_MAN,5,4
07/11/2026,9,21.7,1,07/07/2026,AUTO_MAN,5,4
07/11/2026,10,22.8,1,07/07/2026,AUTO_MAN,5,4
07/11/2026,11,23.3,1,07/07/2026,AUTO_MAN,5,4
07/11/2026,12,24.4,1,07/07/2026,AUTO_MAN,5,4
07/11/2026,13,25.6,1,07/07/2026,AUTO_MAN,5,4
07/11/2026,14,26.1,1,07/07/2026,AUTO_MAN,5,4
07/11/2026,15,26.1,1,07/07/2026,AUTO_MAN,5,4
07/11/2026,16,26.1,1,07/07/2026,AUTO_MAN,5,4
07/11/2026,17,25.6,1,07/07/2026,AUTO_MAN,5,4
07/11/2026,18,25.6,1,07/07/2026,AUTO_MAN,5,4
07/11/2026,19,25,1,07/07/2026,AUTO_MAN,5,4
07/11/2026,20,25,1,07/07/2026,AUTO_MAN,5,4
07/11/2026,21,23.9,1,07/07/2026,AUTO_MAN,5,4
07/11/2026,22,23.3,1,07/07/2026,AUTO_MAN,5,4
07/11/2026,23,22.2,1,07/07/2026,AUTO_MAN,5,4
07/11/2026,24,21.7,1,07/07/2026,AUTO_MAN,5,4
07/12/2026,1,20.6,1,07/07/2026,AUTO_MAN,5,4
07/12/2026,2,20,1,07/07/2026,AUTO_MAN,5,4
07/12/2026,3,19.4,1,07/07/2026,AUTO_MAN,5,4
07/12/2026,4,18.9,1,07/07/2026,AUTO_MAN,5,4
07/12/2026,5,18.9,1,07/07/2026,AUTO_MAN,5,4
07/12/2026,6,18.9,1,07/07/2026,AUTO_MAN,5,4
07/12/2026,7,18.9,1,07/07/2026,AUTO_MAN,5,4
07/12/2026,8,19.4,1,07/07/2026,AUTO_MAN,5,4
07/12/2026,9,20.6,1,07/07/2026,AUTO_MAN,5,4
07/12/2026,10,21.7,1,07/07/2026,AUTO_MAN,5,4
07/12/2026,11,22.8,1,07/07/2026,AUTO_MAN,5,4
07/12/2026,12,23.9,1,07/07/2026,AUTO_MAN,5,4
07/12/2026,13,24.4,1,07/07/2026,AUTO_MAN,5,4
07/12/2026,14,25,1,07/07/2026,AUTO_MAN,5,4
07/12/2026,15,25.6,1,07/07/2026,AUTO_MAN,5,4
07/12/2026,16,25.6,1,07/07/2026,AUTO_MAN,5,4
07/12/2026,17,25.6,1,07/07/2026,AUTO_MAN,5,4
07/12/2026,18,25,1,07/07/2026,AUTO_MAN,5,4
07/12/2026,19,24.4,1,07/07/2026,AUTO_MAN,5,4
07/12/2026,20,23.9,1,07/07/2026,AUTO_MAN,5,4
07/12/2026,21,23.3,1,07/07/2026,AUTO_MAN,5,4
07/12/2026,22,22.8,1,07/07/2026,AUTO_MAN,5,4
07/12/2026,23,21.7,1,07/07/2026,AUTO_MAN,5,4
07/12/2026,24,21.1,1,07/07/2026,AUTO_MAN,5,4
07/13/2026,1,20,0,07/07/2026,AUTO_MAN,5,4
07/13/2026,2,19.4,0,07/07/2026,AUTO_MAN,5,4
07/13/2026,3,18.9,0,07/07/2026,AUTO_MAN,5,4
07/13/2026,4,18.3,0,07/07/2026,AUTO_MAN,5,4
07/13/2026,5,18.3,0,07/07/2026,AUTO_MAN,5,4
07/13/2026,6,18.3,0,07/07/2026,AUTO_MAN,5,4
07/13/2026,7,18.9,0,07/07/2026,AUTO_MAN,5,4
07/13/2026,8,20,0,07/07/2026,AUTO_MAN,5,4
07/13/2026,9,21.1,0,07/07/2026,AUTO_MAN,5,4
07/13/2026,10,22.8,0,07/07/2026,AUTO_MAN,5,4
07/13/2026,11,24.4,0,07/07/2026,AUTO_MAN,5,4
07/13/2026,12,25.6,0,07/07/2026,AUTO_MAN,5,4
07/13/2026,13,27.2,0,07/07/2026,AUTO_MAN,5,4
07/13/2026,14,28.3,0,07/07/2026,AUTO_MAN,5,4
07/13/2026,15,28.9,0,07/07/2026,AUTO_MAN,5,4
07/13/2026,16,28.9,0,07/07/2026,AUTO_MAN,5,4
07/13/2026,17,28.9,0,07/07/2026,AUTO_MAN,5,4
07/13/2026,18,27.8,0,07/07/2026,AUTO_MAN,5,4
07/13/2026,19,27.2,0,07/07/2026,AUTO_MAN,5,4
07/13/2026,20,26.7,0,07/07/2026,AUTO_MAN,5,4
07/13/2026,21,26.1,0,07/07/2026,AUTO_MAN,5,4
07/13/2026,22,25,0,07/07/2026,AUTO_MAN,5,4
07/13/2026,23,23.9,0,07/07/2026,AUTO_MAN,5,4
07/13/2026,24,22.8,0,07/07/2026,AUTO_MAN,5,4
07/14/2026,1,22.2,0,07/07/2026,AUTO_MAN,5,4
07/14/2026,2,21.1,0,07/07/2026,AUTO_MAN,5,4
07/14/2026,3,20.6,0,07/07/2026,AUTO_MAN,5,4
07/14/2026,4,20,0,07/07/2026,AUTO_MAN,5,4
07/14/2026,5,20,0,07/07/2026,AUTO_MAN,5,4
07/14/2026,6,19.4,0,07/07/2026,AUTO_MAN,5,4
07/14/2026,7,20,0,07/07/2026,AUTO_MAN,5,4
07/14/2026,8,21.1,0,07/07/2026,AUTO_MAN,5,4
07/14/2026,9,22.8,0,07/07/2026,AUTO_MAN,5,4
07/14/2026,10,24.4,0,07/07/2026,AUTO_MAN,5,4
07/14/2026,11,26.1,0,07/07/2026,AUTO_MAN,5,4
07/14/2026,12,27.8,0,07/07/2026,AUTO_MAN,5,4
07/14/2026,13,28.9,0,07/07/2026,AUTO_MAN,5,4
07/14/2026,14,30,0,07/07/2026,AUTO_MAN,5,4
07/14/2026,15,31.1,0,07/07/2026,AUTO_MAN,5,4
07/14/2026,16,31.1,0,07/07/2026,AUTO_MAN,5,4
07/14/2026,17,31.1,0,07/07/2026,AUTO_MAN,5,4
07/14/2026,18,30.6,0,07/07/2026,AUTO_MAN,5,4
07/14/2026,19,30,0,07/07/2026,AUTO_MAN,5,4
07/14/2026,20,28.9,0,07/07/2026,AUTO_MAN,5,4
07/14/2026,21,27.8,0,07/07/2026,AUTO_MAN,5,4
07/14/2026,22,26.7,0,07/07/2026,AUTO_MAN,5,4
07/14/2026,23,25.6,0,07/07/2026,AUTO_MAN,5,4
07/14/2026,24,24.4,0,07/07/2026,AUTO_MAN,5,4
07/15/2026,1,23.9,0,07/07/2026,AUTO_MAN,5,4
07/15/2026,2,22.8,0,07/07/2026,AUTO_MAN,5,4
07/15/2026,3,22.2,0,07/07/2026,AUTO_MAN,5,4
07/15/2026,4,21.7,0,07/07/2026,AUTO_MAN,5,4
07/15/2026,5,21.1,0,07/07/2026,AUTO_MAN,5,4
07/15/2026,6,20,0,07/07/2026,AUTO_MAN,5,4
07/15/2026,7,20.6,0,07/07/2026,AUTO_MAN,5,4
07/15/2026,8,21.1,0,07/07/2026,AUTO_MAN,5,4
07/15/2026,9,22.8,0,07/07/2026,AUTO_MAN,5,4
07/15/2026,10,24.4,0,07/07/2026,AUTO_MAN,5,4
07/15/2026,11,26.1,0,07/07/2026,AUTO_MAN,5,4
07/15/2026,12,27.8,0,07/07/2026,AUTO_MAN,5,4
07/15/2026,13,28.9,0,07/07/2026,AUTO_MAN,5,4
07/15/2026,14,29.4,0,07/07/2026,AUTO_MAN,5,4
07/15/2026,15,30,0,07/07/2026,AUTO_MAN,5,4
07/15/2026,16,30,0,07/07/2026,AUTO_MAN,5,4
07/15/2026,17,29.4,0,07/07/2026,AUTO_MAN,5,4
07/15/2026,18,28.9,0,07/07/2026,AUTO_MAN,5,4
07/15/2026,19,28.3,0,07/07/2026,AUTO_MAN,5,4
07/15/2026,20,27.2,0,07/07/2026,AUTO_MAN,5,4
07/15/2026,21,26.1,0,07/07/2026,AUTO_MAN,5,4
07/15/2026,22,25,0,07/07/2026,AUTO_MAN,5,4
07/15/2026,23,23.9,0,07/07/2026,AUTO_MAN,5,4
07/15/2026,24,22.8,0,07/07/2026,AUTO_MAN,5,4
07/16/2026,1,21.7,0,07/07/2026,AUTO_MAN,5,4
07/16/2026,2,21.1,0,07/07/2026,AUTO_MAN,5,4
07/16/2026,3,20.6,0,07/07/2026,AUTO_MAN,5,4
07/16/2026,4,20,0,07/07/2026,AUTO_MAN,5,4
07/16/2026,5,20,0,07/07/2026,AUTO_MAN,5,4
07/16/2026,6,20,0,07/07/2026,AUTO_MAN,5,4
07/16/2026,7,20.6,0,07/07/2026,AUTO_MAN,5,4
07/16/2026,8,21.1,0,07/07/2026,AUTO_MAN,5,4
07/16/2026,9,22.8,0,07/07/2026,AUTO_MAN,5,4
07/16/2026,10,23.9,0,07/07/2026,AUTO_MAN,5,4
07/16/2026,11,25.6,0,07/07/2026,AUTO_MAN,5,4
07/16/2026,12,26.7,0,07/07/2026,AUTO_MAN,5,4
07/16/2026,13,27.8,0,07/07/2026,AUTO_MAN,5,4
07/16/2026,14,28.3,0,07/07/2026,AUTO_MAN,5,4
07/16/2026,15,28.3,0,07/07/2026,AUTO_MAN,5,4
07/16/2026,16,28.3,0,07/07/2026,AUTO_MAN,5,4
07/16/2026,17,28.3,0,07/07/2026,AUTO_MAN,5,4
07/16/2026,18,27.8,0,07/07/2026,AUTO_MAN,5,4
07/16/2026,19,26.7,0,07/07/2026,AUTO_MAN,5,4
07/16/2026,20,25.6,0,07/07/2026,AUTO_MAN,5,4
07/16/2026,21,25,0,07/07/2026,AUTO_MAN,5,4
07/16/2026,22,23.9,0,07/07/2026,AUTO_MAN,5,4
07/16/2026,23,22.8,0,07/07/2026,AUTO_MAN,5,4
07/16/2026,24,21.7,0,07/07/2026,AUTO_MAN,5,4
07/17/2026,1,21.1,0,07/07/2026,AUTO_MAN,5,4
07/17/2026,2,20,0,07/07/2026,AUTO_MAN,5,4
07/17/2026,3,19.4,0,07/07/2026,AUTO_MAN,5,4
07/17/2026,4,19.4,0,07/07/2026,AUTO_MAN,5,4
07/17/2026,5,19.4,0,07/07/2026,AUTO_MAN,5,4
07/17/2026,6,19.4,0,07/07/2026,AUTO_MAN,5,4
07/17/2026,7,20,0,07/07/2026,AUTO_MAN,5,4
07/17/2026,8,21.1,0,07/07/2026,AUTO_MAN,5,4
07/17/2026,9,22.8,0,07/07/2026,AUTO_MAN,5,4
07/17/2026,10,24.4,0,07/07/2026,AUTO_MAN,5,4
07/17/2026,11,26.1,0,07/07/2026,AUTO_MAN,5,4
07/17/2026,12,27.8,0,07/07/2026,AUTO_MAN,5,4
07/17/2026,13,28.9,0,07/07/2026,AUTO_MAN,5,4
07/17/2026,14,29.4,0,07/07/2026,AUTO_MAN,5,4
07/17/2026,15,30,0,07/07/2026,AUTO_MAN,5,4
07/17/2026,16,29.4,0,07/07/2026,AUTO_MAN,5,4
07/17/2026,17,28.9,0,07/07/2026,AUTO_MAN,5,4
07/17/2026,18,28.3,0,07/07/2026,AUTO_MAN,5,4
07/17/2026,19,27.2,0,07/07/2026,AUTO_MAN,5,4
07/17/2026,20,26.1,0,07/07/2026,AUTO_MAN,5,4
07/17/2026,21,25,0,07/07/2026,AUTO_MAN,5,4
07/17/2026,22,23.9,0,07/07/2026,AUTO_MAN,5,4
07/17/2026,23,22.8,0,07/07/2026,AUTO_MAN,5,4
07/17/2026,24,21.7,0,07/07/2026,AUTO_MAN,5,4
07/18/2026,1,20.6,1,07/07/2026,AUTO_MAN,5,4
07/18/2026,2,19.4,1,07/07/2026,AUTO_MAN,5,4
07/18/2026,3,18.9,1,07/07/2026,AUTO_MAN,5,4
07/18/2026,4,18.3,1,07/07/2026,AUTO_MAN,5,4
07/18/2026,5,17.8,1,07/07/2026,AUTO_MAN,5,4
07/18/2026,6,17.2,1,07/07/2026,AUTO_MAN,5,4
07/18/2026,7,17.8,1,07/07/2026,AUTO_MAN,5,4
07/18/2026,8,18.3,1,07/07/2026,AUTO_MAN,5,4
07/18/2026,9,20,1,07/07/2026,AUTO_MAN,5,4
07/18/2026,10,21.1,1,07/07/2026,AUTO_MAN,5,4
07/18/2026,11,22.8,1,07/07/2026,AUTO_MAN,5,4
07/18/2026,12,24.4,1,07/07/2026,AUTO_MAN,5,4
07/18/2026,13,26.1,1,07/07/2026,AUTO_MAN,5,4
07/18/2026,14,27.2,1,07/07/2026,AUTO_MAN,5,4
07/18/2026,15,27.8,1,07/07/2026,AUTO_MAN,5,4
07/18/2026,16,27.2,1,07/07/2026,AUTO_MAN,5,4
07/18/2026,17,27.2,1,07/07/2026,AUTO_MAN,5,4
07/18/2026,18,26.7,1,07/07/2026,AUTO_MAN,5,4
07/18/2026,19,25.6,1,07/07/2026,AUTO_MAN,5,4
07/18/2026,20,24.4,1,07/07/2026,AUTO_MAN,5,4
07/18/2026,21,23.3,1,07/07/2026,AUTO_MAN,5,4
07/18/2026,22,22.2,1,07/07/2026,AUTO_MAN,5,4
07/18/2026,23,21.1,1,07/07/2026,AUTO_MAN,5,4
07/18/2026,24,20,1,07/07/2026,AUTO_MAN,5,4
07/19/2026,1,19.4,1,07/07/2026,AUTO_MAN,5,4
07/19/2026,2,18.3,1,07/07/2026,AUTO_MAN,5,4
07/19/2026,3,17.8,1,07/07/2026,AUTO_MAN,5,4
07/19/2026,4,17.2,1,07/07/2026,AUTO_MAN,5,4
07/19/2026,5,17.2,1,07/07/2026,AUTO_MAN,5,4
07/19/2026,6,17.2,1,07/07/2026,AUTO_MAN,5,4
07/19/2026,7,17.2,1,07/07/2026,AUTO_MAN,5,4
07/19/2026,8,18.3,1,07/07/2026,AUTO_MAN,5,4
07/19/2026,9,20,1,07/07/2026,AUTO_MAN,5,4
07/19/2026,10,21.7,1,07/07/2026,AUTO_MAN,5,4
07/19/2026,11,23.3,1,07/07/2026,AUTO_MAN,5,4
07/19/2026,12,24.4,1,07/07/2026,AUTO_MAN,5,4
07/19/2026,13,25.6,1,07/07/2026,AUTO_MAN,5,4
07/19/2026,14,26.7,1,07/07/2026,AUTO_MAN,5,4
07/19/2026,15,27.2,1,07/07/2026,AUTO_MAN,5,4
07/19/2026,16,27.8,1,07/07/2026,AUTO_MAN,5,4
07/19/2026,17,27.2,1,07/07/2026,AUTO_MAN,5,4
07/19/2026,18,26.7,1,07/07/2026,AUTO_MAN,5,4
07/19/2026,19,25.6,1,07/07/2026,AUTO_MAN,5,4
07/19/2026,20,24.4,1,07/07/2026,AUTO_MAN,5,4
07/19/2026,21,23.9,1,07/07/2026,AUTO_MAN,5,4
07/19/2026,22,22.8,1,07/07/2026,AUTO_MAN,5,4
07/19/2026,23,22.2,1,07/07/2026,AUTO_MAN,5,4
07/19/2026,24,21.1,1,07/07/2026,AUTO_MAN,5,4
07/20/2026,1,20,0,07/07/2026,AUTO_MAN,5,4
07/20/2026,2,19.4,0,07/07/2026,AUTO_MAN,5,4
07/20/2026,3,18.3,0,07/07/2026,AUTO_MAN,5,4
07/20/2026,4,17.8,0,07/07/2026,AUTO_MAN,5,4
07/20/2026,5,17.8,0,07/07/2026,AUTO_MAN,5,4
07/20/2026,6,17.2,0,07/07/2026,AUTO_MAN,5,4
07/20/2026,7,17.8,0,07/07/2026,AUTO_MAN,5,4
07/20/2026,8,18.9,0,07/07/2026,AUTO_MAN,5,4
07/20/2026,9,20.6,0,07/07/2026,AUTO_MAN,5,4
07/20/2026,10,22.2,0,07/07/2026,AUTO_MAN,5,4
07/20/2026,11,23.3,0,07/07/2026,AUTO_MAN,5,4
07/20/2026,12,25,0,07/07/2026,AUTO_MAN,5,4
07/20/2026,13,26.1,0,07/07/2026,AUTO_MAN,5,4
07/20/2026,14,27.2,0,07/07/2026,AUTO_MAN,5,4
07/20/2026,15,27.2,0,07/07/2026,AUTO_MAN,5,4
07/20/2026,16,27.8,0,07/07/2026,AUTO_MAN,5,4
07/20/2026,17,27.2,0,07/07/2026,AUTO_MAN,5,4
07/20/2026,18,26.7,0,07/07/2026,AUTO_MAN,5,4
07/20/2026,19,26.1,0,07/07/2026,AUTO_MAN,5,4
07/20/2026,20,25,0,07/07/2026,AUTO_MAN,5,4
07/20/2026,21,23.9,0,07/07/2026,AUTO_MAN,5,4
07/20/2026,22,22.8,0,07/07/2026,AUTO_MAN,5,4
07/20/2026,23,21.7,0,07/07/2026,AUTO_MAN,5,4
07/20/2026,24,20.6,0,07/07/2026,AUTO_MAN,5,4
07/21/2026,1,20,0,07/07/2026,AUTO_MAN,5,4
07/21/2026,2,19.4,0,07/07/2026,AUTO_MAN,5,4
07/21/2026,3,18.3,0,07/07/2026,AUTO_MAN,5,4
07/21/2026,4,17.8,0,07/07/2026,AUTO_MAN,5,4
07/21/2026,5,17.2,0,07/07/2026,AUTO_MAN,5,4
07/21/2026,6,16.7,0,07/07/2026,AUTO_MAN,5,4
07/21/2026,7,16.7,0,07/07/2026,AUTO_MAN,5,4
07/21/2026,8,17.8,0,07/07/2026,AUTO_MAN,5,4
07/21/2026,9,19.4,0,07/07/2026,AUTO_MAN,5,4
07/21/2026,10,21.1,0,07/07/2026,AUTO_MAN,5,4
07/21/2026,11,22.8,0,07/07/2026,AUTO_MAN,5,4
07/21/2026,12,23.9,0,07/07/2026,AUTO_MAN,5,4
07/21/2026,13,25.6,0,07/07/2026,AUTO_MAN,5,4
07/21/2026,14,26.1,0,07/07/2026,AUTO_MAN,5,4
07/21/2026,15,26.7,0,07/07/2026,AUTO_MAN,5,4
07/21/2026,16,27.2,0,07/07/2026,AUTO_MAN,5,4
07/21/2026,17,27.2,0,07/07/2026,AUTO_MAN,5,4
07/21/2026,18,26.7,0,07/07/2026,AUTO_MAN,5,4
07/21/2026,19,26.1,0,07/07/2026,AUTO_MAN,5,4
07/21/2026,20,25,0,07/07/2026,AUTO_MAN,5,4
07/21/2026,21,23.3,0,07/07/2026,AUTO_MAN,5,4
07/21/2026,22,22.2,0,07/07/2026,AUTO_MAN,5,4
07/21/2026,23,21.1,0,07/07/2026,AUTO_MAN,5,4
07/21/2026,24,21.1,0,07/07/2026,AUTO_MAN,5,4
06/08/2026,1,63,0,06/15/2026,AUTO_MAN,6,2
06/08/2026,2,61,0,06/15/2026,AUTO_MAN,6,2
06/08/2026,3,61,0,06/15/2026,AUTO_MAN,6,2
06/08/2026,4,60,0,06/15/2026,AUTO_MAN,6,2
06/08/2026,5,60,0,06/15/2026,AUTO_MAN,6,2
06/08/2026,6,63,0,06/15/2026,AUTO_MAN,6,2
06/08/2026,7,67,0,06/15/2026,AUTO_MAN,6,2
06/08/2026,8,72,0,06/15/2026,AUTO_MAN,6,2
06/08/2026,9,74,0,06/15/2026,AUTO_MAN,6,2
06/08/2026,10,77,0,06/15/2026,AUTO_MAN,6,2
06/08/2026,11,80,0,06/15/2026,AUTO_MAN,6,2
06/08/2026,12,83,0,06/15/2026,AUTO_MAN,6,2
06/08/2026,13,86,0,06/15/2026,AUTO_MAN,6,2
06/08/2026,14,83,0,06/15/2026,AUTO_MAN,6,2
06/08/2026,15,82,0,06/15/2026,AUTO_MAN,6,2
06/08/2026,16,80,0,06/15/2026,AUTO_MAN,6,2
06/08/2026,17,79,0,06/15/2026,AUTO_MAN,6,2
06/08/2026,18,79,0,06/15/2026,AUTO_MAN,6,2
06/08/2026,19,78,0,06/15/2026,AUTO_MAN,6,2
06/08/2026,20,77,0,06/15/2026,AUTO_MAN,6,2
06/08/2026,21,75,0,06/15/2026,AUTO_MAN,6,2
06/08/2026,22,74,0,06/15/2026,AUTO_MAN,6,2
06/08/2026,23,73,0,06/15/2026,AUTO_MAN,6,2
06/08/2026,24,73,0,06/15/2026,AUTO_MAN,6,2
06/09/2026,1,72,0,06/16/2026,AUTO_MAN,6,2
06/09/2026,2,71,0,06/16/2026,AUTO_MAN,6,2
06/09/2026,3,72,0,06/16/2026,AUTO_MAN,6,2
06/09/2026,4,73,0,06/16/2026,AUTO_MAN,6,2
06/09/2026,5,73,0,06/16/2026,AUTO_MAN,6,2
06/09/2026,6,72,0,06/16/2026,AUTO_MAN,6,2
06/09/2026,7,74,0,06/16/2026,AUTO_MAN,6,2
06/09/2026,8,77,0,06/16/2026,AUTO_MAN,6,2
06/09/2026,9,77,0,06/16/2026,AUTO_MAN,6,2
06/09/2026,10,77,0,06/16/2026,AUTO_MAN,6,2
06/09/2026,11,78,0,06/16/2026,AUTO_MAN,6,2
06/09/2026,12,80,0,06/16/2026,AUTO_MAN,6,2
06/09/2026,13,82,0,06/16/2026,AUTO_MAN,6,2
06/09/2026,14,77,0,06/16/2026,AUTO_MAN,6,2
06/09/2026,15,81,0,06/16/2026,AUTO_MAN,6,2
06/09/2026,16,85,0,06/16/2026,AUTO_MAN,6,2
06/09/2026,17,85,0,06/16/2026,AUTO_MAN,6,2
06/09/2026,18,84,0,06/16/2026,AUTO_MAN,6,2
06/09/2026,19,77,0,06/16/2026,AUTO_MAN,6,2
06/09/2026,20,76,0,06/16/2026,AUTO_MAN,6,2
06/09/2026,21,76,0,06/16/2026,AUTO_MAN,6,2
06/09/2026,22,75,0,06/16/2026,AUTO_MAN,6,2
06/09/2026,23,75,0,06/16/2026,AUTO_MAN,6,2
06/09/2026,24,75,0,06/16/2026,AUTO_MAN,6,2
06/10/2026,1,73,0,06/17/2026,AUTO_MAN,6,2
06/10/2026,2,73,0,06/17/2026,AUTO_MAN,6,2
06/10/2026,3,72,0,06/17/2026,AUTO_MAN,6,2
06/10/2026,4,72,0,06/17/2026,AUTO_MAN,6,2
06/10/2026,5,71,0,06/17/2026,AUTO_MAN,6,2
06/10/2026,6,72,0,06/17/2026,AUTO_MAN,6,2
06/10/2026,7,73,0,06/17/2026,AUTO_MAN,6,2
06/10/2026,8,75,0,06/17/2026,AUTO_MAN,6,2
06/10/2026,9,77,0,06/17/2026,AUTO_MAN,6,2
06/10/2026,10,80,0,06/17/2026,AUTO_MAN,6,2
06/10/2026,11,84,0,06/17/2026,AUTO_MAN,6,2
06/10/2026,12,85,0,06/17/2026,AUTO_MAN,6,2
06/10/2026,13,87,0,06/17/2026,AUTO_MAN,6,2
06/10/2026,14,91,0,06/17/2026,AUTO_MAN,6,2
06/10/2026,15,92,0,06/17/2026,AUTO_MAN,6,2
06/10/2026,16,91,0,06/17/2026,AUTO_MAN,6,2
06/10/2026,17,92,0,06/17/2026,AUTO_MAN,6,2
06/10/2026,18,90,0,06/17/2026,AUTO_MAN,6,2
06/10/2026,19,89,0,06/17/2026,AUTO_MAN,6,2
06/10/2026,20,86,0,06/17/2026,AUTO_MAN,6,2
06/10/2026,21,85,0,06/17/2026,AUTO_MAN,6,2
06/10/2026,22,80,0,06/17/2026,AUTO_MAN,6,2
06/10/2026,23,78,0,06/17/2026,AUTO_MAN,6,2
06/10/2026,24,76,0,06/17/2026,AUTO_MAN,6,2
06/11/2026,1,74,0,06/18/2026,AUTO_MAN,6,2
06/11/2026,2,75,0,06/18/2026,AUTO_MAN,6,2
06/11/2026,3,74,0,06/18/2026,AUTO_MAN,6,2
06/11/2026,4,76,0,06/18/2026,AUTO_MAN,6,2
06/11/2026,5,76,0,06/18/2026,AUTO_MAN,6,2
06/11/2026,6,77,0,06/18/2026,AUTO_MAN,6,2
06/11/2026,7,75,0,06/18/2026,AUTO_MAN,6,2
06/11/2026,8,75,0,06/18/2026,AUTO_MAN,6,2
06/11/2026,9,77,0,06/18/2026,AUTO_MAN,6,2
06/11/2026,10,79,0,06/18/2026,AUTO_MAN,6,2
06/11/2026,11,81,0,06/18/2026,AUTO_MAN,6,2
06/11/2026,12,84,0,06/18/2026,AUTO_MAN,6,2
06/11/2026,13,86,0,06/18/2026,AUTO_MAN,6,2
06/11/2026,14,88,0,06/18/2026,AUTO_MAN,6,2
06/11/2026,15,90,0,06/18/2026,AUTO_MAN,6,2
06/11/2026,16,90,0,06/18/2026,AUTO_MAN,6,2
06/11/2026,17,90,0,06/18/2026,AUTO_MAN,6,2
06/11/2026,18,88,0,06/18/2026,AUTO_MAN,6,2
06/11/2026,19,86,0,06/18/2026,AUTO_MAN,6,2
06/11/2026,20,83,0,06/18/2026,AUTO_MAN,6,2
06/11/2026,21,83,0,06/18/2026,AUTO_MAN,6,2
06/11/2026,22,82,0,06/18/2026,AUTO_MAN,6,2
06/11/2026,23,82,0,06/18/2026,AUTO_MAN,6,2
06/11/2026,24,71,0,06/18/2026,AUTO_MAN,6,2
06/12/2026,1,69,0,06/19/2026,AUTO_MAN,6,2
06/12/2026,2,69,0,06/19/2026,AUTO_MAN,6,2
06/12/2026,3,69,0,06/19/2026,AUTO_MAN,6,2
06/12/2026,4,69,0,06/19/2026,AUTO_MAN,6,2
06/12/2026,5,70,0,06/19/2026,AUTO_MAN,6,2
06/12/2026,6,69,0,06/19/2026,AUTO_MAN,6,2
06/12/2026,7,69,0,06/19/2026,AUTO_MAN,6,2
06/12/2026,8,68,0,06/19/2026,AUTO_MAN,6,2
06/12/2026,9,70,0,06/19/2026,AUTO_MAN,6,2
06/12/2026,10,72,0,06/19/2026,AUTO_MAN,6,2
06/12/2026,11,74,0,06/19/2026,AUTO_MAN,6,2
06/12/2026,12,77,0,06/19/2026,AUTO_MAN,6,2
06/12/2026,13,77,0,06/19/2026,AUTO_MAN,6,2
06/12/2026,14,79,0,06/19/2026,AUTO_MAN,6,2
06/12/2026,15,80,0,06/19/2026,AUTO_MAN,6,2
06/12/2026,16,81,0,06/19/2026,AUTO_MAN,6,2
06/12/2026,17,81,0,06/19/2026,AUTO_MAN,6,2
06/12/2026,18,80,0,06/19/2026,AUTO_MAN,6,2
06/12/2026,19,79,0,06/19/2026,AUTO_MAN,6,2
06/12/2026,20,76,0,06/19/2026,AUTO_MAN,6,2
06/12/2026,21,66,0,06/19/2026,AUTO_MAN,6,2
06/12/2026,22,65,0,06/19/2026,AUTO_MAN,6,2
06/12/2026,23,64,0,06/19/2026,AUTO_MAN,6,2
06/12/2026,24,62,0,06/19/2026,AUTO_MAN,6,2
06/13/2026,1,65,1,06/20/2026,AUTO_MAN,6,2
06/13/2026,2,62,1,06/20/2026,AUTO_MAN,6,2
06/13/2026,3,64,1,06/20/2026,AUTO_MAN,6,2
06/13/2026,4,64,1,06/20/2026,AUTO_MAN,6,2
06/13/2026,5,64,1,06/20/2026,AUTO_MAN,6,2
06/13/2026,6,65,1,06/20/2026,AUTO_MAN,6,2
06/13/2026,7,68,1,06/20/2026,AUTO_MAN,6,2
06/13/2026,8,72,1,06/20/2026,AUTO_MAN,6,2
06/13/2026,9,76,1,06/20/2026,AUTO_MAN,6,2
06/13/2026,10,79,1,06/20/2026,AUTO_MAN,6,2
06/13/2026,11,81,1,06/20/2026,AUTO_MAN,6,2
06/13/2026,12,82,1,06/20/2026,AUTO_MAN,6,2
06/13/2026,13,84,1,06/20/2026,AUTO_MAN,6,2
06/13/2026,14,85,1,06/20/2026,AUTO_MAN,6,2
06/13/2026,15,85,1,06/20/2026,AUTO_MAN,6,2
06/13/2026,16,84,1,06/20/2026,AUTO_MAN,6,2
06/13/2026,17,85,1,06/20/2026,AUTO_MAN,6,2
06/13/2026,18,84,1,06/20/2026,AUTO_MAN,6,2
06/13/2026,19,81,1,06/20/2026,AUTO_MAN,6,2
06/13/2026,20,79,1,06/20/2026,AUTO_MAN,6,2
06/13/2026,21,76,1,06/20/2026,AUTO_MAN,6,2
06/13/2026,22,74,1,06/20/2026,AUTO_MAN,6,2
06/13/2026,23,74,1,06/20/2026,AUTO_MAN,6,2
06/13/2026,24,74,1,06/20/2026,AUTO_MAN,6,2
06/14/2026,1,73,1,06/21/2026,AUTO_MAN,6,2
06/14/2026,2,73,1,06/21/2026,AUTO_MAN,6,2
06/14/2026,3,72,1,06/21/2026,AUTO_MAN,6,2
06/14/2026,4,72,1,06/21/2026,AUTO_MAN,6,2
06/14/2026,5,70,1,06/21/2026,AUTO_MAN,6,2
06/14/2026,6,71,1,06/21/2026,AUTO_MAN,6,2
06/14/2026,7,71,1,06/21/2026,AUTO_MAN,6,2
06/14/2026,8,73,1,06/21/2026,AUTO_MAN,6,2
06/14/2026,9,75,1,06/21/2026,AUTO_MAN,6,2
06/14/2026,10,76,1,06/21/2026,AUTO_MAN,6,2
06/14/2026,11,80,1,06/21/2026,AUTO_MAN,6,2
06/14/2026,12,79,1,06/21/2026,AUTO_MAN,6,2
06/14/2026,13,65,1,06/21/2026,AUTO_MAN,6,2
06/14/2026,14,63,1,06/21/2026,AUTO_MAN,6,2
06/14/2026,15,66,1,06/21/2026,AUTO_MAN,6,2
06/14/2026,16,68,1,06/21/2026,AUTO_MAN,6,2
06/14/2026,17,70,1,06/21/2026,AUTO_MAN,6,2
06/14/2026,18,68,1,06/21/2026,AUTO_MAN,6,2
06/14/2026,19,68,1,06/21/2026,AUTO_MAN,6,2
06/14/2026,20,65,1,06/21/2026,AUTO_MAN,6,2
06/14/2026,21,64,1,06/21/2026,AUTO_MAN,6,2
06/14/2026,22,62,1,06/21/2026,AUTO_MAN,6,2
06/14/2026,23,60,1,06/21/2026,AUTO_MAN,6,2
06/14/2026,24,59,1,06/21/2026,AUTO_MAN,6,2
06/15/2026,1,57,0,06/22/2026,AUTO_MAN,6,2
06/15/2026,2,56,0,06/22/2026,AUTO_MAN,6,2
06/15/2026,3,54,0,06/22/2026,AUTO_MAN,6,2
06/15/2026,4,53,0,06/22/2026,AUTO_MAN,6,2
06/15/2026,5,52,0,06/22/2026,AUTO_MAN,6,2
06/15/2026,6,53,0,06/22/2026,AUTO_MAN,6,2
06/15/2026,7,56,0,06/22/2026,AUTO_MAN,6,2
06/15/2026,8,60,0,06/22/2026,AUTO_MAN,6,2
06/15/2026,9,62,0,06/22/2026,AUTO_MAN,6,2
06/15/2026,10,64,0,06/22/2026,AUTO_MAN,6,2
06/15/2026,11,66,0,06/22/2026,AUTO_MAN,6,2
06/15/2026,12,68,0,06/22/2026,AUTO_MAN,6,2
06/15/2026,13,70,0,06/22/2026,AUTO_MAN,6,2
06/15/2026,14,70,0,06/22/2026,AUTO_MAN,6,2
06/15/2026,15,72,0,06/22/2026,AUTO_MAN,6,2
06/15/2026,16,71,0,06/22/2026,AUTO_MAN,6,2
06/15/2026,17,73,0,06/22/2026,AUTO_MAN,6,2
06/15/2026,18,72,0,06/22/2026,AUTO_MAN,6,2
06/15/2026,19,71,0,06/22/2026,AUTO_MAN,6,2
06/15/2026,20,65,0,06/22/2026,AUTO_MAN,6,2
06/15/2026,21,63,0,06/22/2026,AUTO_MAN,6,2
06/15/2026,22,62,0,06/22/2026,AUTO_MAN,6,2
06/15/2026,23,59,0,06/22/2026,AUTO_MAN,6,2
06/15/2026,24,58,0,06/22/2026,AUTO_MAN,6,2
06/16/2026,1,58,0,06/23/2026,AUTO_MAN,6,2
06/16/2026,2,56,0,06/23/2026,AUTO_MAN,6,2
06/16/2026,3,57,0,06/23/2026,AUTO_MAN,6,2
06/16/2026,4,57,0,06/23/2026,AUTO_MAN,6,2
06/16/2026,5,57,0,06/23/2026,AUTO_MAN,6,2
06/16/2026,6,57,0,06/23/2026,AUTO_MAN,6,2
06/16/2026,7,62,0,06/23/2026,AUTO_MAN,6,2
06/16/2026,8,66,0,06/23/2026,AUTO_MAN,6,2
06/16/2026,9,69,0,06/23/2026,AUTO_MAN,6,2
06/16/2026,10,72,0,06/23/2026,AUTO_MAN,6,2
06/16/2026,11,76,0,06/23/2026,AUTO_MAN,6,2
06/16/2026,12,77,0,06/23/2026,AUTO_MAN,6,2
06/16/2026,13,77,0,06/23/2026,AUTO_MAN,6,2
06/16/2026,14,77,0,06/23/2026,AUTO_MAN,6,2
06/16/2026,15,69,0,06/23/2026,AUTO_MAN,6,2
06/16/2026,16,71,0,06/23/2026,AUTO_MAN,6,2
06/16/2026,17,69,0,06/23/2026,AUTO_MAN,6,2
06/16/2026,18,69,0,06/23/2026,AUTO_MAN,6,2
06/16/2026,19,70,0,06/23/2026,AUTO_MAN,6,2
06/16/2026,20,67,0,06/23/2026,AUTO_MAN,6,2
06/16/2026,21,64,0,06/23/2026,AUTO_MAN,6,2
06/16/2026,22,60,0,06/23/2026,AUTO_MAN,6,2
06/16/2026,23,59,0,06/23/2026,AUTO_MAN,6,2
06/16/2026,24,56,0,06/23/2026,AUTO_MAN,6,2
06/17/2026,1,55,0,06/24/2026,AUTO_MAN,6,2
06/17/2026,2,57,0,06/24/2026,AUTO_MAN,6,2
06/17/2026,3,58,0,06/24/2026,AUTO_MAN,6,2
06/17/2026,4,58,0,06/24/2026,AUTO_MAN,6,2
06/17/2026,5,57,0,06/24/2026,AUTO_MAN,6,2
06/17/2026,6,57,0,06/24/2026,AUTO_MAN,6,2
06/17/2026,7,60,0,06/24/2026,AUTO_MAN,6,2
06/17/2026,8,62,0,06/24/2026,AUTO_MAN,6,2
06/17/2026,9,67,0,06/24/2026,AUTO_MAN,6,2
06/17/2026,10,70,0,06/24/2026,AUTO_MAN,6,2
06/17/2026,11,70,0,06/24/2026,AUTO_MAN,6,2
06/17/2026,12,71,0,06/24/2026,AUTO_MAN,6,2
06/17/2026,13,71,0,06/24/2026,AUTO_MAN,6,2
06/17/2026,14,71,0,06/24/2026,AUTO_MAN,6,2
06/17/2026,15,67,0,06/24/2026,AUTO_MAN,6,2
06/17/2026,16,65,0,06/24/2026,AUTO_MAN,6,2
06/17/2026,17,63,0,06/24/2026,AUTO_MAN,6,2
06/17/2026,18,62,0,06/24/2026,AUTO_MAN,6,2
06/17/2026,19,61,0,06/24/2026,AUTO_MAN,6,2
06/17/2026,20,62,0,06/24/2026,AUTO_MAN,6,2
06/17/2026,21,64,0,06/24/2026,AUTO_MAN,6,2
06/17/2026,22,67,0,06/24/2026,AUTO_MAN,6,2
06/17/2026,23,68,0,06/24/2026,AUTO_MAN,6,2
06/17/2026,24,69,0,06/24/2026,AUTO_MAN,6,2
06/18/2026,1,71,0,06/25/2026,AUTO_MAN,6,2
06/18/2026,2,70,0,06/25/2026,AUTO_MAN,6,2
06/18/2026,3,70,0,06/25/2026,AUTO_MAN,6,2
06/18/2026,4,70,0,06/25/2026,AUTO_MAN,6,2
06/18/2026,5,69,0,06/25/2026,AUTO_MAN,6,2
06/18/2026,6,68,0,06/25/2026,AUTO_MAN,6,2
06/18/2026,7,69,0,06/25/2026,AUTO_MAN,6,2
06/18/2026,8,70,0,06/25/2026,AUTO_MAN,6,2
06/18/2026,9,69,0,06/25/2026,AUTO_MAN,6,2
06/18/2026,10,71,0,06/25/2026,AUTO_MAN,6,2
06/18/2026,11,70,0,06/25/2026,AUTO_MAN,6,2
06/18/2026,12,72,0,06/25/2026,AUTO_MAN,6,2
06/18/2026,13,71,0,06/25/2026,AUTO_MAN,6,2
06/18/2026,14,71,0,06/25/2026,AUTO_MAN,6,2
06/18/2026,15,71,0,06/25/2026,AUTO_MAN,6,2
06/18/2026,16,70,0,06/25/2026,AUTO_MAN,6,2
06/18/2026,17,70,0,06/25/2026,AUTO_MAN,6,2
06/18/2026,18,70,0,06/25/2026,AUTO_MAN,6,2
06/18/2026,19,69,0,06/25/2026,AUTO_MAN,6,2
06/18/2026,20,67,0,06/25/2026,AUTO_MAN,6,2
06/18/2026,21,64,0,06/25/2026,AUTO_MAN,6,2
06/18/2026,22,61,0,06/25/2026,AUTO_MAN,6,2
06/18/2026,23,59,0,06/25/2026,AUTO_MAN,6,2
06/18/2026,24,60,0,06/25/2026,AUTO_MAN,6,2
06/19/2026,1,58,0,06/26/2026,AUTO_MAN,6,2
06/19/2026,2,54,0,06/26/2026,AUTO_MAN,6,2
06/19/2026,3,56,0,06/26/2026,AUTO_MAN,6,2
06/19/2026,4,55,0,06/26/2026,AUTO_MAN,6,2
06/19/2026,5,55,0,06/26/2026,AUTO_MAN,6,2
06/19/2026,6,57,0,06/26/2026,AUTO_MAN,6,2
06/19/2026,7,60,0,06/26/2026,AUTO_MAN,6,2
06/19/2026,8,64,0,06/26/2026,AUTO_MAN,6,2
06/19/2026,9,68,0,06/26/2026,AUTO_MAN,6,2
06/19/2026,10,72,0,06/26/2026,AUTO_MAN,6,2
06/19/2026,11,73,0,06/26/2026,AUTO_MAN,6,2
06/19/2026,12,75,0,06/26/2026,AUTO_MAN,6,2
06/19/2026,13,75,0,06/26/2026,AUTO_MAN,6,2
06/19/2026,14,75,0,06/26/2026,AUTO_MAN,6,2
06/19/2026,15,76,0,06/26/2026,AUTO_MAN,6,2
06/19/2026,16,76,0,06/26/2026,AUTO_MAN,6,2
06/19/2026,17,76,0,06/26/2026,AUTO_MAN,6,2
06/19/2026,18,75,0,06/26/2026,AUTO_MAN,6,2
06/19/2026,19,73,0,06/26/2026,AUTO_MAN,6,2
06/19/2026,20,70,0,06/26/2026,AUTO_MAN,6,2
06/19/2026,21,67,0,06/26/2026,AUTO_MAN,6,2
06/19/2026,22,65,0,06/26/2026,AUTO_MAN,6,2
06/19/2026,23,64,0,06/26/2026,AUTO_MAN,6,2
06/19/2026,24,62,0,06/26/2026,AUTO_MAN,6,2
06/20/2026,1,59,1,06/27/2026,AUTO_MAN,6,2
06/20/2026,2,58,1,06/27/2026,AUTO_MAN,6,2
06/20/2026,3,59,1,06/27/2026,AUTO_MAN,6,2
06/20/2026,4,58,1,06/27/2026,AUTO_MAN,6,2
06/20/2026,5,56,1,06/27/2026,AUTO_MAN,6,2
06/20/2026,6,59,1,06/27/2026,AUTO_MAN,6,2
06/20/2026,7,64,1,06/27/2026,AUTO_MAN,6,2
06/20/2026,8,68,1,06/27/2026,AUTO_MAN,6,2
06/20/2026,9,72,1,06/27/2026,AUTO_MAN,6,2
06/20/2026,10,74,1,06/27/2026,AUTO_MAN,6,2
06/20/2026,11,76,1,06/27/2026,AUTO_MAN,6,2
06/20/2026,12,76,1,06/27/2026,AUTO_MAN,6,2
06/20/2026,13,77,1,06/27/2026,AUTO_MAN,6,2
06/20/2026,14,78,1,06/27/2026,AUTO_MAN,6,2
06/20/2026,15,78,1,06/27/2026,AUTO_MAN,6,2
06/20/2026,16,78,1,06/27/2026,AUTO_MAN,6,2
06/20/2026,17,77,1,06/27/2026,AUTO_MAN,6,2
06/20/2026,18,76,1,06/27/2026,AUTO_MAN,6,2
06/20/2026,19,74,1,06/27/2026,AUTO_MAN,6,2
06/20/2026,20,71,1,06/27/2026,AUTO_MAN,6,2
06/20/2026,21,68,1,06/27/2026,AUTO_MAN,6,2
06/20/2026,22,65,1,06/27/2026,AUTO_MAN,6,2
06/20/2026,23,62,1,06/27/2026,AUTO_MAN,6,2
06/20/2026,24,61,1,06/27/2026,AUTO_MAN,6,2
06/21/2026,1,61,1,06/28/2026,AUTO_MAN,6,2
06/21/2026,2,58,1,06/28/2026,AUTO_MAN,6,2
06/21/2026,3,58,1,06/28/2026,AUTO_MAN,6,2
06/21/2026,4,58,1,06/28/2026,AUTO_MAN,6,2
06/21/2026,5,54,1,06/28/2026,AUTO_MAN,6,2
06/21/2026,6,57,1,06/28/2026,AUTO_MAN,6,2
06/21/2026,7,61,1,06/28/2026,AUTO_MAN,6,2
06/21/2026,8,64,1,06/28/2026,AUTO_MAN,6,2
06/21/2026,9,66,1,06/28/2026,AUTO_MAN,6,2
06/21/2026,10,68,1,06/28/2026,AUTO_MAN,6,2
06/21/2026,11,71,1,06/28/2026,AUTO_MAN,6,2
06/21/2026,12,70,1,06/28/2026,AUTO_MAN,6,2
06/21/2026,13,71,1,06/28/2026,AUTO_MAN,6,2
06/21/2026,14,71,1,06/28/2026,AUTO_MAN,6,2
06/21/2026,15,71,1,06/28/2026,AUTO_MAN,6,2
06/21/2026,16,71,1,06/28/2026,AUTO_MAN,6,2
06/21/2026,17,70,1,06/28/2026,AUTO_MAN,6,2
06/21/2026,18,68,1,06/28/2026,AUTO_MAN,6,2
06/21/2026,19,66,1,06/28/2026,AUTO_MAN,6,2
06/21/2026,20,64,1,06/28/2026,AUTO_MAN,6,2
06/21/2026,21,62,1,06/28/2026,AUTO_MAN,6,2
06/21/2026,22,64,1,06/28/2026,AUTO_MAN,6,2
06/21/2026,23,64,1,06/28/2026,AUTO_MAN,6,2
06/21/2026,24,63,1,06/28/2026,AUTO_MAN,6,2
06/22/2026,1,62,0,06/29/2026,AUTO_MAN,6,2
06/22/2026,2,60,0,06/29/2026,AUTO_MAN,6,2
06/22/2026,3,59,0,06/29/2026,AUTO_MAN,6,2
06/22/2026,4,59,0,06/29/2026,AUTO_MAN,6,2
06/22/2026,5,59,0,06/29/2026,AUTO_MAN,6,2
06/22/2026,6,59,0,06/29/2026,AUTO_MAN,6,2
06/22/2026,7,60,0,06/29/2026,AUTO_MAN,6,2
06/22/2026,8,60,0,06/29/2026,AUTO_MAN,6,2
06/22/2026,9,61,0,06/29/2026,AUTO_MAN,6,2
06/22/2026,10,63,0,06/29/2026,AUTO_MAN,6,2
06/22/2026,11,66,0,06/29/2026,AUTO_MAN,6,2
06/22/2026,12,68,0,06/29/2026,AUTO_MAN,6,2
06/22/2026,13,69,0,06/29/2026,AUTO_MAN,6,2
06/22/2026,14,71,0,06/29/2026,AUTO_MAN,6,2
06/22/2026,15,69,0,06/29/2026,AUTO_MAN,6,2
06/22/2026,16,71,0,06/29/2026,AUTO_MAN,6,2
06/22/2026,17,72,0,06/29/2026,AUTO_MAN,6,2
06/22/2026,18,72,0,06/29/2026,AUTO_MAN,6,2
06/22/2026,19,71,0,06/29/2026,AUTO_MAN,6,2
06/22/2026,20,66,0,06/29/2026,AUTO_MAN,6,2
06/22/2026,21,62,0,06/29/2026,AUTO_MAN,6,2
06/22/2026,22,61,0,06/29/2026,AUTO_MAN,6,2
06/22/2026,23,60,0,06/29/2026,AUTO_MAN,6,2
06/22/2026,24,60,0,06/29/2026,AUTO_MAN,6,2
06/23/2026,1,58,0,06/30/2026,AUTO_MAN,6,2
06/23/2026,2,58,0,06/30/2026,AUTO_MAN,6,2
06/23/2026,3,57,0,06/30/2026,AUTO_MAN,6,2
06/23/2026,4,56,0,06/30/2026,AUTO_MAN,6,2
06/23/2026,5,56,0,06/30/2026,AUTO_MAN,6,2
06/23/2026,6,57,0,06/30/2026,AUTO_MAN,6,2
06/23/2026,7,61,0,06/30/2026,AUTO_MAN,6,2
06/23/2026,8,65,0,06/30/2026,AUTO_MAN,6,2
06/23/2026,9,67,0,06/30/2026,AUTO_MAN,6,2
06/23/2026,10,69,0,06/30/2026,AUTO_MAN,6,2
06/23/2026,11,72,0,06/30/2026,AUTO_MAN,6,2
06/23/2026,12,73,0,06/30/2026,AUTO_MAN,6,2
06/23/2026,13,74,0,06/30/2026,AUTO_MAN,6,2
06/23/2026,14,76,0,06/30/2026,AUTO_MAN,6,2
06/23/2026,15,78,0,06/30/2026,AUTO_MAN,6,2
06/23/2026,16,77,0,06/30/2026,AUTO_MAN,6,2
06/23/2026,17,77,0,06/30/2026,AUTO_MAN,6,2
06/23/2026,18,76,0,06/30/2026,AUTO_MAN,6,2
06/23/2026,19,75,0,06/30/2026,AUTO_MAN,6,2
06/23/2026,20,72,0,06/30/2026,AUTO_MAN,6,2
06/23/2026,21,69,0,06/30/2026,AUTO_MAN,6,2
06/23/2026,22,64,0,06/30/2026,AUTO_MAN,6,2
06/23/2026,23,60,0,06/30/2026,AUTO_MAN,6,2
06/23/2026,24,59,0,06/30/2026,AUTO_MAN,6,2
06/24/2026,1,57,0,07/01/2026,AUTO_MAN,6,2
06/24/2026,2,56,0,07/01/2026,AUTO_MAN,6,2
06/24/2026,3,55,0,07/01/2026,AUTO_MAN,6,2
06/24/2026,4,55,0,07/01/2026,AUTO_MAN,6,2
06/24/2026,5,55,0,07/01/2026,AUTO_MAN,6,2
06/24/2026,6,56,0,07/01/2026,AUTO_MAN,6,2
06/24/2026,7,60,0,07/01/2026,AUTO_MAN,6,2
06/24/2026,8,67,0,07/01/2026,AUTO_MAN,6,2
06/24/2026,9,69,0,07/01/2026,AUTO_MAN,6,2
06/24/2026,10,71,0,07/01/2026,AUTO_MAN,6,2
06/24/2026,11,73,0,07/01/2026,AUTO_MAN,6,2
06/24/2026,12,76,0,07/01/2026,AUTO_MAN,6,2
06/24/2026,13,77,0,07/01/2026,AUTO_MAN,6,2
06/24/2026,14,77,0,07/01/2026,AUTO_MAN,6,2
06/24/2026,15,76,0,07/01/2026,AUTO_MAN,6,2
06/24/2026,16,73,0,07/01/2026,AUTO_MAN,6,2
06/24/2026,17,68,0,07/01/2026,AUTO_MAN,6,2
06/24/2026,18,67,0,07/01/2026,AUTO_MAN,6,2
06/24/2026,19,67,0,07/01/2026,AUTO_MAN,6,2
06/24/2026,20,66,0,07/01/2026,AUTO_MAN,6,2
06/24/2026,21,64,0,07/01/2026,AUTO_MAN,6,2
06/24/2026,22,64,0,07/01/2026,AUTO_MAN,6,2
06/24/2026,23,65,0,07/01/2026,AUTO_MAN,6,2
06/24/2026,24,65,0,07/01/2026,AUTO_MAN,6,2
06/25/2026,1,65,0,07/02/2026,AUTO_MAN,6,2
06/25/2026,2,65,0,07/02/2026,AUTO_MAN,6,2
06/25/2026,3,65,0,07/02/2026,AUTO_MAN,6,2
06/25/2026,4,63,0,07/02/2026,AUTO_MAN,6,2
06/25/2026,5,63,0,07/02/2026,AUTO_MAN,6,2
06/25/2026,6,63,0,07/02/2026,AUTO_MAN,6,2
06/25/2026,7,65,0,07/02/2026,AUTO_MAN,6,2
06/25/2026,8,68,0,07/02/2026,AUTO_MAN,6,2
06/25/2026,9,70,0,07/02/2026,AUTO_MAN,6,2
06/25/2026,10,72,0,07/02/2026,AUTO_MAN,6,2
06/25/2026,11,75,0,07/02/2026,AUTO_MAN,6,2
06/25/2026,12,77,0,07/02/2026,AUTO_MAN,6,2
06/25/2026,13,79,0,07/02/2026,AUTO_MAN,6,2
06/25/2026,14,78,0,07/02/2026,AUTO_MAN,6,2
06/25/2026,15,77,0,07/02/2026,AUTO_MAN,6,2
06/25/2026,16,79,0,07/02/2026,AUTO_MAN,6,2
06/25/2026,17,81,0,07/02/2026,AUTO_MAN,6,2
06/25/2026,18,80,0,07/02/2026,AUTO_MAN,6,2
06/25/2026,19,78,0,07/02/2026,AUTO_MAN,6,2
06/25/2026,20,75,0,07/02/2026,AUTO_MAN,6,2
06/25/2026,21,72,0,07/02/2026,AUTO_MAN,6,2
06/25/2026,22,69,0,07/02/2026,AUTO_MAN,6,2
06/25/2026,23,66,0,07/02/2026,AUTO_MAN,6,2
06/25/2026,24,60,0,07/02/2026,AUTO_MAN,6,2
06/26/2026,1,61,0,07/03/2026,AUTO_MAN,6,2
06/26/2026,2,58,0,07/03/2026,AUTO_MAN,6,2
06/26/2026,3,58,0,07/03/2026,AUTO_MAN,6,2
06/26/2026,4,57,0,07/03/2026,AUTO_MAN,6,2
06/26/2026,5,58,0,07/03/2026,AUTO_MAN,6,2
06/26/2026,6,59,0,07/03/2026,AUTO_MAN,6,2
06/26/2026,7,61,0,07/03/2026,AUTO_MAN,6,2
06/26/2026,8,65,0,07/03/2026,AUTO_MAN,6,2
06/26/2026,9,68,0,07/03/2026,AUTO_MAN,6,2
06/26/2026,10,71,0,07/03/2026,AUTO_MAN,6,2
06/26/2026,11,73,0,07/03/2026,AUTO_MAN,6,2
06/26/2026,12,74,0,07/03/2026,AUTO_MAN,6,2
06/26/2026,13,73,0,07/03/2026,AUTO_MAN,6,2
06/26/2026,14,73,0,07/03/2026,AUTO_MAN,6,2
06/26/2026,15,73,0,07/03/2026,AUTO_MAN,6,2
06/26/2026,16,72,0,07/03/2026,AUTO_MAN,6,2
06/26/2026,17,72,0,07/03/2026,AUTO_MAN,6,2
06/26/2026,18,72,0,07/03/2026,AUTO_MAN,6,2
06/26/2026,19,71,0,07/03/2026,AUTO_MAN,6,2
06/26/2026,20,69,0,07/03/2026,AUTO_MAN,6,2
06/26/2026,21,66,0,07/03/2026,AUTO_MAN,6,2
06/26/2026,22,67,0,07/03/2026,AUTO_MAN,6,2
06/26/2026,23,67,0,07/03/2026,AUTO_MAN,6,2
06/26/2026,24,67,0,07/03/2026,AUTO_MAN,6,2
06/27/2026,1,67,1,07/04/2026,AUTO_MAN,6,2
06/27/2026,2,67,1,07/04/2026,AUTO_MAN,6,2
06/27/2026,3,67,1,07/04/2026,AUTO_MAN,6,2
06/27/2026,4,67,1,07/04/2026,AUTO_MAN,6,2
06/27/2026,5,67,1,07/04/2026,AUTO_MAN,6,2
06/27/2026,6,67,1,07/04/2026,AUTO_MAN,6,2
06/27/2026,7,67,1,07/04/2026,AUTO_MAN,6,2
06/27/2026,8,68,1,07/04/2026,AUTO_MAN,6,2
06/27/2026,9,70,1,07/04/2026,AUTO_MAN,6,2
06/27/2026,10,72,1,07/04/2026,AUTO_MAN,6,2
06/27/2026,11,74,1,07/04/2026,AUTO_MAN,6,2
06/27/2026,12,78,1,07/04/2026,AUTO_MAN,6,2
06/27/2026,13,76,1,07/04/2026,AUTO_MAN,6,2
06/27/2026,14,77,1,07/04/2026,AUTO_MAN,6,2
06/27/2026,15,78,1,07/04/2026,AUTO_MAN,6,2
06/27/2026,16,77,1,07/04/2026,AUTO_MAN,6,2
06/27/2026,17,78,1,07/04/2026,AUTO_MAN,6,2
06/27/2026,18,76,1,07/04/2026,AUTO_MAN,6,2
06/27/2026,19,75,1,07/04/2026,AUTO_MAN,6,2
06/27/2026,20,73,1,07/04/2026,AUTO_MAN,6,2
06/27/2026,21,70,1,07/04/2026,AUTO_MAN,6,2
06/27/2026,22,68,1,07/04/2026,AUTO_MAN,6,2
06/27/2026,23,67,1,07/04/2026,AUTO_MAN,6,2
06/27/2026,24,65,1,07/04/2026,AUTO_MAN,6,2
06/28/2026,1,63,1,07/05/2026,AUTO_MAN,6,2
06/28/2026,2,66,1,07/05/2026,AUTO_MAN,6,2
06/28/2026,3,66,1,07/05/2026,AUTO_MAN,6,2
06/28/2026,4,65,1,07/05/2026,AUTO_MAN,6,2
06/28/2026,5,64,1,07/05/2026,AUTO_MAN,6,2
06/28/2026,6,64,1,07/05/2026,AUTO_MAN,6,2
06/28/2026,7,68,1,07/05/2026,AUTO_MAN,6,2
06/28/2026,8,72,1,07/05/2026,AUTO_MAN,6,2
06/28/2026,9,74,1,07/05/2026,AUTO_MAN,6,2
06/28/2026,10,77,1,07/05/2026,AUTO_MAN,6,2
06/28/2026,11,79,1,07/05/2026,AUTO_MAN,6,2
06/28/2026,12,81,1,07/05/2026,AUTO_MAN,6,2
06/28/2026,13,82,1,07/05/2026,AUTO_MAN,6,2
06/28/2026,14,83,1,07/05/2026,AUTO_MAN,6,2
06/28/2026,15,82,1,07/05/2026,AUTO_MAN,6,2
06/28/2026,16,82,1,07/05/2026,AUTO_MAN,6,2
06/28/2026,17,82,1,07/05/2026,AUTO_MAN,6,2
06/28/2026,18,83,1,07/05/2026,AUTO_MAN,6,2
06/28/2026,19,80,1,07/05/2026,AUTO_MAN,6,2
06/28/2026,20,77,1,07/05/2026,AUTO_MAN,6,2
06/28/2026,21,72,1,07/05/2026,AUTO_MAN,6,2
06/28/2026,22,71,1,07/05/2026,AUTO_MAN,6,2
06/28/2026,23,71,1,07/05/2026,AUTO_MAN,6,2
06/28/2026,24,68,1,07/05/2026,AUTO_MAN,6,2
06/29/2026,1,67,0,07/06/2026,AUTO_MAN,6,2
06/29/2026,2,67,0,07/06/2026,AUTO_MAN,6,2
06/29/2026,3,67,0,07/06/2026,AUTO_MAN,6,2
06/29/2026,4,67,0,07/06/2026,AUTO_MAN,6,2
06/29/2026,5,68,0,07/06/2026,AUTO_MAN,6,2
06/29/2026,6,68,0,07/06/2026,AUTO_MAN,6,2
06/29/2026,7,70,0,07/06/2026,AUTO_MAN,6,2
06/29/2026,8,74,0,07/06/2026,AUTO_MAN,6,2
06/29/2026,9,78,0,07/06/2026,AUTO_MAN,6,2
06/29/2026,10,82,0,07/06/2026,AUTO_MAN,6,2
06/29/2026,11,85,0,07/06/2026,AUTO_MAN,6,2
06/29/2026,12,87,0,07/06/2026,AUTO_MAN,6,2
06/29/2026,13,89,0,07/06/2026,AUTO_MAN,6,2
06/29/2026,14,90,0,07/06/2026,AUTO_MAN,6,2
06/29/2026,15,91,0,07/06/2026,AUTO_MAN,6,2
06/29/2026,16,92,0,07/06/2026,AUTO_MAN,6,2
06/29/2026,17,92,0,07/06/2026,AUTO_MAN,6,2
06/29/2026,18,91,0,07/06/2026,AUTO_MAN,6,2
06/29/2026,19,90,0,07/06/2026,AUTO_MAN,6,2
06/29/2026,20,86,0,07/06/2026,AUTO_MAN,6,2
06/29/2026,21,85,0,07/06/2026,AUTO_MAN,6,2
06/29/2026,22,82,0,07/06/2026,AUTO_MAN,6,2
06/29/2026,23,80,0,07/06/2026,AUTO_MAN,6,2
06/29/2026,24,79,0,07/06/2026,AUTO_MAN,6,2
06/30/2026,1,79,0,07/07/2026,AUTO_MAN,6,2
06/30/2026,2,78,0,07/07/2026,AUTO_MAN,6,2
06/30/2026,3,79,0,07/07/2026,AUTO_MAN,6,2
06/30/2026,4,78,0,07/07/2026,AUTO_MAN,6,2
06/30/2026,5,76,0,07/07/2026,AUTO_MAN,6,2
06/30/2026,6,76,0,07/07/2026,AUTO_MAN,6,2
06/30/2026,7,79,0,07/07/2026,AUTO_MAN,6,2
06/30/2026,8,82,0,07/07/2026,AUTO_MAN,6,2
06/30/2026,9,83,0,07/07/2026,AUTO_MAN,6,2
06/30/2026,10,85,0,07/07/2026,AUTO_MAN,6,2
06/30/2026,11,88,0,07/07/2026,AUTO_MAN,6,2
06/30/2026,12,90,0,07/07/2026,AUTO_MAN,6,2
06/30/2026,13,92,0,07/07/2026,AUTO_MAN,6,2
06/30/2026,14,91,0,07/07/2026,AUTO_MAN,6,2
06/30/2026,15,95,0,07/07/2026,AUTO_MAN,6,2
06/30/2026,16,95,0,07/07/2026,AUTO_MAN,6,2
06/30/2026,17,96,0,07/07/2026,AUTO_MAN,6,2
06/30/2026,18,94,0,07/07/2026,AUTO_MAN,6,2
06/30/2026,19,92,0,07/07/2026,AUTO_MAN,6,2
06/30/2026,20,89,0,07/07/2026,AUTO_MAN,6,2
06/30/2026,21,87,0,07/07/2026,AUTO_MAN,6,2
06/30/2026,22,80,0,07/07/2026,AUTO_MAN,6,2
06/30/2026,23,78,0,07/07/2026,AUTO_MAN,6,2
06/30/2026,24,78,0,07/07/2026,AUTO_MAN,6,2
07/01/2026,1,81,0,07/07/2026,AUTO_MAN,6,2
07/01/2026,2,79,0,07/07/2026,AUTO_MAN,6,2
07/01/2026,3,79,0,07/07/2026,AUTO_MAN,6,2
07/01/2026,4,79,0,07/07/2026,AUTO_MAN,6,2
07/01/2026,5,78,0,07/07/2026,AUTO_MAN,6,2
07/01/2026,6,77,0,07/07/2026,AUTO_MAN,6,2
07/01/2026,7,79,0,07/07/2026,AUTO_MAN,6,2
07/01/2026,8,82,0,07/07/2026,AUTO_MAN,6,2
07/01/2026,9,85,0,07/07/2026,AUTO_MAN,6,2
07/01/2026,10,89,0,07/07/2026,AUTO_MAN,6,2
07/01/2026,11,92,0,07/07/2026,AUTO_MAN,6,2
07/01/2026,12,94,0,07/07/2026,AUTO_MAN,6,2
07/01/2026,13,95,0,07/07/2026,AUTO_MAN,6,2
07/01/2026,14,96,0,07/07/2026,AUTO_MAN,6,2
07/01/2026,15,98,0,07/07/2026,AUTO_MAN,6,2
07/01/2026,16,99,0,07/07/2026,AUTO_MAN,6,2
07/01/2026,17,97,0,07/07/2026,AUTO_MAN,6,2
07/01/2026,18,95,0,07/07/2026,AUTO_MAN,6,2
07/01/2026,19,93,0,07/07/2026,AUTO_MAN,6,2
07/01/2026,20,89,0,07/07/2026,AUTO_MAN,6,2
07/01/2026,21,84,0,07/07/2026,AUTO_MAN,6,2
07/01/2026,22,83,0,07/07/2026,AUTO_MAN,6,2
07/01/2026,23,82,0,07/07/2026,AUTO_MAN,6,2
07/01/2026,24,79,0,07/07/2026,AUTO_MAN,6,2
07/02/2026,1,80,0,07/07/2026,AUTO_MAN,6,2
07/02/2026,2,78,0,07/07/2026,AUTO_MAN,6,2
07/02/2026,3,78,0,07/07/2026,AUTO_MAN,6,2
07/02/2026,4,77,0,07/07/2026,AUTO_MAN,6,2
07/02/2026,5,75,0,07/07/2026,AUTO_MAN,6,2
07/02/2026,6,75,0,07/07/2026,AUTO_MAN,6,2
07/02/2026,7,78,0,07/07/2026,AUTO_MAN,6,2
07/02/2026,8,82,0,07/07/2026,AUTO_MAN,6,2
07/02/2026,9,85,0,07/07/2026,AUTO_MAN,6,2
07/02/2026,10,87,0,07/07/2026,AUTO_MAN,6,2
07/02/2026,11,91,0,07/07/2026,AUTO_MAN,6,2
07/02/2026,12,91,0,07/07/2026,AUTO_MAN,6,2
07/02/2026,13,94,0,07/07/2026,AUTO_MAN,6,2
07/02/2026,14,95,0,07/07/2026,AUTO_MAN,6,2
07/02/2026,15,96,0,07/07/2026,AUTO_MAN,6,2
07/02/2026,16,97,0,07/07/2026,AUTO_MAN,6,2
07/02/2026,17,97,0,07/07/2026,AUTO_MAN,6,2
07/02/2026,18,96,0,07/07/2026,AUTO_MAN,6,2
07/02/2026,19,93,0,07/07/2026,AUTO_MAN,6,2
07/02/2026,20,90,0,07/07/2026,AUTO_MAN,6,2
07/02/2026,21,87,0,07/07/2026,AUTO_MAN,6,2
07/02/2026,22,82,0,07/07/2026,AUTO_MAN,6,2
07/02/2026,23,84,0,07/07/2026,AUTO_MAN,6,2
07/02/2026,24,82,0,07/07/2026,AUTO_MAN,6,2
07/03/2026,1,80,1,07/07/2026,AUTO_MAN,6,2
07/03/2026,2,78,1,07/07/2026,AUTO_MAN,6,2
07/03/2026,3,78,1,07/07/2026,AUTO_MAN,6,2
07/03/2026,4,77,1,07/07/2026,AUTO_MAN,6,2
07/03/2026,5,78,1,07/07/2026,AUTO_MAN,6,2
07/03/2026,6,77,1,07/07/2026,AUTO_MAN,6,2
07/03/2026,7,80,1,07/07/2026,AUTO_MAN,6,2
07/03/2026,8,81,1,07/07/2026,AUTO_MAN,6,2
07/03/2026,9,85,1,07/07/2026,AUTO_MAN,6,2
07/03/2026,10,89,1,07/07/2026,AUTO_MAN,6,2
07/03/2026,11,93,1,07/07/2026,AUTO_MAN,6,2
07/03/2026,12,92,1,07/07/2026,AUTO_MAN,6,2
07/03/2026,13,92,1,07/07/2026,AUTO_MAN,6,2
07/03/2026,14,95,1,07/07/2026,AUTO_MAN,6,2
07/03/2026,15,96,1,07/07/2026,AUTO_MAN,6,2
07/03/2026,16,95,1,07/07/2026,AUTO_MAN,6,2
07/03/2026,17,95,1,07/07/2026,AUTO_MAN,6,2
07/03/2026,18,74,1,07/07/2026,AUTO_MAN,6,2
07/03/2026,19,77,1,07/07/2026,AUTO_MAN,6,2
07/03/2026,20,75,1,07/07/2026,AUTO_MAN,6,2
07/03/2026,21,74,1,07/07/2026,AUTO_MAN,6,2
07/03/2026,22,73,1,07/07/2026,AUTO_MAN,6,2
07/03/2026,23,72,1,07/07/2026,AUTO_MAN,6,2
07/03/2026,24,73,1,07/07/2026,AUTO_MAN,6,2
07/04/2026,1,72,1,07/07/2026,AUTO_MAN,6,2
07/04/2026,2,74,1,07/07/2026,AUTO_MAN,6,2
07/04/2026,3,72,1,07/07/2026,AUTO_MAN,6,2
07/04/2026,4,71,1,07/07/2026,AUTO_MAN,6,2
07/04/2026,5,70,1,07/07/2026,AUTO_MAN,6,2
07/04/2026,6,70,1,07/07/2026,AUTO_MAN,6,2
07/04/2026,7,72,1,07/07/2026,AUTO_MAN,6,2
07/04/2026,8,75,1,07/07/2026,AUTO_MAN,6,2
07/04/2026,9,76,1,07/07/2026,AUTO_MAN,6,2
07/04/2026,10,80,1,07/07/2026,AUTO_MAN,6,2
07/04/2026,11,81,1,07/07/2026,AUTO_MAN,6,2
07/04/2026,12,83,1,07/07/2026,AUTO_MAN,6,2
07/04/2026,13,84,1,07/07/2026,AUTO_MAN,6,2
07/04/2026,14,86,1,07/07/2026,AUTO_MAN,6,2
07/04/2026,15,87,1,07/07/2026,AUTO_MAN,6,2
07/04/2026,16,87,1,07/07/2026,AUTO_MAN,6,2
07/04/2026,17,87,1,07/07/2026,AUTO_MAN,6,2
07/04/2026,18,87,1,07/07/2026,AUTO_MAN,6,2
07/04/2026,19,86,1,07/07/2026,AUTO_MAN,6,2
07/04/2026,20,84,1,07/07/2026,AUTO_MAN,6,2
07/04/2026,21,78,1,07/07/2026,AUTO_MAN,6,2
07/04/2026,22,76,1,07/07/2026,AUTO_MAN,6,2
07/04/2026,23,77,1,07/07/2026,AUTO_MAN,6,2
07/04/2026,24,76,1,07/07/2026,AUTO_MAN,6,2
07/05/2026,1,76,1,07/07/2026,AUTO_MAN,6,2
07/05/2026,2,76,1,07/07/2026,AUTO_MAN,6,2
07/05/2026,3,75,1,07/07/2026,AUTO_MAN,6,2
07/05/2026,4,76,1,07/07/2026,AUTO_MAN,6,2
07/05/2026,5,76,1,07/07/2026,AUTO_MAN,6,2
07/05/2026,6,76,1,07/07/2026,AUTO_MAN,6,2
07/05/2026,7,75,1,07/07/2026,AUTO_MAN,6,2
07/05/2026,8,73,1,07/07/2026,AUTO_MAN,6,2
07/05/2026,9,71,1,07/07/2026,AUTO_MAN,6,2
07/05/2026,10,70,1,07/07/2026,AUTO_MAN,6,2
07/05/2026,11,73,1,07/07/2026,AUTO_MAN,6,2
07/05/2026,12,74,1,07/07/2026,AUTO_MAN,6,2
07/05/2026,13,76,1,07/07/2026,AUTO_MAN,6,2
07/05/2026,14,79,1,07/07/2026,AUTO_MAN,6,2
07/05/2026,15,80,1,07/07/2026,AUTO_MAN,6,2
07/05/2026,16,80,1,07/07/2026,AUTO_MAN,6,2
07/05/2026,17,80,1,07/07/2026,AUTO_MAN,6,2
07/05/2026,18,77,1,07/07/2026,AUTO_MAN,6,2
07/05/2026,19,77,1,07/07/2026,AUTO_MAN,6,2
07/05/2026,20,75,1,07/07/2026,AUTO_MAN,6,2
07/05/2026,21,72,1,07/07/2026,AUTO_MAN,6,2
07/05/2026,22,73,1,07/07/2026,AUTO_MAN,6,2
07/05/2026,23,72,1,07/07/2026,AUTO_MAN,6,2
07/05/2026,24,72,1,07/07/2026,AUTO_MAN,6,2
07/06/2026,1,71,0,07/07/2026,AUTO_MAN,6,2
07/06/2026,2,70,0,07/07/2026,AUTO_MAN,6,2
07/06/2026,3,70,0,07/07/2026,AUTO_MAN,6,2
07/06/2026,4,70,0,07/07/2026,AUTO_MAN,6,2
07/06/2026,5,69,0,07/07/2026,AUTO_MAN,6,2
07/06/2026,6,69,0,07/07/2026,AUTO_MAN,6,2
07/06/2026,7,69,0,07/07/2026,AUTO_MAN,6,2
07/06/2026,8,69,0,07/07/2026,AUTO_MAN,6,2
07/06/2026,9,68,0,07/07/2026,AUTO_MAN,6,2
07/06/2026,10,70,0,07/07/2026,AUTO_MAN,6,2
07/06/2026,11,71,0,07/07/2026,AUTO_MAN,6,2
07/06/2026,12,73,0,07/07/2026,AUTO_MAN,6,2
07/06/2026,13,73,0,07/07/2026,AUTO_MAN,6,2
07/06/2026,14,76,0,07/07/2026,AUTO_MAN,6,2
07/06/2026,15,78,0,07/07/2026,AUTO_MAN,6,2
07/06/2026,16,78,0,07/07/2026,AUTO_MAN,6,2
07/06/2026,17,77,0,07/07/2026,AUTO_MAN,6,2
07/06/2026,18,76,0,07/07/2026,AUTO_MAN,6,2
07/06/2026,19,76,0,07/07/2026,AUTO_MAN,6,2
07/06/2026,20,75,0,07/07/2026,AUTO_MAN,6,2
07/06/2026,21,74,0,07/07/2026,AUTO_MAN,6,2
07/06/2026,22,74,0,07/07/2026,AUTO_MAN,6,2
07/06/2026,23,73,0,07/07/2026,AUTO_MAN,6,2
07/06/2026,24,73,0,07/07/2026,AUTO_MAN,6,2
06/08/2026,1,61,0,06/15/2026,AUTO_MAN,7,2
06/08/2026,2,60,0,06/15/2026,AUTO_MAN,7,2
06/08/2026,3,60,0,06/15/2026,AUTO_MAN,7,2
06/08/2026,4,59,0,06/15/2026,AUTO_MAN,7,2
06/08/2026,5,58,0,06/15/2026,AUTO_MAN,7,2
06/08/2026,6,62,0,06/15/2026,AUTO_MAN,7,2
06/08/2026,7,65,0,06/15/2026,AUTO_MAN,7,2
06/08/2026,8,70,0,06/15/2026,AUTO_MAN,7,2
06/08/2026,9,74,0,06/15/2026,AUTO_MAN,7,2
06/08/2026,10,77,0,06/15/2026,AUTO_MAN,7,2
06/08/2026,11,80,0,06/15/2026,AUTO_MAN,7,2
06/08/2026,12,82,0,06/15/2026,AUTO_MAN,7,2
06/08/2026,13,84,0,06/15/2026,AUTO_MAN,7,2
06/08/2026,14,86,0,06/15/2026,AUTO_MAN,7,2
06/08/2026,15,86,0,06/15/2026,AUTO_MAN,7,2
06/08/2026,16,86,0,06/15/2026,AUTO_MAN,7,2
06/08/2026,17,85,0,06/15/2026,AUTO_MAN,7,2
06/08/2026,18,83,0,06/15/2026,AUTO_MAN,7,2
06/08/2026,19,82,0,06/15/2026,AUTO_MAN,7,2
06/08/2026,20,79,0,06/15/2026,AUTO_MAN,7,2
06/08/2026,21,78,0,06/15/2026,AUTO_MAN,7,2
06/08/2026,22,77,0,06/15/2026,AUTO_MAN,7,2
06/08/2026,23,76,0,06/15/2026,AUTO_MAN,7,2
06/08/2026,24,75,0,06/15/2026,AUTO_MAN,7,2
06/09/2026,1,74,0,06/16/2026,AUTO_MAN,7,2
06/09/2026,2,73,0,06/16/2026,AUTO_MAN,7,2
06/09/2026,3,73,0,06/16/2026,AUTO_MAN,7,2
06/09/2026,4,73,0,06/16/2026,AUTO_MAN,7,2
06/09/2026,5,72,0,06/16/2026,AUTO_MAN,7,2
06/09/2026,6,72,0,06/16/2026,AUTO_MAN,7,2
06/09/2026,7,73,0,06/16/2026,AUTO_MAN,7,2
06/09/2026,8,75,0,06/16/2026,AUTO_MAN,7,2
06/09/2026,9,74,0,06/16/2026,AUTO_MAN,7,2
06/09/2026,10,77,0,06/16/2026,AUTO_MAN,7,2
06/09/2026,11,80,0,06/16/2026,AUTO_MAN,7,2
06/09/2026,12,82,0,06/16/2026,AUTO_MAN,7,2
06/09/2026,13,82,0,06/16/2026,AUTO_MAN,7,2
06/09/2026,14,82,0,06/16/2026,AUTO_MAN,7,2
06/09/2026,15,81,0,06/16/2026,AUTO_MAN,7,2
06/09/2026,16,83,0,06/16/2026,AUTO_MAN,7,2
06/09/2026,17,82,0,06/16/2026,AUTO_MAN,7,2
06/09/2026,18,81,0,06/16/2026,AUTO_MAN,7,2
06/09/2026,19,80,0,06/16/2026,AUTO_MAN,7,2
06/09/2026,20,78,0,06/16/2026,AUTO_MAN,7,2
06/09/2026,21,74,0,06/16/2026,AUTO_MAN,7,2
06/09/2026,22,74,0,06/16/2026,AUTO_MAN,7,2
06/09/2026,23,73,0,06/16/2026,AUTO_MAN,7,2
06/09/2026,24,74,0,06/16/2026,AUTO_MAN,7,2
06/10/2026,1,74,0,06/17/2026,AUTO_MAN,7,2
06/10/2026,2,74,0,06/17/2026,AUTO_MAN,7,2
06/10/2026,3,74,0,06/17/2026,AUTO_MAN,7,2
06/10/2026,4,70,0,06/17/2026,AUTO_MAN,7,2
06/10/2026,5,69,0,06/17/2026,AUTO_MAN,7,2
06/10/2026,6,69,0,06/17/2026,AUTO_MAN,7,2
06/10/2026,7,71,0,06/17/2026,AUTO_MAN,7,2
06/10/2026,8,74,0,06/17/2026,AUTO_MAN,7,2
06/10/2026,9,75,0,06/17/2026,AUTO_MAN,7,2
06/10/2026,10,78,0,06/17/2026,AUTO_MAN,7,2
06/10/2026,11,79,0,06/17/2026,AUTO_MAN,7,2
06/10/2026,12,82,0,06/17/2026,AUTO_MAN,7,2
06/10/2026,13,84,0,06/17/2026,AUTO_MAN,7,2
06/10/2026,14,85,0,06/17/2026,AUTO_MAN,7,2
06/10/2026,15,84,0,06/17/2026,AUTO_MAN,7,2
06/10/2026,16,85,0,06/17/2026,AUTO_MAN,7,2
06/10/2026,17,87,0,06/17/2026,AUTO_MAN,7,2
06/10/2026,18,84,0,06/17/2026,AUTO_MAN,7,2
06/10/2026,19,82,0,06/17/2026,AUTO_MAN,7,2
06/10/2026,20,74,0,06/17/2026,AUTO_MAN,7,2
06/10/2026,21,72,0,06/17/2026,AUTO_MAN,7,2
06/10/2026,22,70,0,06/17/2026,AUTO_MAN,7,2
06/10/2026,23,70,0,06/17/2026,AUTO_MAN,7,2
06/10/2026,24,69,0,06/17/2026,AUTO_MAN,7,2
06/11/2026,1,69,0,06/18/2026,AUTO_MAN,7,2
06/11/2026,2,70,0,06/18/2026,AUTO_MAN,7,2
06/11/2026,3,70,0,06/18/2026,AUTO_MAN,7,2
06/11/2026,4,72,0,06/18/2026,AUTO_MAN,7,2
06/11/2026,5,74,0,06/18/2026,AUTO_MAN,7,2
06/11/2026,6,75,0,06/18/2026,AUTO_MAN,7,2
06/11/2026,7,77,0,06/18/2026,AUTO_MAN,7,2
06/11/2026,8,79,0,06/18/2026,AUTO_MAN,7,2
06/11/2026,9,81,0,06/18/2026,AUTO_MAN,7,2
06/11/2026,10,83,0,06/18/2026,AUTO_MAN,7,2
06/11/2026,11,85,0,06/18/2026,AUTO_MAN,7,2
06/11/2026,12,85,0,06/18/2026,AUTO_MAN,7,2
06/11/2026,13,85,0,06/18/2026,AUTO_MAN,7,2
06/11/2026,14,85,0,06/18/2026,AUTO_MAN,7,2
06/11/2026,15,83,0,06/18/2026,AUTO_MAN,7,2
06/11/2026,16,82,0,06/18/2026,AUTO_MAN,7,2
06/11/2026,17,82,0,06/18/2026,AUTO_MAN,7,2
06/11/2026,18,82,0,06/18/2026,AUTO_MAN,7,2
06/11/2026,19,82,0,06/18/2026,AUTO_MAN,7,2
06/11/2026,20,78,0,06/18/2026,AUTO_MAN,7,2
06/11/2026,21,76,0,06/18/2026,AUTO_MAN,7,2
06/11/2026,22,76,0,06/18/2026,AUTO_MAN,7,2
06/11/2026,23,75,0,06/18/2026,AUTO_MAN,7,2
06/11/2026,24,76,0,06/18/2026,AUTO_MAN,7,2
06/12/2026,1,76,0,06/19/2026,AUTO_MAN,7,2
06/12/2026,2,76,0,06/19/2026,AUTO_MAN,7,2
06/12/2026,3,76,0,06/19/2026,AUTO_MAN,7,2
06/12/2026,4,73,0,06/19/2026,AUTO_MAN,7,2
06/12/2026,5,71,0,06/19/2026,AUTO_MAN,7,2
06/12/2026,6,71,0,06/19/2026,AUTO_MAN,7,2
06/12/2026,7,73,0,06/19/2026,AUTO_MAN,7,2
06/12/2026,8,72,0,06/19/2026,AUTO_MAN,7,2
06/12/2026,9,71,0,06/19/2026,AUTO_MAN,7,2
06/12/2026,10,69,0,06/19/2026,AUTO_MAN,7,2
06/12/2026,11,73,0,06/19/2026,AUTO_MAN,7,2
06/12/2026,12,78,0,06/19/2026,AUTO_MAN,7,2
06/12/2026,13,77,0,06/19/2026,AUTO_MAN,7,2
06/12/2026,14,80,0,06/19/2026,AUTO_MAN,7,2
06/12/2026,15,80,0,06/19/2026,AUTO_MAN,7,2
06/12/2026,16,81,0,06/19/2026,AUTO_MAN,7,2
06/12/2026,17,80,0,06/19/2026,AUTO_MAN,7,2
06/12/2026,18,78,0,06/19/2026,AUTO_MAN,7,2
06/12/2026,19,76,0,06/19/2026,AUTO_MAN,7,2
06/12/2026,20,71,0,06/19/2026,AUTO_MAN,7,2
06/12/2026,21,69,0,06/19/2026,AUTO_MAN,7,2
06/12/2026,22,68,0,06/19/2026,AUTO_MAN,7,2
06/12/2026,23,65,0,06/19/2026,AUTO_MAN,7,2
06/12/2026,24,64,0,06/19/2026,AUTO_MAN,7,2
06/13/2026,1,62,1,06/20/2026,AUTO_MAN,7,2
06/13/2026,2,62,1,06/20/2026,AUTO_MAN,7,2
06/13/2026,3,62,1,06/20/2026,AUTO_MAN,7,2
06/13/2026,4,59,1,06/20/2026,AUTO_MAN,7,2
06/13/2026,5,61,1,06/20/2026,AUTO_MAN,7,2
06/13/2026,6,61,1,06/20/2026,AUTO_MAN,7,2
06/13/2026,7,67,1,06/20/2026,AUTO_MAN,7,2
06/13/2026,8,71,1,06/20/2026,AUTO_MAN,7,2
06/13/2026,9,74,1,06/20/2026,AUTO_MAN,7,2
06/13/2026,10,77,1,06/20/2026,AUTO_MAN,7,2
06/13/2026,11,79,1,06/20/2026,AUTO_MAN,7,2
06/13/2026,12,79,1,06/20/2026,AUTO_MAN,7,2
06/13/2026,13,80,1,06/20/2026,AUTO_MAN,7,2
06/13/2026,14,81,1,06/20/2026,AUTO_MAN,7,2
06/13/2026,15,81,1,06/20/2026,AUTO_MAN,7,2
06/13/2026,16,81,1,06/20/2026,AUTO_MAN,7,2
06/13/2026,17,80,1,06/20/2026,AUTO_MAN,7,2
06/13/2026,18,79,1,06/20/2026,AUTO_MAN,7,2
06/13/2026,19,78,1,06/20/2026,AUTO_MAN,7,2
06/13/2026,20,75,1,06/20/2026,AUTO_MAN,7,2
06/13/2026,21,73,1,06/20/2026,AUTO_MAN,7,2
06/13/2026,22,72,1,06/20/2026,AUTO_MAN,7,2
06/13/2026,23,73,1,06/20/2026,AUTO_MAN,7,2
06/13/2026,24,72,1,06/20/2026,AUTO_MAN,7,2
06/14/2026,1,71,1,06/21/2026,AUTO_MAN,7,2
06/14/2026,2,70,1,06/21/2026,AUTO_MAN,7,2
06/14/2026,3,71,1,06/21/2026,AUTO_MAN,7,2
06/14/2026,4,69,1,06/21/2026,AUTO_MAN,7,2
06/14/2026,5,68,1,06/21/2026,AUTO_MAN,7,2
06/14/2026,6,68,1,06/21/2026,AUTO_MAN,7,2
06/14/2026,7,70,1,06/21/2026,AUTO_MAN,7,2
06/14/2026,8,70,1,06/21/2026,AUTO_MAN,7,2
06/14/2026,9,71,1,06/21/2026,AUTO_MAN,7,2
06/14/2026,10,72,1,06/21/2026,AUTO_MAN,7,2
06/14/2026,11,73,1,06/21/2026,AUTO_MAN,7,2
06/14/2026,12,77,1,06/21/2026,AUTO_MAN,7,2
06/14/2026,13,78,1,06/21/2026,AUTO_MAN,7,2
06/14/2026,14,79,1,06/21/2026,AUTO_MAN,7,2
06/14/2026,15,77,1,06/21/2026,AUTO_MAN,7,2
06/14/2026,16,63,1,06/21/2026,AUTO_MAN,7,2
06/14/2026,17,62,1,06/21/2026,AUTO_MAN,7,2
06/14/2026,18,62,1,06/21/2026,AUTO_MAN,7,2
06/14/2026,19,61,1,06/21/2026,AUTO_MAN,7,2
06/14/2026,20,61,1,06/21/2026,AUTO_MAN,7,2
06/14/2026,21,60,1,06/21/2026,AUTO_MAN,7,2
06/14/2026,22,60,1,06/21/2026,AUTO_MAN,7,2
06/14/2026,23,58,1,06/21/2026,AUTO_MAN,7,2
06/14/2026,24,57,1,06/21/2026,AUTO_MAN,7,2
06/15/2026,1,56,0,06/22/2026,AUTO_MAN,7,2
06/15/2026,2,57,0,06/22/2026,AUTO_MAN,7,2
06/15/2026,3,58,0,06/22/2026,AUTO_MAN,7,2
06/15/2026,4,57,0,06/22/2026,AUTO_MAN,7,2
06/15/2026,5,54,0,06/22/2026,AUTO_MAN,7,2
06/15/2026,6,55,0,06/22/2026,AUTO_MAN,7,2
06/15/2026,7,57,0,06/22/2026,AUTO_MAN,7,2
06/15/2026,8,59,0,06/22/2026,AUTO_MAN,7,2
06/15/2026,9,60,0,06/22/2026,AUTO_MAN,7,2
06/15/2026,10,61,0,06/22/2026,AUTO_MAN,7,2
06/15/2026,11,61,0,06/22/2026,AUTO_MAN,7,2
06/15/2026,12,64,0,06/22/2026,AUTO_MAN,7,2
06/15/2026,13,65,0,06/22/2026,AUTO_MAN,7,2
06/15/2026,14,65,0,06/22/2026,AUTO_MAN,7,2
06/15/2026,15,63,0,06/22/2026,AUTO_MAN,7,2
06/15/2026,16,65,0,06/22/2026,AUTO_MAN,7,2
06/15/2026,17,65,0,06/22/2026,AUTO_MAN,7,2
06/15/2026,18,66,0,06/22/2026,AUTO_MAN,7,2
06/15/2026,19,65,0,06/22/2026,AUTO_MAN,7,2
06/15/2026,20,62,0,06/22/2026,AUTO_MAN,7,2
06/15/2026,21,58,0,06/22/2026,AUTO_MAN,7,2
06/15/2026,22,58,0,06/22/2026,AUTO_MAN,7,2
06/15/2026,23,57,0,06/22/2026,AUTO_MAN,7,2
06/15/2026,24,56,0,06/22/2026,AUTO_MAN,7,2
06/16/2026,1,54,0,06/23/2026,AUTO_MAN,7,2
06/16/2026,2,54,0,06/23/2026,AUTO_MAN,7,2
06/16/2026,3,53,0,06/23/2026,AUTO_MAN,7,2
06/16/2026,4,52,0,06/23/2026,AUTO_MAN,7,2
06/16/2026,5,51,0,06/23/2026,AUTO_MAN,7,2
06/16/2026,6,53,0,06/23/2026,AUTO_MAN,7,2
06/16/2026,7,58,0,06/23/2026,AUTO_MAN,7,2
06/16/2026,8,62,0,06/23/2026,AUTO_MAN,7,2
06/16/2026,9,65,0,06/23/2026,AUTO_MAN,7,2
06/16/2026,10,68,0,06/23/2026,AUTO_MAN,7,2
06/16/2026,11,68,0,06/23/2026,AUTO_MAN,7,2
06/16/2026,12,70,0,06/23/2026,AUTO_MAN,7,2
06/16/2026,13,72,0,06/23/2026,AUTO_MAN,7,2
06/16/2026,14,73,0,06/23/2026,AUTO_MAN,7,2
06/16/2026,15,74,0,06/23/2026,AUTO_MAN,7,2
06/16/2026,16,73,0,06/23/2026,AUTO_MAN,7,2
06/16/2026,17,73,0,06/23/2026,AUTO_MAN,7,2
06/16/2026,18,72,0,06/23/2026,AUTO_MAN,7,2
06/16/2026,19,70,0,06/23/2026,AUTO_MAN,7,2
06/16/2026,20,69,0,06/23/2026,AUTO_MAN,7,2
06/16/2026,21,63,0,06/23/2026,AUTO_MAN,7,2
06/16/2026,22,62,0,06/23/2026,AUTO_MAN,7,2
06/16/2026,23,65,0,06/23/2026,AUTO_MAN,7,2
06/16/2026,24,57,0,06/23/2026,AUTO_MAN,7,2
06/17/2026,1,56,0,06/24/2026,AUTO_MAN,7,2
06/17/2026,2,55,0,06/24/2026,AUTO_MAN,7,2
06/17/2026,3,55,0,06/24/2026,AUTO_MAN,7,2
06/17/2026,4,55,0,06/24/2026,AUTO_MAN,7,2
06/17/2026,5,54,0,06/24/2026,AUTO_MAN,7,2
06/17/2026,6,56,0,06/24/2026,AUTO_MAN,7,2
06/17/2026,7,59,0,06/24/2026,AUTO_MAN,7,2
06/17/2026,8,62,0,06/24/2026,AUTO_MAN,7,2
06/17/2026,9,66,0,06/24/2026,AUTO_MAN,7,2
06/17/2026,10,68,0,06/24/2026,AUTO_MAN,7,2
06/17/2026,11,70,0,06/24/2026,AUTO_MAN,7,2
06/17/2026,12,72,0,06/24/2026,AUTO_MAN,7,2
06/17/2026,13,72,0,06/24/2026,AUTO_MAN,7,2
06/17/2026,14,72,0,06/24/2026,AUTO_MAN,7,2
06/17/2026,15,73,0,06/24/2026,AUTO_MAN,7,2
06/17/2026,16,72,0,06/24/2026,AUTO_MAN,7,2
06/17/2026,17,71,0,06/24/2026,AUTO_MAN,7,2
06/17/2026,18,71,0,06/24/2026,AUTO_MAN,7,2
06/17/2026,19,71,0,06/24/2026,AUTO_MAN,7,2
06/17/2026,20,66,0,06/24/2026,AUTO_MAN,7,2
06/17/2026,21,66,0,06/24/2026,AUTO_MAN,7,2
06/17/2026,22,68,0,06/24/2026,AUTO_MAN,7,2
06/17/2026,23,67,0,06/24/2026,AUTO_MAN,7,2
06/17/2026,24,66,0,06/24/2026,AUTO_MAN,7,2
06/18/2026,1,67,0,06/25/2026,AUTO_MAN,7,2
06/18/2026,2,68,0,06/25/2026,AUTO_MAN,7,2
06/18/2026,3,70,0,06/25/2026,AUTO_MAN,7,2
06/18/2026,4,70,0,06/25/2026,AUTO_MAN,7,2
06/18/2026,5,69,0,06/25/2026,AUTO_MAN,7,2
06/18/2026,6,69,0,06/25/2026,AUTO_MAN,7,2
06/18/2026,7,70,0,06/25/2026,AUTO_MAN,7,2
06/18/2026,8,73,0,06/25/2026,AUTO_MAN,7,2
06/18/2026,9,73,0,06/25/2026,AUTO_MAN,7,2
06/18/2026,10,75,0,06/25/2026,AUTO_MAN,7,2
06/18/2026,11,76,0,06/25/2026,AUTO_MAN,7,2
06/18/2026,12,77,0,06/25/2026,AUTO_MAN,7,2
06/18/2026,13,77,0,06/25/2026,AUTO_MAN,7,2
06/18/2026,14,77,0,06/25/2026,AUTO_MAN,7,2
06/18/2026,15,77,0,06/25/2026,AUTO_MAN,7,2
06/18/2026,16,75,0,06/25/2026,AUTO_MAN,7,2
06/18/2026,17,75,0,06/25/2026,AUTO_MAN,7,2
06/18/2026,18,72,0,06/25/2026,AUTO_MAN,7,2
06/18/2026,19,70,0,06/25/2026,AUTO_MAN,7,2
06/18/2026,20,66,0,06/25/2026,AUTO_MAN,7,2
06/18/2026,21,64,0,06/25/2026,AUTO_MAN,7,2
06/18/2026,22,61,0,06/25/2026,AUTO_MAN,7,2
06/18/2026,23,59,0,06/25/2026,AUTO_MAN,7,2
06/18/2026,24,58,0,06/25/2026,AUTO_MAN,7,2
06/19/2026,1,56,0,06/26/2026,AUTO_MAN,7,2
06/19/2026,2,56,0,06/26/2026,AUTO_MAN,7,2
06/19/2026,3,54,0,06/26/2026,AUTO_MAN,7,2
06/19/2026,4,54,0,06/26/2026,AUTO_MAN,7,2
06/19/2026,5,53,0,06/26/2026,AUTO_MAN,7,2
06/19/2026,6,55,0,06/26/2026,AUTO_MAN,7,2
06/19/2026,7,58,0,06/26/2026,AUTO_MAN,7,2
06/19/2026,8,62,0,06/26/2026,AUTO_MAN,7,2
06/19/2026,9,67,0,06/26/2026,AUTO_MAN,7,2
06/19/2026,10,69,0,06/26/2026,AUTO_MAN,7,2
06/19/2026,11,68,0,06/26/2026,AUTO_MAN,7,2
06/19/2026,12,72,0,06/26/2026,AUTO_MAN,7,2
06/19/2026,13,73,0,06/26/2026,AUTO_MAN,7,2
06/19/2026,14,71,0,06/26/2026,AUTO_MAN,7,2
06/19/2026,15,75,0,06/26/2026,AUTO_MAN,7,2
06/19/2026,16,74,0,06/26/2026,AUTO_MAN,7,2
06/19/2026,17,72,0,06/26/2026,AUTO_MAN,7,2
06/19/2026,18,72,0,06/26/2026,AUTO_MAN,7,2
06/19/2026,19,70,0,06/26/2026,AUTO_MAN,7,2
06/19/2026,20,65,0,06/26/2026,AUTO_MAN,7,2
06/19/2026,21,63,0,06/26/2026,AUTO_MAN,7,2
06/19/2026,22,64,0,06/26/2026,AUTO_MAN,7,2
06/19/2026,23,59,0,06/26/2026,AUTO_MAN,7,2
06/19/2026,24,59,0,06/26/2026,AUTO_MAN,7,2
06/20/2026,1,58,1,06/27/2026,AUTO_MAN,7,2
06/20/2026,2,56,1,06/27/2026,AUTO_MAN,7,2
06/20/2026,3,57,1,06/27/2026,AUTO_MAN,7,2
06/20/2026,4,54,1,06/27/2026,AUTO_MAN,7,2
06/20/2026,5,55,1,06/27/2026,AUTO_MAN,7,2
06/20/2026,6,56,1,06/27/2026,AUTO_MAN,7,2
06/20/2026,7,61,1,06/27/2026,AUTO_MAN,7,2
06/20/2026,8,65,1,06/27/2026,AUTO_MAN,7,2
06/20/2026,9,68,1,06/27/2026,AUTO_MAN,7,2
06/20/2026,10,70,1,06/27/2026,AUTO_MAN,7,2
06/20/2026,11,69,1,06/27/2026,AUTO_MAN,7,2
06/20/2026,12,71,1,06/27/2026,AUTO_MAN,7,2
06/20/2026,13,73,1,06/27/2026,AUTO_MAN,7,2
06/20/2026,14,73,1,06/27/2026,AUTO_MAN,7,2
06/20/2026,15,77,1,06/27/2026,AUTO_MAN,7,2
06/20/2026,16,76,1,06/27/2026,AUTO_MAN,7,2
06/20/2026,17,77,1,06/27/2026,AUTO_MAN,7,2
06/20/2026,18,74,1,06/27/2026,AUTO_MAN,7,2
06/20/2026,19,72,1,06/27/2026,AUTO_MAN,7,2
06/20/2026,20,68,1,06/27/2026,AUTO_MAN,7,2
06/20/2026,21,66,1,06/27/2026,AUTO_MAN,7,2
06/20/2026,22,63,1,06/27/2026,AUTO_MAN,7,2
06/20/2026,23,64,1,06/27/2026,AUTO_MAN,7,2
06/20/2026,24,62,1,06/27/2026,AUTO_MAN,7,2
06/21/2026,1,59,1,06/28/2026,AUTO_MAN,7,2
06/21/2026,2,58,1,06/28/2026,AUTO_MAN,7,2
06/21/2026,3,56,1,06/28/2026,AUTO_MAN,7,2
06/21/2026,4,55,1,06/28/2026,AUTO_MAN,7,2
06/21/2026,5,55,1,06/28/2026,AUTO_MAN,7,2
06/21/2026,6,57,1,06/28/2026,AUTO_MAN,7,2
06/21/2026,7,61,1,06/28/2026,AUTO_MAN,7,2
06/21/2026,8,66,1,06/28/2026,AUTO_MAN,7,2
06/21/2026,9,67,1,06/28/2026,AUTO_MAN,7,2
06/21/2026,10,68,1,06/28/2026,AUTO_MAN,7,2
06/21/2026,11,70,1,06/28/2026,AUTO_MAN,7,2
06/21/2026,12,70,1,06/28/2026,AUTO_MAN,7,2
06/21/2026,13,70,1,06/28/2026,AUTO_MAN,7,2
06/21/2026,14,73,1,06/28/2026,AUTO_MAN,7,2
06/21/2026,15,73,1,06/28/2026,AUTO_MAN,7,2
06/21/2026,16,72,1,06/28/2026,AUTO_MAN,7,2
06/21/2026,17,71,1,06/28/2026,AUTO_MAN,7,2
06/21/2026,18,71,1,06/28/2026,AUTO_MAN,7,2
06/21/2026,19,69,1,06/28/2026,AUTO_MAN,7,2
06/21/2026,20,67,1,06/28/2026,AUTO_MAN,7,2
06/21/2026,21,67,1,06/28/2026,AUTO_MAN,7,2
06/21/2026,22,65,1,06/28/2026,AUTO_MAN,7,2
06/21/2026,23,64,1,06/28/2026,AUTO_MAN,7,2
06/21/2026,24,64,1,06/28/2026,AUTO_MAN,7,2
06/22/2026,1,65,0,06/29/2026,AUTO_MAN,7,2
06/22/2026,2,64,0,06/29/2026,AUTO_MAN,7,2
06/22/2026,3,62,0,06/29/2026,AUTO_MAN,7,2
06/22/2026,4,62,0,06/29/2026,AUTO_MAN,7,2
06/22/2026,5,60,0,06/29/2026,AUTO_MAN,7,2
06/22/2026,6,60,0,06/29/2026,AUTO_MAN,7,2
06/22/2026,7,60,0,06/29/2026,AUTO_MAN,7,2
06/22/2026,8,60,0,06/29/2026,AUTO_MAN,7,2
06/22/2026,9,60,0,06/29/2026,AUTO_MAN,7,2
06/22/2026,10,61,0,06/29/2026,AUTO_MAN,7,2
06/22/2026,11,61,0,06/29/2026,AUTO_MAN,7,2
06/22/2026,12,61,0,06/29/2026,AUTO_MAN,7,2
06/22/2026,13,62,0,06/29/2026,AUTO_MAN,7,2
06/22/2026,14,63,0,06/29/2026,AUTO_MAN,7,2
06/22/2026,15,66,0,06/29/2026,AUTO_MAN,7,2
06/22/2026,16,65,0,06/29/2026,AUTO_MAN,7,2
06/22/2026,17,64,0,06/29/2026,AUTO_MAN,7,2
06/22/2026,18,63,0,06/29/2026,AUTO_MAN,7,2
06/22/2026,19,63,0,06/29/2026,AUTO_MAN,7,2
06/22/2026,20,62,0,06/29/2026,AUTO_MAN,7,2
06/22/2026,21,61,0,06/29/2026,AUTO_MAN,7,2
06/22/2026,22,60,0,06/29/2026,AUTO_MAN,7,2
06/22/2026,23,59,0,06/29/2026,AUTO_MAN,7,2
06/22/2026,24,59,0,06/29/2026,AUTO_MAN,7,2
06/23/2026,1,59,0,06/30/2026,AUTO_MAN,7,2
06/23/2026,2,58,0,06/30/2026,AUTO_MAN,7,2
06/23/2026,3,57,0,06/30/2026,AUTO_MAN,7,2
06/23/2026,4,58,0,06/30/2026,AUTO_MAN,7,2
06/23/2026,5,58,0,06/30/2026,AUTO_MAN,7,2
06/23/2026,6,57,0,06/30/2026,AUTO_MAN,7,2
06/23/2026,7,59,0,06/30/2026,AUTO_MAN,7,2
06/23/2026,8,63,0,06/30/2026,AUTO_MAN,7,2
06/23/2026,9,66,0,06/30/2026,AUTO_MAN,7,2
06/23/2026,10,68,0,06/30/2026,AUTO_MAN,7,2
06/23/2026,11,70,0,06/30/2026,AUTO_MAN,7,2
06/23/2026,12,72,0,06/30/2026,AUTO_MAN,7,2
06/23/2026,13,72,0,06/30/2026,AUTO_MAN,7,2
06/23/2026,14,73,0,06/30/2026,AUTO_MAN,7,2
06/23/2026,15,72,0,06/30/2026,AUTO_MAN,7,2
06/23/2026,16,71,0,06/30/2026,AUTO_MAN,7,2
06/23/2026,17,72,0,06/30/2026,AUTO_MAN,7,2
06/23/2026,18,71,0,06/30/2026,AUTO_MAN,7,2
06/23/2026,19,68,0,06/30/2026,AUTO_MAN,7,2
06/23/2026,20,63,0,06/30/2026,AUTO_MAN,7,2
06/23/2026,21,63,0,06/30/2026,AUTO_MAN,7,2
06/23/2026,22,61,0,06/30/2026,AUTO_MAN,7,2
06/23/2026,23,59,0,06/30/2026,AUTO_MAN,7,2
06/23/2026,24,58,0,06/30/2026,AUTO_MAN,7,2
06/24/2026,1,58,0,07/01/2026,AUTO_MAN,7,2
06/24/2026,2,55,0,07/01/2026,AUTO_MAN,7,2
06/24/2026,3,54,0,07/01/2026,AUTO_MAN,7,2
06/24/2026,4,53,0,07/01/2026,AUTO_MAN,7,2
06/24/2026,5,51,0,07/01/2026,AUTO_MAN,7,2
06/24/2026,6,54,0,07/01/2026,AUTO_MAN,7,2
06/24/2026,7,60,0,07/01/2026,AUTO_MAN,7,2
06/24/2026,8,63,0,07/01/2026,AUTO_MAN,7,2
06/24/2026,9,68,0,07/01/2026,AUTO_MAN,7,2
06/24/2026,10,69,0,07/01/2026,AUTO_MAN,7,2
06/24/2026,11,70,0,07/01/2026,AUTO_MAN,7,2
06/24/2026,12,71,0,07/01/2026,AUTO_MAN,7,2
06/24/2026,13,72,0,07/01/2026,AUTO_MAN,7,2
06/24/2026,14,74,0,07/01/2026,AUTO_MAN,7,2
06/24/2026,15,74,0,07/01/2026,AUTO_MAN,7,2
06/24/2026,16,75,0,07/01/2026,AUTO_MAN,7,2
06/24/2026,17,75,0,07/01/2026,AUTO_MAN,7,2
06/24/2026,18,74,0,07/01/2026,AUTO_MAN,7,2
06/24/2026,19,73,0,07/01/2026,AUTO_MAN,7,2
06/24/2026,20,71,0,07/01/2026,AUTO_MAN,7,2
06/24/2026,21,69,0,07/01/2026,AUTO_MAN,7,2
06/24/2026,22,67,0,07/01/2026,AUTO_MAN,7,2
06/24/2026,23,66,0,07/01/2026,AUTO_MAN,7,2
06/24/2026,24,66,0,07/01/2026,AUTO_MAN,7,2
06/25/2026,1,64,0,07/02/2026,AUTO_MAN,7,2
06/25/2026,2,66,0,07/02/2026,AUTO_MAN,7,2
06/25/2026,3,65,0,07/02/2026,AUTO_MAN,7,2
06/25/2026,4,65,0,07/02/2026,AUTO_MAN,7,2
06/25/2026,5,64,0,07/02/2026,AUTO_MAN,7,2
06/25/2026,6,65,0,07/02/2026,AUTO_MAN,7,2
06/25/2026,7,65,0,07/02/2026,AUTO_MAN,7,2
06/25/2026,8,66,0,07/02/2026,AUTO_MAN,7,2
06/25/2026,9,66,0,07/02/2026,AUTO_MAN,7,2
06/25/2026,10,63,0,07/02/2026,AUTO_MAN,7,2
06/25/2026,11,66,0,07/02/2026,AUTO_MAN,7,2
06/25/2026,12,64,0,07/02/2026,AUTO_MAN,7,2
06/25/2026,13,67,0,07/02/2026,AUTO_MAN,7,2
06/25/2026,14,72,0,07/02/2026,AUTO_MAN,7,2
06/25/2026,15,76,0,07/02/2026,AUTO_MAN,7,2
06/25/2026,16,76,0,07/02/2026,AUTO_MAN,7,2
06/25/2026,17,66,0,07/02/2026,AUTO_MAN,7,2
06/25/2026,18,70,0,07/02/2026,AUTO_MAN,7,2
06/25/2026,19,70,0,07/02/2026,AUTO_MAN,7,2
06/25/2026,20,66,0,07/02/2026,AUTO_MAN,7,2
06/25/2026,21,66,0,07/02/2026,AUTO_MAN,7,2
06/25/2026,22,65,0,07/02/2026,AUTO_MAN,7,2
06/25/2026,23,65,0,07/02/2026,AUTO_MAN,7,2
06/25/2026,24,64,0,07/02/2026,AUTO_MAN,7,2
06/26/2026,1,64,0,07/03/2026,AUTO_MAN,7,2
06/26/2026,2,63,0,07/03/2026,AUTO_MAN,7,2
06/26/2026,3,62,0,07/03/2026,AUTO_MAN,7,2
06/26/2026,4,60,0,07/03/2026,AUTO_MAN,7,2
06/26/2026,5,59,0,07/03/2026,AUTO_MAN,7,2
06/26/2026,6,60,0,07/03/2026,AUTO_MAN,7,2
06/26/2026,7,64,0,07/03/2026,AUTO_MAN,7,2
06/26/2026,8,67,0,07/03/2026,AUTO_MAN,7,2
06/26/2026,9,70,0,07/03/2026,AUTO_MAN,7,2
06/26/2026,10,72,0,07/03/2026,AUTO_MAN,7,2
06/26/2026,11,73,0,07/03/2026,AUTO_MAN,7,2
06/26/2026,12,74,0,07/03/2026,AUTO_MAN,7,2
06/26/2026,13,75,0,07/03/2026,AUTO_MAN,7,2
06/26/2026,14,77,0,07/03/2026,AUTO_MAN,7,2
06/26/2026,15,76,0,07/03/2026,AUTO_MAN,7,2
06/26/2026,16,75,0,07/03/2026,AUTO_MAN,7,2
06/26/2026,17,74,0,07/03/2026,AUTO_MAN,7,2
06/26/2026,18,72,0,07/03/2026,AUTO_MAN,7,2
06/26/2026,19,71,0,07/03/2026,AUTO_MAN,7,2
06/26/2026,20,70,0,07/03/2026,AUTO_MAN,7,2
06/26/2026,21,68,0,07/03/2026,AUTO_MAN,7,2
06/26/2026,22,67,0,07/03/2026,AUTO_MAN,7,2
06/26/2026,23,66,0,07/03/2026,AUTO_MAN,7,2
06/26/2026,24,66,0,07/03/2026,AUTO_MAN,7,2
06/27/2026,1,65,1,07/04/2026,AUTO_MAN,7,2
06/27/2026,2,65,1,07/04/2026,AUTO_MAN,7,2
06/27/2026,3,64,1,07/04/2026,AUTO_MAN,7,2
06/27/2026,4,64,1,07/04/2026,AUTO_MAN,7,2
06/27/2026,5,64,1,07/04/2026,AUTO_MAN,7,2
06/27/2026,6,63,1,07/04/2026,AUTO_MAN,7,2
06/27/2026,7,64,1,07/04/2026,AUTO_MAN,7,2
06/27/2026,8,66,1,07/04/2026,AUTO_MAN,7,2
06/27/2026,9,66,1,07/04/2026,AUTO_MAN,7,2
06/27/2026,10,66,1,07/04/2026,AUTO_MAN,7,2
06/27/2026,11,68,1,07/04/2026,AUTO_MAN,7,2
06/27/2026,12,69,1,07/04/2026,AUTO_MAN,7,2
06/27/2026,13,68,1,07/04/2026,AUTO_MAN,7,2
06/27/2026,14,69,1,07/04/2026,AUTO_MAN,7,2
06/27/2026,15,70,1,07/04/2026,AUTO_MAN,7,2
06/27/2026,16,70,1,07/04/2026,AUTO_MAN,7,2
06/27/2026,17,71,1,07/04/2026,AUTO_MAN,7,2
06/27/2026,18,71,1,07/04/2026,AUTO_MAN,7,2
06/27/2026,19,71,1,07/04/2026,AUTO_MAN,7,2
06/27/2026,20,70,1,07/04/2026,AUTO_MAN,7,2
06/27/2026,21,68,1,07/04/2026,AUTO_MAN,7,2
06/27/2026,22,66,1,07/04/2026,AUTO_MAN,7,2
06/27/2026,23,67,1,07/04/2026,AUTO_MAN,7,2
06/27/2026,24,66,1,07/04/2026,AUTO_MAN,7,2
06/28/2026,1,67,1,07/05/2026,AUTO_MAN,7,2
06/28/2026,2,67,1,07/05/2026,AUTO_MAN,7,2
06/28/2026,3,67,1,07/05/2026,AUTO_MAN,7,2
06/28/2026,4,67,1,07/05/2026,AUTO_MAN,7,2
06/28/2026,5,67,1,07/05/2026,AUTO_MAN,7,2
06/28/2026,6,67,1,07/05/2026,AUTO_MAN,7,2
06/28/2026,7,67,1,07/05/2026,AUTO_MAN,7,2
06/28/2026,8,68,1,07/05/2026,AUTO_MAN,7,2
06/28/2026,9,70,1,07/05/2026,AUTO_MAN,7,2
06/28/2026,10,72,1,07/05/2026,AUTO_MAN,7,2
06/28/2026,11,74,1,07/05/2026,AUTO_MAN,7,2
06/28/2026,12,74,1,07/05/2026,AUTO_MAN,7,2
06/28/2026,13,77,1,07/05/2026,AUTO_MAN,7,2
06/28/2026,14,78,1,07/05/2026,AUTO_MAN,7,2
06/28/2026,15,79,1,07/05/2026,AUTO_MAN,7,2
06/28/2026,16,80,1,07/05/2026,AUTO_MAN,7,2
06/28/2026,17,81,1,07/05/2026,AUTO_MAN,7,2
06/28/2026,18,81,1,07/05/2026,AUTO_MAN,7,2
06/28/2026,19,79,1,07/05/2026,AUTO_MAN,7,2
06/28/2026,20,77,1,07/05/2026,AUTO_MAN,7,2
06/28/2026,21,75,1,07/05/2026,AUTO_MAN,7,2
06/28/2026,22,75,1,07/05/2026,AUTO_MAN,7,2
06/28/2026,23,72,1,07/05/2026,AUTO_MAN,7,2
06/28/2026,24,72,1,07/05/2026,AUTO_MAN,7,2
06/29/2026,1,71,0,07/06/2026,AUTO_MAN,7,2
06/29/2026,2,69,0,07/06/2026,AUTO_MAN,7,2
06/29/2026,3,68,0,07/06/2026,AUTO_MAN,7,2
06/29/2026,4,68,0,07/06/2026,AUTO_MAN,7,2
06/29/2026,5,68,0,07/06/2026,AUTO_MAN,7,2
06/29/2026,6,69,0,07/06/2026,AUTO_MAN,7,2
06/29/2026,7,73,0,07/06/2026,AUTO_MAN,7,2
06/29/2026,8,77,0,07/06/2026,AUTO_MAN,7,2
06/29/2026,9,80,0,07/06/2026,AUTO_MAN,7,2
06/29/2026,10,81,0,07/06/2026,AUTO_MAN,7,2
06/29/2026,11,81,0,07/06/2026,AUTO_MAN,7,2
06/29/2026,12,83,0,07/06/2026,AUTO_MAN,7,2
06/29/2026,13,86,0,07/06/2026,AUTO_MAN,7,2
06/29/2026,14,87,0,07/06/2026,AUTO_MAN,7,2
06/29/2026,15,87,0,07/06/2026,AUTO_MAN,7,2
06/29/2026,16,88,0,07/06/2026,AUTO_MAN,7,2
06/29/2026,17,88,0,07/06/2026,AUTO_MAN,7,2
06/29/2026,18,87,0,07/06/2026,AUTO_MAN,7,2
06/29/2026,19,85,0,07/06/2026,AUTO_MAN,7,2
06/29/2026,20,81,0,07/06/2026,AUTO_MAN,7,2
06/29/2026,21,79,0,07/06/2026,AUTO_MAN,7,2
06/29/2026,22,78,0,07/06/2026,AUTO_MAN,7,2
06/29/2026,23,77,0,07/06/2026,AUTO_MAN,7,2
06/29/2026,24,77,0,07/06/2026,AUTO_MAN,7,2
06/30/2026,1,76,0,07/07/2026,AUTO_MAN,7,2
06/30/2026,2,76,0,07/07/2026,AUTO_MAN,7,2
06/30/2026,3,75,0,07/07/2026,AUTO_MAN,7,2
06/30/2026,4,75,0,07/07/2026,AUTO_MAN,7,2
06/30/2026,5,74,0,07/07/2026,AUTO_MAN,7,2
06/30/2026,6,75,0,07/07/2026,AUTO_MAN,7,2
06/30/2026,7,78,0,07/07/2026,AUTO_MAN,7,2
06/30/2026,8,80,0,07/07/2026,AUTO_MAN,7,2
06/30/2026,9,83,0,07/07/2026,AUTO_MAN,7,2
06/30/2026,10,84,0,07/07/2026,AUTO_MAN,7,2
06/30/2026,11,87,0,07/07/2026,AUTO_MAN,7,2
06/30/2026,12,87,0,07/07/2026,AUTO_MAN,7,2
06/30/2026,13,89,0,07/07/2026,AUTO_MAN,7,2
06/30/2026,14,90,0,07/07/2026,AUTO_MAN,7,2
06/30/2026,15,90,0,07/07/2026,AUTO_MAN,7,2
06/30/2026,16,90,0,07/07/2026,AUTO_MAN,7,2
06/30/2026,17,90,0,07/07/2026,AUTO_MAN,7,2
06/30/2026,18,88,0,07/07/2026,AUTO_MAN,7,2
06/30/2026,19,87,0,07/07/2026,AUTO_MAN,7,2
06/30/2026,20,83,0,07/07/2026,AUTO_MAN,7,2
06/30/2026,21,81,0,07/07/2026,AUTO_MAN,7,2
06/30/2026,22,80,0,07/07/2026,AUTO_MAN,7,2
06/30/2026,23,79,0,07/07/2026,AUTO_MAN,7,2
06/30/2026,24,78,0,07/07/2026,AUTO_MAN,7,2
07/01/2026,1,76,0,07/07/2026,AUTO_MAN,7,2
07/01/2026,2,75,0,07/07/2026,AUTO_MAN,7,2
07/01/2026,3,75,0,07/07/2026,AUTO_MAN,7,2
07/01/2026,4,75,0,07/07/2026,AUTO_MAN,7,2
07/01/2026,5,73,0,07/07/2026,AUTO_MAN,7,2
07/01/2026,6,75,0,07/07/2026,AUTO_MAN,7,2
07/01/2026,7,77,0,07/07/2026,AUTO_MAN,7,2
07/01/2026,8,81,0,07/07/2026,AUTO_MAN,7,2
07/01/2026,9,83,0,07/07/2026,AUTO_MAN,7,2
07/01/2026,10,85,0,07/07/2026,AUTO_MAN,7,2
07/01/2026,11,87,0,07/07/2026,AUTO_MAN,7,2
07/01/2026,12,90,0,07/07/2026,AUTO_MAN,7,2
07/01/2026,13,92,0,07/07/2026,AUTO_MAN,7,2
07/01/2026,14,93,0,07/07/2026,AUTO_MAN,7,2
07/01/2026,15,94,0,07/07/2026,AUTO_MAN,7,2
07/01/2026,16,94,0,07/07/2026,AUTO_MAN,7,2
07/01/2026,17,93,0,07/07/2026,AUTO_MAN,7,2
07/01/2026,18,92,0,07/07/2026,AUTO_MAN,7,2
07/01/2026,19,90,0,07/07/2026,AUTO_MAN,7,2
07/01/2026,20,86,0,07/07/2026,AUTO_MAN,7,2
07/01/2026,21,82,0,07/07/2026,AUTO_MAN,7,2
07/01/2026,22,81,0,07/07/2026,AUTO_MAN,7,2
07/01/2026,23,78,0,07/07/2026,AUTO_MAN,7,2
07/01/2026,24,77,0,07/07/2026,AUTO_MAN,7,2
07/02/2026,1,77,0,07/07/2026,AUTO_MAN,7,2
07/02/2026,2,76,0,07/07/2026,AUTO_MAN,7,2
07/02/2026,3,74,0,07/07/2026,AUTO_MAN,7,2
07/02/2026,4,74,0,07/07/2026,AUTO_MAN,7,2
07/02/2026,5,72,0,07/07/2026,AUTO_MAN,7,2
07/02/2026,6,74,0,07/07/2026,AUTO_MAN,7,2
07/02/2026,7,77,0,07/07/2026,AUTO_MAN,7,2
07/02/2026,8,81,0,07/07/2026,AUTO_MAN,7,2
07/02/2026,9,84,0,07/07/2026,AUTO_MAN,7,2
07/02/2026,10,86,0,07/07/2026,AUTO_MAN,7,2
07/02/2026,11,87,0,07/07/2026,AUTO_MAN,7,2
07/02/2026,12,89,0,07/07/2026,AUTO_MAN,7,2
07/02/2026,13,90,0,07/07/2026,AUTO_MAN,7,2
07/02/2026,14,91,0,07/07/2026,AUTO_MAN,7,2
07/02/2026,15,92,0,07/07/2026,AUTO_MAN,7,2
07/02/2026,16,92,0,07/07/2026,AUTO_MAN,7,2
07/02/2026,17,92,0,07/07/2026,AUTO_MAN,7,2
07/02/2026,18,90,0,07/07/2026,AUTO_MAN,7,2
07/02/2026,19,88,0,07/07/2026,AUTO_MAN,7,2
07/02/2026,20,85,0,07/07/2026,AUTO_MAN,7,2
07/02/2026,21,83,0,07/07/2026,AUTO_MAN,7,2
07/02/2026,22,81,0,07/07/2026,AUTO_MAN,7,2
07/02/2026,23,80,0,07/07/2026,AUTO_MAN,7,2
07/02/2026,24,80,0,07/07/2026,AUTO_MAN,7,2
07/03/2026,1,80,1,07/07/2026,AUTO_MAN,7,2
07/03/2026,2,77,1,07/07/2026,AUTO_MAN,7,2
07/03/2026,3,76,1,07/07/2026,AUTO_MAN,7,2
07/03/2026,4,76,1,07/07/2026,AUTO_MAN,7,2
07/03/2026,5,75,1,07/07/2026,AUTO_MAN,7,2
07/03/2026,6,76,1,07/07/2026,AUTO_MAN,7,2
07/03/2026,7,80,1,07/07/2026,AUTO_MAN,7,2
07/03/2026,8,82,1,07/07/2026,AUTO_MAN,7,2
07/03/2026,9,85,1,07/07/2026,AUTO_MAN,7,2
07/03/2026,10,88,1,07/07/2026,AUTO_MAN,7,2
07/03/2026,11,89,1,07/07/2026,AUTO_MAN,7,2
07/03/2026,12,92,1,07/07/2026,AUTO_MAN,7,2
07/03/2026,13,93,1,07/07/2026,AUTO_MAN,7,2
07/03/2026,14,92,1,07/07/2026,AUTO_MAN,7,2
07/03/2026,15,94,1,07/07/2026,AUTO_MAN,7,2
07/03/2026,16,93,1,07/07/2026,AUTO_MAN,7,2
07/03/2026,17,92,1,07/07/2026,AUTO_MAN,7,2
07/03/2026,18,91,1,07/07/2026,AUTO_MAN,7,2
07/03/2026,19,88,1,07/07/2026,AUTO_MAN,7,2
07/03/2026,20,85,1,07/07/2026,AUTO_MAN,7,2
07/03/2026,21,72,1,07/07/2026,AUTO_MAN,7,2
07/03/2026,22,71,1,07/07/2026,AUTO_MAN,7,2
07/03/2026,23,71,1,07/07/2026,AUTO_MAN,7,2
07/03/2026,24,69,1,07/07/2026,AUTO_MAN,7,2
07/04/2026,1,70,1,07/07/2026,AUTO_MAN,7,2
07/04/2026,2,70,1,07/07/2026,AUTO_MAN,7,2
07/04/2026,3,70,1,07/07/2026,AUTO_MAN,7,2
07/04/2026,4,69,1,07/07/2026,AUTO_MAN,7,2
07/04/2026,5,69,1,07/07/2026,AUTO_MAN,7,2
07/04/2026,6,70,1,07/07/2026,AUTO_MAN,7,2
07/04/2026,7,72,1,07/07/2026,AUTO_MAN,7,2
07/04/2026,8,76,1,07/07/2026,AUTO_MAN,7,2
07/04/2026,9,79,1,07/07/2026,AUTO_MAN,7,2
07/04/2026,10,81,1,07/07/2026,AUTO_MAN,7,2
07/04/2026,11,84,1,07/07/2026,AUTO_MAN,7,2
07/04/2026,12,87,1,07/07/2026,AUTO_MAN,7,2
07/04/2026,13,88,1,07/07/2026,AUTO_MAN,7,2
07/04/2026,14,89,1,07/07/2026,AUTO_MAN,7,2
07/04/2026,15,84,1,07/07/2026,AUTO_MAN,7,2
07/04/2026,16,73,1,07/07/2026,AUTO_MAN,7,2
07/04/2026,17,72,1,07/07/2026,AUTO_MAN,7,2
07/04/2026,18,77,1,07/07/2026,AUTO_MAN,7,2
07/04/2026,19,77,1,07/07/2026,AUTO_MAN,7,2
07/04/2026,20,75,1,07/07/2026,AUTO_MAN,7,2
07/04/2026,21,74,1,07/07/2026,AUTO_MAN,7,2
07/04/2026,22,73,1,07/07/2026,AUTO_MAN,7,2
07/04/2026,23,72,1,07/07/2026,AUTO_MAN,7,2
07/04/2026,24,72,1,07/07/2026,AUTO_MAN,7,2
07/05/2026,1,71,1,07/07/2026,AUTO_MAN,7,2
07/05/2026,2,72,1,07/07/2026,AUTO_MAN,7,2
07/05/2026,3,71,1,07/07/2026,AUTO_MAN,7,2
07/05/2026,4,70,1,07/07/2026,AUTO_MAN,7,2
07/05/2026,5,71,1,07/07/2026,AUTO_MAN,7,2
07/05/2026,6,71,1,07/07/2026,AUTO_MAN,7,2
07/05/2026,7,73,1,07/07/2026,AUTO_MAN,7,2
07/05/2026,8,75,1,07/07/2026,AUTO_MAN,7,2
07/05/2026,9,77,1,07/07/2026,AUTO_MAN,7,2
07/05/2026,10,78,1,07/07/2026,AUTO_MAN,7,2
07/05/2026,11,79,1,07/07/2026,AUTO_MAN,7,2
07/05/2026,12,80,1,07/07/2026,AUTO_MAN,7,2
07/05/2026,13,73,1,07/07/2026,AUTO_MAN,7,2
07/05/2026,14,74,1,07/07/2026,AUTO_MAN,7,2
07/05/2026,15,76,1,07/07/2026,AUTO_MAN,7,2
07/05/2026,16,79,1,07/07/2026,AUTO_MAN,7,2
07/05/2026,17,77,1,07/07/2026,AUTO_MAN,7,2
07/05/2026,18,75,1,07/07/2026,AUTO_MAN,7,2
07/05/2026,19,75,1,07/07/2026,AUTO_MAN,7,2
07/05/2026,20,74,1,07/07/2026,AUTO_MAN,7,2
07/05/2026,21,73,1,07/07/2026,AUTO_MAN,7,2
07/05/2026,22,72,1,07/07/2026,AUTO_MAN,7,2
07/05/2026,23,71,1,07/07/2026,AUTO_MAN,7,2
07/05/2026,24,71,1,07/07/2026,AUTO_MAN,7,2
07/06/2026,1,70,0,07/07/2026,AUTO_MAN,7,2
07/06/2026,2,69,0,07/07/2026,AUTO_MAN,7,2
07/06/2026,3,69,0,07/07/2026,AUTO_MAN,7,2
07/06/2026,4,68,0,07/07/2026,AUTO_MAN,7,2
07/06/2026,5,68,0,07/07/2026,AUTO_MAN,7,2
07/06/2026,6,69,0,07/07/2026,AUTO_MAN,7,2
07/06/2026,7,70,0,07/07/2026,AUTO_MAN,7,2
07/06/2026,8,70,0,07/07/2026,AUTO_MAN,7,2
07/06/2026,9,72,0,07/07/2026,AUTO_MAN,7,2
07/06/2026,10,76,0,07/07/2026,AUTO_MAN,7,2
07/06/2026,11,78,0,07/07/2026,AUTO_MAN,7,2
07/06/2026,12,81,0,07/07/2026,AUTO_MAN,7,2
07/06/2026,13,81,0,07/07/2026,AUTO_MAN,7,2
07/06/2026,14,84,0,07/07/2026,AUTO_MAN,7,2
07/06/2026,15,85,0,07/07/2026,AUTO_MAN,7,2
07/06/2026,16,83,0,07/07/2026,AUTO_MAN,7,2
07/06/2026,17,77,0,07/07/2026,AUTO_MAN,7,2
07/06/2026,18,76,0,07/07/2026,AUTO_MAN,7,2
07/06/2026,19,75,0,07/07/2026,AUTO_MAN,7,2
07/06/2026,20,73,0,07/07/2026,AUTO_MAN,7,2
07/06/2026,21,73,0,07/07/2026,AUTO_MAN,7,2
07/06/2026,22,72,0,07/07/2026,AUTO_MAN,7,2
07/06/2026,23,71,0,07/07/2026,AUTO_MAN,7,2
07/06/2026,24,70,0,07/07/2026,AUTO_MAN,7,2
06/08/2026,1,62,0,06/15/2026,AUTO_MAN,8,2
06/08/2026,2,60,0,06/15/2026,AUTO_MAN,8,2
06/08/2026,3,56,0,06/15/2026,AUTO_MAN,8,2
06/08/2026,4,56,0,06/15/2026,AUTO_MAN,8,2
06/08/2026,5,55,0,06/15/2026,AUTO_MAN,8,2
06/08/2026,6,59,0,06/15/2026,AUTO_MAN,8,2
06/08/2026,7,67,0,06/15/2026,AUTO_MAN,8,2
06/08/2026,8,72,0,06/15/2026,AUTO_MAN,8,2
06/08/2026,9,77,0,06/15/2026,AUTO_MAN,8,2
06/08/2026,10,81,0,06/15/2026,AUTO_MAN,8,2
06/08/2026,11,82,0,06/15/2026,AUTO_MAN,8,2
06/08/2026,12,84,0,06/15/2026,AUTO_MAN,8,2
06/08/2026,13,87,0,06/15/2026,AUTO_MAN,8,2
06/08/2026,14,85,0,06/15/2026,AUTO_MAN,8,2
06/08/2026,15,84,0,06/15/2026,AUTO_MAN,8,2
06/08/2026,16,84,0,06/15/2026,AUTO_MAN,8,2
06/08/2026,17,83,0,06/15/2026,AUTO_MAN,8,2
06/08/2026,18,80,0,06/15/2026,AUTO_MAN,8,2
06/08/2026,19,79,0,06/15/2026,AUTO_MAN,8,2
06/08/2026,20,79,0,06/15/2026,AUTO_MAN,8,2
06/08/2026,21,79,0,06/15/2026,AUTO_MAN,8,2
06/08/2026,22,78,0,06/15/2026,AUTO_MAN,8,2
06/08/2026,23,78,0,06/15/2026,AUTO_MAN,8,2
06/08/2026,24,76,0,06/15/2026,AUTO_MAN,8,2
06/09/2026,1,74,0,06/16/2026,AUTO_MAN,8,2
06/09/2026,2,75,0,06/16/2026,AUTO_MAN,8,2
06/09/2026,3,75,0,06/16/2026,AUTO_MAN,8,2
06/09/2026,4,75,0,06/16/2026,AUTO_MAN,8,2
06/09/2026,5,74,0,06/16/2026,AUTO_MAN,8,2
06/09/2026,6,74,0,06/16/2026,AUTO_MAN,8,2
06/09/2026,7,76,0,06/16/2026,AUTO_MAN,8,2
06/09/2026,8,76,0,06/16/2026,AUTO_MAN,8,2
06/09/2026,9,80,0,06/16/2026,AUTO_MAN,8,2
06/09/2026,10,82,0,06/16/2026,AUTO_MAN,8,2
06/09/2026,11,86,0,06/16/2026,AUTO_MAN,8,2
06/09/2026,12,87,0,06/16/2026,AUTO_MAN,8,2
06/09/2026,13,86,0,06/16/2026,AUTO_MAN,8,2
06/09/2026,14,85,0,06/16/2026,AUTO_MAN,8,2
06/09/2026,15,85,0,06/16/2026,AUTO_MAN,8,2
06/09/2026,16,87,0,06/16/2026,AUTO_MAN,8,2
06/09/2026,17,85,0,06/16/2026,AUTO_MAN,8,2
06/09/2026,18,84,0,06/16/2026,AUTO_MAN,8,2
06/09/2026,19,83,0,06/16/2026,AUTO_MAN,8,2
06/09/2026,20,82,0,06/16/2026,AUTO_MAN,8,2
06/09/2026,21,80,0,06/16/2026,AUTO_MAN,8,2
06/09/2026,22,79,0,06/16/2026,AUTO_MAN,8,2
06/09/2026,23,77,0,06/16/2026,AUTO_MAN,8,2
06/09/2026,24,77,0,06/16/2026,AUTO_MAN,8,2
06/10/2026,1,76,0,06/17/2026,AUTO_MAN,8,2
06/10/2026,2,74,0,06/17/2026,AUTO_MAN,8,2
06/10/2026,3,71,0,06/17/2026,AUTO_MAN,8,2
06/10/2026,4,71,0,06/17/2026,AUTO_MAN,8,2
06/10/2026,5,70,0,06/17/2026,AUTO_MAN,8,2
06/10/2026,6,70,0,06/17/2026,AUTO_MAN,8,2
06/10/2026,7,72,0,06/17/2026,AUTO_MAN,8,2
06/10/2026,8,75,0,06/17/2026,AUTO_MAN,8,2
06/10/2026,9,76,0,06/17/2026,AUTO_MAN,8,2
06/10/2026,10,80,0,06/17/2026,AUTO_MAN,8,2
06/10/2026,11,83,0,06/17/2026,AUTO_MAN,8,2
06/10/2026,12,85,0,06/17/2026,AUTO_MAN,8,2
06/10/2026,13,86,0,06/17/2026,AUTO_MAN,8,2
06/10/2026,14,86,0,06/17/2026,AUTO_MAN,8,2
06/10/2026,15,85,0,06/17/2026,AUTO_MAN,8,2
06/10/2026,16,84,0,06/17/2026,AUTO_MAN,8,2
06/10/2026,17,87,0,06/17/2026,AUTO_MAN,8,2
06/10/2026,18,86,0,06/17/2026,AUTO_MAN,8,2
06/10/2026,19,79,0,06/17/2026,AUTO_MAN,8,2
06/10/2026,20,76,0,06/17/2026,AUTO_MAN,8,2
06/10/2026,21,70,0,06/17/2026,AUTO_MAN,8,2
06/10/2026,22,71,0,06/17/2026,AUTO_MAN,8,2
06/10/2026,23,70,0,06/17/2026,AUTO_MAN,8,2
06/10/2026,24,71,0,06/17/2026,AUTO_MAN,8,2
06/11/2026,1,71,0,06/18/2026,AUTO_MAN,8,2
06/11/2026,2,72,0,06/18/2026,AUTO_MAN,8,2
06/11/2026,3,74,0,06/18/2026,AUTO_MAN,8,2
06/11/2026,4,75,0,06/18/2026,AUTO_MAN,8,2
06/11/2026,5,75,0,06/18/2026,AUTO_MAN,8,2
06/11/2026,6,76,0,06/18/2026,AUTO_MAN,8,2
06/11/2026,7,79,0,06/18/2026,AUTO_MAN,8,2
06/11/2026,8,80,0,06/18/2026,AUTO_MAN,8,2
06/11/2026,9,82,0,06/18/2026,AUTO_MAN,8,2
06/11/2026,10,83,0,06/18/2026,AUTO_MAN,8,2
06/11/2026,11,85,0,06/18/2026,AUTO_MAN,8,2
06/11/2026,12,80,0,06/18/2026,AUTO_MAN,8,2
06/11/2026,13,81,0,06/18/2026,AUTO_MAN,8,2
06/11/2026,14,81,0,06/18/2026,AUTO_MAN,8,2
06/11/2026,15,83,0,06/18/2026,AUTO_MAN,8,2
06/11/2026,16,84,0,06/18/2026,AUTO_MAN,8,2
06/11/2026,17,84,0,06/18/2026,AUTO_MAN,8,2
06/11/2026,18,84,0,06/18/2026,AUTO_MAN,8,2
06/11/2026,19,83,0,06/18/2026,AUTO_MAN,8,2
06/11/2026,20,79,0,06/18/2026,AUTO_MAN,8,2
06/11/2026,21,78,0,06/18/2026,AUTO_MAN,8,2
06/11/2026,22,80,0,06/18/2026,AUTO_MAN,8,2
06/11/2026,23,79,0,06/18/2026,AUTO_MAN,8,2
06/11/2026,24,80,0,06/18/2026,AUTO_MAN,8,2
06/12/2026,1,79,0,06/19/2026,AUTO_MAN,8,2
06/12/2026,2,79,0,06/19/2026,AUTO_MAN,8,2
06/12/2026,3,75,0,06/19/2026,AUTO_MAN,8,2
06/12/2026,4,73,0,06/19/2026,AUTO_MAN,8,2
06/12/2026,5,72,0,06/19/2026,AUTO_MAN,8,2
06/12/2026,6,72,0,06/19/2026,AUTO_MAN,8,2
06/12/2026,7,71,0,06/19/2026,AUTO_MAN,8,2
06/12/2026,8,72,0,06/19/2026,AUTO_MAN,8,2
06/12/2026,9,74,0,06/19/2026,AUTO_MAN,8,2
06/12/2026,10,73,0,06/19/2026,AUTO_MAN,8,2
06/12/2026,11,75,0,06/19/2026,AUTO_MAN,8,2
06/12/2026,12,76,0,06/19/2026,AUTO_MAN,8,2
06/12/2026,13,77,0,06/19/2026,AUTO_MAN,8,2
06/12/2026,14,77,0,06/19/2026,AUTO_MAN,8,2
06/12/2026,15,79,0,06/19/2026,AUTO_MAN,8,2
06/12/2026,16,77,0,06/19/2026,AUTO_MAN,8,2
06/12/2026,17,78,0,06/19/2026,AUTO_MAN,8,2
06/12/2026,18,77,0,06/19/2026,AUTO_MAN,8,2
06/12/2026,19,76,0,06/19/2026,AUTO_MAN,8,2
06/12/2026,20,73,0,06/19/2026,AUTO_MAN,8,2
06/12/2026,21,71,0,06/19/2026,AUTO_MAN,8,2
06/12/2026,22,69,0,06/19/2026,AUTO_MAN,8,2
06/12/2026,23,65,0,06/19/2026,AUTO_MAN,8,2
06/12/2026,24,66,0,06/19/2026,AUTO_MAN,8,2
06/13/2026,1,64,1,06/20/2026,AUTO_MAN,8,2
06/13/2026,2,63,1,06/20/2026,AUTO_MAN,8,2
06/13/2026,3,63,1,06/20/2026,AUTO_MAN,8,2
06/13/2026,4,60,1,06/20/2026,AUTO_MAN,8,2
06/13/2026,5,61,1,06/20/2026,AUTO_MAN,8,2
06/13/2026,6,63,1,06/20/2026,AUTO_MAN,8,2
06/13/2026,7,67,1,06/20/2026,AUTO_MAN,8,2
06/13/2026,8,72,1,06/20/2026,AUTO_MAN,8,2
06/13/2026,9,75,1,06/20/2026,AUTO_MAN,8,2
06/13/2026,10,78,1,06/20/2026,AUTO_MAN,8,2
06/13/2026,11,79,1,06/20/2026,AUTO_MAN,8,2
06/13/2026,12,80,1,06/20/2026,AUTO_MAN,8,2
06/13/2026,13,81,1,06/20/2026,AUTO_MAN,8,2
06/13/2026,14,83,1,06/20/2026,AUTO_MAN,8,2
06/13/2026,15,83,1,06/20/2026,AUTO_MAN,8,2
06/13/2026,16,83,1,06/20/2026,AUTO_MAN,8,2
06/13/2026,17,82,1,06/20/2026,AUTO_MAN,8,2
06/13/2026,18,82,1,06/20/2026,AUTO_MAN,8,2
06/13/2026,19,80,1,06/20/2026,AUTO_MAN,8,2
06/13/2026,20,78,1,06/20/2026,AUTO_MAN,8,2
06/13/2026,21,76,1,06/20/2026,AUTO_MAN,8,2
06/13/2026,22,75,1,06/20/2026,AUTO_MAN,8,2
06/13/2026,23,74,1,06/20/2026,AUTO_MAN,8,2
06/13/2026,24,74,1,06/20/2026,AUTO_MAN,8,2
06/14/2026,1,72,1,06/21/2026,AUTO_MAN,8,2
06/14/2026,2,72,1,06/21/2026,AUTO_MAN,8,2
06/14/2026,3,71,1,06/21/2026,AUTO_MAN,8,2
06/14/2026,4,72,1,06/21/2026,AUTO_MAN,8,2
06/14/2026,5,72,1,06/21/2026,AUTO_MAN,8,2
06/14/2026,6,72,1,06/21/2026,AUTO_MAN,8,2
06/14/2026,7,73,1,06/21/2026,AUTO_MAN,8,2
06/14/2026,8,73,1,06/21/2026,AUTO_MAN,8,2
06/14/2026,9,74,1,06/21/2026,AUTO_MAN,8,2
06/14/2026,10,78,1,06/21/2026,AUTO_MAN,8,2
06/14/2026,11,78,1,06/21/2026,AUTO_MAN,8,2
06/14/2026,12,79,1,06/21/2026,AUTO_MAN,8,2
06/14/2026,13,81,1,06/21/2026,AUTO_MAN,8,2
06/14/2026,14,81,1,06/21/2026,AUTO_MAN,8,2
06/14/2026,15,63,1,06/21/2026,AUTO_MAN,8,2
06/14/2026,16,63,1,06/21/2026,AUTO_MAN,8,2
06/14/2026,17,63,1,06/21/2026,AUTO_MAN,8,2
06/14/2026,18,64,1,06/21/2026,AUTO_MAN,8,2
06/14/2026,19,64,1,06/21/2026,AUTO_MAN,8,2
06/14/2026,20,64,1,06/21/2026,AUTO_MAN,8,2
06/14/2026,21,62,1,06/21/2026,AUTO_MAN,8,2
06/14/2026,22,61,1,06/21/2026,AUTO_MAN,8,2
06/14/2026,23,61,1,06/21/2026,AUTO_MAN,8,2
06/14/2026,24,59,1,06/21/2026,AUTO_MAN,8,2
06/15/2026,1,59,0,06/22/2026,AUTO_MAN,8,2
06/15/2026,2,59,0,06/22/2026,AUTO_MAN,8,2
06/15/2026,3,58,0,06/22/2026,AUTO_MAN,8,2
06/15/2026,4,58,0,06/22/2026,AUTO_MAN,8,2
06/15/2026,5,56,0,06/22/2026,AUTO_MAN,8,2
06/15/2026,6,57,0,06/22/2026,AUTO_MAN,8,2
06/15/2026,7,58,0,06/22/2026,AUTO_MAN,8,2
06/15/2026,8,59,0,06/22/2026,AUTO_MAN,8,2
06/15/2026,9,59,0,06/22/2026,AUTO_MAN,8,2
06/15/2026,10,61,0,06/22/2026,AUTO_MAN,8,2
06/15/2026,11,61,0,06/22/2026,AUTO_MAN,8,2
06/15/2026,12,63,0,06/22/2026,AUTO_MAN,8,2
06/15/2026,13,63,0,06/22/2026,AUTO_MAN,8,2
06/15/2026,14,65,0,06/22/2026,AUTO_MAN,8,2
06/15/2026,15,67,0,06/22/2026,AUTO_MAN,8,2
06/15/2026,16,68,0,06/22/2026,AUTO_MAN,8,2
06/15/2026,17,68,0,06/22/2026,AUTO_MAN,8,2
06/15/2026,18,68,0,06/22/2026,AUTO_MAN,8,2
06/15/2026,19,67,0,06/22/2026,AUTO_MAN,8,2
06/15/2026,20,64,0,06/22/2026,AUTO_MAN,8,2
06/15/2026,21,62,0,06/22/2026,AUTO_MAN,8,2
06/15/2026,22,61,0,06/22/2026,AUTO_MAN,8,2
06/15/2026,23,60,0,06/22/2026,AUTO_MAN,8,2
06/15/2026,24,59,0,06/22/2026,AUTO_MAN,8,2
06/16/2026,1,58,0,06/23/2026,AUTO_MAN,8,2
06/16/2026,2,58,0,06/23/2026,AUTO_MAN,8,2
06/16/2026,3,56,0,06/23/2026,AUTO_MAN,8,2
06/16/2026,4,56,0,06/23/2026,AUTO_MAN,8,2
06/16/2026,5,56,0,06/23/2026,AUTO_MAN,8,2
06/16/2026,6,57,0,06/23/2026,AUTO_MAN,8,2
06/16/2026,7,61,0,06/23/2026,AUTO_MAN,8,2
06/16/2026,8,65,0,06/23/2026,AUTO_MAN,8,2
06/16/2026,9,68,0,06/23/2026,AUTO_MAN,8,2
06/16/2026,10,69,0,06/23/2026,AUTO_MAN,8,2
06/16/2026,11,72,0,06/23/2026,AUTO_MAN,8,2
06/16/2026,12,72,0,06/23/2026,AUTO_MAN,8,2
06/16/2026,13,72,0,06/23/2026,AUTO_MAN,8,2
06/16/2026,14,75,0,06/23/2026,AUTO_MAN,8,2
06/16/2026,15,76,0,06/23/2026,AUTO_MAN,8,2
06/16/2026,16,76,0,06/23/2026,AUTO_MAN,8,2
06/16/2026,17,74,0,06/23/2026,AUTO_MAN,8,2
06/16/2026,18,73,0,06/23/2026,AUTO_MAN,8,2
06/16/2026,19,67,0,06/23/2026,AUTO_MAN,8,2
06/16/2026,20,62,0,06/23/2026,AUTO_MAN,8,2
06/16/2026,21,61,0,06/23/2026,AUTO_MAN,8,2
06/16/2026,22,61,0,06/23/2026,AUTO_MAN,8,2
06/16/2026,23,60,0,06/23/2026,AUTO_MAN,8,2
06/16/2026,24,59,0,06/23/2026,AUTO_MAN,8,2
06/17/2026,1,58,0,06/24/2026,AUTO_MAN,8,2
06/17/2026,2,57,0,06/24/2026,AUTO_MAN,8,2
06/17/2026,3,58,0,06/24/2026,AUTO_MAN,8,2
06/17/2026,4,58,0,06/24/2026,AUTO_MAN,8,2
06/17/2026,5,57,0,06/24/2026,AUTO_MAN,8,2
06/17/2026,6,58,0,06/24/2026,AUTO_MAN,8,2
06/17/2026,7,62,0,06/24/2026,AUTO_MAN,8,2
06/17/2026,8,63,0,06/24/2026,AUTO_MAN,8,2
06/17/2026,9,67,0,06/24/2026,AUTO_MAN,8,2
06/17/2026,10,69,0,06/24/2026,AUTO_MAN,8,2
06/17/2026,11,71,0,06/24/2026,AUTO_MAN,8,2
06/17/2026,12,72,0,06/24/2026,AUTO_MAN,8,2
06/17/2026,13,73,0,06/24/2026,AUTO_MAN,8,2
06/17/2026,14,73,0,06/24/2026,AUTO_MAN,8,2
06/17/2026,15,73,0,06/24/2026,AUTO_MAN,8,2
06/17/2026,16,73,0,06/24/2026,AUTO_MAN,8,2
06/17/2026,17,72,0,06/24/2026,AUTO_MAN,8,2
06/17/2026,18,70,0,06/24/2026,AUTO_MAN,8,2
06/17/2026,19,70,0,06/24/2026,AUTO_MAN,8,2
06/17/2026,20,64,0,06/24/2026,AUTO_MAN,8,2
06/17/2026,21,64,0,06/24/2026,AUTO_MAN,8,2
06/17/2026,22,66,0,06/24/2026,AUTO_MAN,8,2
06/17/2026,23,68,0,06/24/2026,AUTO_MAN,8,2
06/17/2026,24,68,0,06/24/2026,AUTO_MAN,8,2
06/18/2026,1,70,0,06/25/2026,AUTO_MAN,8,2
06/18/2026,2,70,0,06/25/2026,AUTO_MAN,8,2
06/18/2026,3,72,0,06/25/2026,AUTO_MAN,8,2
06/18/2026,4,73,0,06/25/2026,AUTO_MAN,8,2
06/18/2026,5,72,0,06/25/2026,AUTO_MAN,8,2
06/18/2026,6,72,0,06/25/2026,AUTO_MAN,8,2
06/18/2026,7,72,0,06/25/2026,AUTO_MAN,8,2
06/18/2026,8,72,0,06/25/2026,AUTO_MAN,8,2
06/18/2026,9,73,0,06/25/2026,AUTO_MAN,8,2
06/18/2026,10,72,0,06/25/2026,AUTO_MAN,8,2
06/18/2026,11,69,0,06/25/2026,AUTO_MAN,8,2
06/18/2026,12,73,0,06/25/2026,AUTO_MAN,8,2
06/18/2026,13,75,0,06/25/2026,AUTO_MAN,8,2
06/18/2026,14,75,0,06/25/2026,AUTO_MAN,8,2
06/18/2026,15,72,0,06/25/2026,AUTO_MAN,8,2
06/18/2026,16,73,0,06/25/2026,AUTO_MAN,8,2
06/18/2026,17,71,0,06/25/2026,AUTO_MAN,8,2
06/18/2026,18,70,0,06/25/2026,AUTO_MAN,8,2
06/18/2026,19,68,0,06/25/2026,AUTO_MAN,8,2
06/18/2026,20,67,0,06/25/2026,AUTO_MAN,8,2
06/18/2026,21,65,0,06/25/2026,AUTO_MAN,8,2
06/18/2026,22,62,0,06/25/2026,AUTO_MAN,8,2
06/18/2026,23,60,0,06/25/2026,AUTO_MAN,8,2
06/18/2026,24,58,0,06/25/2026,AUTO_MAN,8,2
06/19/2026,1,57,0,06/26/2026,AUTO_MAN,8,2
06/19/2026,2,57,0,06/26/2026,AUTO_MAN,8,2
06/19/2026,3,56,0,06/26/2026,AUTO_MAN,8,2
06/19/2026,4,55,0,06/26/2026,AUTO_MAN,8,2
06/19/2026,5,54,0,06/26/2026,AUTO_MAN,8,2
06/19/2026,6,55,0,06/26/2026,AUTO_MAN,8,2
06/19/2026,7,61,0,06/26/2026,AUTO_MAN,8,2
06/19/2026,8,65,0,06/26/2026,AUTO_MAN,8,2
06/19/2026,9,69,0,06/26/2026,AUTO_MAN,8,2
06/19/2026,10,70,0,06/26/2026,AUTO_MAN,8,2
06/19/2026,11,71,0,06/26/2026,AUTO_MAN,8,2
06/19/2026,12,73,0,06/26/2026,AUTO_MAN,8,2
06/19/2026,13,73,0,06/26/2026,AUTO_MAN,8,2
06/19/2026,14,73,0,06/26/2026,AUTO_MAN,8,2
06/19/2026,15,73,0,06/26/2026,AUTO_MAN,8,2
06/19/2026,16,74,0,06/26/2026,AUTO_MAN,8,2
06/19/2026,17,73,0,06/26/2026,AUTO_MAN,8,2
06/19/2026,18,73,0,06/26/2026,AUTO_MAN,8,2
06/19/2026,19,72,0,06/26/2026,AUTO_MAN,8,2
06/19/2026,20,69,0,06/26/2026,AUTO_MAN,8,2
06/19/2026,21,65,0,06/26/2026,AUTO_MAN,8,2
06/19/2026,22,63,0,06/26/2026,AUTO_MAN,8,2
06/19/2026,23,61,0,06/26/2026,AUTO_MAN,8,2
06/19/2026,24,61,0,06/26/2026,AUTO_MAN,8,2
06/20/2026,1,59,1,06/27/2026,AUTO_MAN,8,2
06/20/2026,2,56,1,06/27/2026,AUTO_MAN,8,2
06/20/2026,3,55,1,06/27/2026,AUTO_MAN,8,2
06/20/2026,4,56,1,06/27/2026,AUTO_MAN,8,2
06/20/2026,5,57,1,06/27/2026,AUTO_MAN,8,2
06/20/2026,6,56,1,06/27/2026,AUTO_MAN,8,2
06/20/2026,7,62,1,06/27/2026,AUTO_MAN,8,2
06/20/2026,8,66,1,06/27/2026,AUTO_MAN,8,2
06/20/2026,9,68,1,06/27/2026,AUTO_MAN,8,2
06/20/2026,10,71,1,06/27/2026,AUTO_MAN,8,2
06/20/2026,11,74,1,06/27/2026,AUTO_MAN,8,2
06/20/2026,12,77,1,06/27/2026,AUTO_MAN,8,2
06/20/2026,13,77,1,06/27/2026,AUTO_MAN,8,2
06/20/2026,14,77,1,06/27/2026,AUTO_MAN,8,2
06/20/2026,15,78,1,06/27/2026,AUTO_MAN,8,2
06/20/2026,16,76,1,06/27/2026,AUTO_MAN,8,2
06/20/2026,17,75,1,06/27/2026,AUTO_MAN,8,2
06/20/2026,18,75,1,06/27/2026,AUTO_MAN,8,2
06/20/2026,19,73,1,06/27/2026,AUTO_MAN,8,2
06/20/2026,20,70,1,06/27/2026,AUTO_MAN,8,2
06/20/2026,21,68,1,06/27/2026,AUTO_MAN,8,2
06/20/2026,22,67,1,06/27/2026,AUTO_MAN,8,2
06/20/2026,23,62,1,06/27/2026,AUTO_MAN,8,2
06/20/2026,24,60,1,06/27/2026,AUTO_MAN,8,2
06/21/2026,1,58,1,06/28/2026,AUTO_MAN,8,2
06/21/2026,2,58,1,06/28/2026,AUTO_MAN,8,2
06/21/2026,3,58,1,06/28/2026,AUTO_MAN,8,2
06/21/2026,4,57,1,06/28/2026,AUTO_MAN,8,2
06/21/2026,5,56,1,06/28/2026,AUTO_MAN,8,2
06/21/2026,6,57,1,06/28/2026,AUTO_MAN,8,2
06/21/2026,7,61,1,06/28/2026,AUTO_MAN,8,2
06/21/2026,8,65,1,06/28/2026,AUTO_MAN,8,2
06/21/2026,9,67,1,06/28/2026,AUTO_MAN,8,2
06/21/2026,10,69,1,06/28/2026,AUTO_MAN,8,2
06/21/2026,11,69,1,06/28/2026,AUTO_MAN,8,2
06/21/2026,12,71,1,06/28/2026,AUTO_MAN,8,2
06/21/2026,13,71,1,06/28/2026,AUTO_MAN,8,2
06/21/2026,14,70,1,06/28/2026,AUTO_MAN,8,2
06/21/2026,15,71,1,06/28/2026,AUTO_MAN,8,2
06/21/2026,16,70,1,06/28/2026,AUTO_MAN,8,2
06/21/2026,17,69,1,06/28/2026,AUTO_MAN,8,2
06/21/2026,18,68,1,06/28/2026,AUTO_MAN,8,2
06/21/2026,19,68,1,06/28/2026,AUTO_MAN,8,2
06/21/2026,20,68,1,06/28/2026,AUTO_MAN,8,2
06/21/2026,21,67,1,06/28/2026,AUTO_MAN,8,2
06/21/2026,22,67,1,06/28/2026,AUTO_MAN,8,2
06/21/2026,23,65,1,06/28/2026,AUTO_MAN,8,2
06/21/2026,24,64,1,06/28/2026,AUTO_MAN,8,2
06/22/2026,1,64,0,06/29/2026,AUTO_MAN,8,2
06/22/2026,2,62,0,06/29/2026,AUTO_MAN,8,2
06/22/2026,3,62,0,06/29/2026,AUTO_MAN,8,2
06/22/2026,4,60,0,06/29/2026,AUTO_MAN,8,2
06/22/2026,5,58,0,06/29/2026,AUTO_MAN,8,2
06/22/2026,6,58,0,06/29/2026,AUTO_MAN,8,2
06/22/2026,7,58,0,06/29/2026,AUTO_MAN,8,2
06/22/2026,8,59,0,06/29/2026,AUTO_MAN,8,2
06/22/2026,9,60,0,06/29/2026,AUTO_MAN,8,2
06/22/2026,10,62,0,06/29/2026,AUTO_MAN,8,2
06/22/2026,11,63,0,06/29/2026,AUTO_MAN,8,2
06/22/2026,12,65,0,06/29/2026,AUTO_MAN,8,2
06/22/2026,13,65,0,06/29/2026,AUTO_MAN,8,2
06/22/2026,14,64,0,06/29/2026,AUTO_MAN,8,2
06/22/2026,15,65,0,06/29/2026,AUTO_MAN,8,2
06/22/2026,16,64,0,06/29/2026,AUTO_MAN,8,2
06/22/2026,17,65,0,06/29/2026,AUTO_MAN,8,2
06/22/2026,18,65,0,06/29/2026,AUTO_MAN,8,2
06/22/2026,19,65,0,06/29/2026,AUTO_MAN,8,2
06/22/2026,20,63,0,06/29/2026,AUTO_MAN,8,2
06/22/2026,21,63,0,06/29/2026,AUTO_MAN,8,2
06/22/2026,22,63,0,06/29/2026,AUTO_MAN,8,2
06/22/2026,23,62,0,06/29/2026,AUTO_MAN,8,2
06/22/2026,24,61,0,06/29/2026,AUTO_MAN,8,2
06/23/2026,1,60,0,06/30/2026,AUTO_MAN,8,2
06/23/2026,2,58,0,06/30/2026,AUTO_MAN,8,2
06/23/2026,3,58,0,06/30/2026,AUTO_MAN,8,2
06/23/2026,4,59,0,06/30/2026,AUTO_MAN,8,2
06/23/2026,5,60,0,06/30/2026,AUTO_MAN,8,2
06/23/2026,6,61,0,06/30/2026,AUTO_MAN,8,2
06/23/2026,7,64,0,06/30/2026,AUTO_MAN,8,2
06/23/2026,8,65,0,06/30/2026,AUTO_MAN,8,2
06/23/2026,9,66,0,06/30/2026,AUTO_MAN,8,2
06/23/2026,10,68,0,06/30/2026,AUTO_MAN,8,2
06/23/2026,11,67,0,06/30/2026,AUTO_MAN,8,2
06/23/2026,12,68,0,06/30/2026,AUTO_MAN,8,2
06/23/2026,13,69,0,06/30/2026,AUTO_MAN,8,2
06/23/2026,14,70,0,06/30/2026,AUTO_MAN,8,2
06/23/2026,15,69,0,06/30/2026,AUTO_MAN,8,2
06/23/2026,16,72,0,06/30/2026,AUTO_MAN,8,2
06/23/2026,17,72,0,06/30/2026,AUTO_MAN,8,2
06/23/2026,18,72,0,06/30/2026,AUTO_MAN,8,2
06/23/2026,19,71,0,06/30/2026,AUTO_MAN,8,2
06/23/2026,20,68,0,06/30/2026,AUTO_MAN,8,2
06/23/2026,21,66,0,06/30/2026,AUTO_MAN,8,2
06/23/2026,22,66,0,06/30/2026,AUTO_MAN,8,2
06/23/2026,23,61,0,06/30/2026,AUTO_MAN,8,2
06/23/2026,24,61,0,06/30/2026,AUTO_MAN,8,2
06/24/2026,1,61,0,07/01/2026,AUTO_MAN,8,2
06/24/2026,2,59,0,07/01/2026,AUTO_MAN,8,2
06/24/2026,3,54,0,07/01/2026,AUTO_MAN,8,2
06/24/2026,4,52,0,07/01/2026,AUTO_MAN,8,2
06/24/2026,5,52,0,07/01/2026,AUTO_MAN,8,2
06/24/2026,6,54,0,07/01/2026,AUTO_MAN,8,2
06/24/2026,7,59,0,07/01/2026,AUTO_MAN,8,2
06/24/2026,8,64,0,07/01/2026,AUTO_MAN,8,2
06/24/2026,9,68,0,07/01/2026,AUTO_MAN,8,2
06/24/2026,10,70,0,07/01/2026,AUTO_MAN,8,2
06/24/2026,11,72,0,07/01/2026,AUTO_MAN,8,2
06/24/2026,12,74,0,07/01/2026,AUTO_MAN,8,2
06/24/2026,13,72,0,07/01/2026,AUTO_MAN,8,2
06/24/2026,14,73,0,07/01/2026,AUTO_MAN,8,2
06/24/2026,15,73,0,07/01/2026,AUTO_MAN,8,2
06/24/2026,16,73,0,07/01/2026,AUTO_MAN,8,2
06/24/2026,17,72,0,07/01/2026,AUTO_MAN,8,2
06/24/2026,18,72,0,07/01/2026,AUTO_MAN,8,2
06/24/2026,19,71,0,07/01/2026,AUTO_MAN,8,2
06/24/2026,20,70,0,07/01/2026,AUTO_MAN,8,2
06/24/2026,21,71,0,07/01/2026,AUTO_MAN,8,2
06/24/2026,22,69,0,07/01/2026,AUTO_MAN,8,2
06/24/2026,23,69,0,07/01/2026,AUTO_MAN,8,2
06/24/2026,24,68,0,07/01/2026,AUTO_MAN,8,2
06/25/2026,1,67,0,07/02/2026,AUTO_MAN,8,2
06/25/2026,2,65,0,07/02/2026,AUTO_MAN,8,2
06/25/2026,3,65,0,07/02/2026,AUTO_MAN,8,2
06/25/2026,4,65,0,07/02/2026,AUTO_MAN,8,2
06/25/2026,5,66,0,07/02/2026,AUTO_MAN,8,2
06/25/2026,6,67,0,07/02/2026,AUTO_MAN,8,2
06/25/2026,7,68,0,07/02/2026,AUTO_MAN,8,2
06/25/2026,8,69,0,07/02/2026,AUTO_MAN,8,2
06/25/2026,9,65,0,07/02/2026,AUTO_MAN,8,2
06/25/2026,10,67,0,07/02/2026,AUTO_MAN,8,2
06/25/2026,11,72,0,07/02/2026,AUTO_MAN,8,2
06/25/2026,12,72,0,07/02/2026,AUTO_MAN,8,2
06/25/2026,13,74,0,07/02/2026,AUTO_MAN,8,2
06/25/2026,14,76,0,07/02/2026,AUTO_MAN,8,2
06/25/2026,15,77,0,07/02/2026,AUTO_MAN,8,2
06/25/2026,16,76,0,07/02/2026,AUTO_MAN,8,2
06/25/2026,17,69,0,07/02/2026,AUTO_MAN,8,2
06/25/2026,18,70,0,07/02/2026,AUTO_MAN,8,2
06/25/2026,19,71,0,07/02/2026,AUTO_MAN,8,2
06/25/2026,20,70,0,07/02/2026,AUTO_MAN,8,2
06/25/2026,21,68,0,07/02/2026,AUTO_MAN,8,2
06/25/2026,22,67,0,07/02/2026,AUTO_MAN,8,2
06/25/2026,23,65,0,07/02/2026,AUTO_MAN,8,2
06/25/2026,24,65,0,07/02/2026,AUTO_MAN,8,2
06/26/2026,1,63,0,07/03/2026,AUTO_MAN,8,2
06/26/2026,2,62,0,07/03/2026,AUTO_MAN,8,2
06/26/2026,3,62,0,07/03/2026,AUTO_MAN,8,2
06/26/2026,4,61,0,07/03/2026,AUTO_MAN,8,2
06/26/2026,5,61,0,07/03/2026,AUTO_MAN,8,2
06/26/2026,6,61,0,07/03/2026,AUTO_MAN,8,2
06/26/2026,7,64,0,07/03/2026,AUTO_MAN,8,2
06/26/2026,8,68,0,07/03/2026,AUTO_MAN,8,2
06/26/2026,9,71,0,07/03/2026,AUTO_MAN,8,2
06/26/2026,10,73,0,07/03/2026,AUTO_MAN,8,2
06/26/2026,11,71,0,07/03/2026,AUTO_MAN,8,2
06/26/2026,12,71,0,07/03/2026,AUTO_MAN,8,2
06/26/2026,13,72,0,07/03/2026,AUTO_MAN,8,2
06/26/2026,14,72,0,07/03/2026,AUTO_MAN,8,2
06/26/2026,15,69,0,07/03/2026,AUTO_MAN,8,2
06/26/2026,16,69,0,07/03/2026,AUTO_MAN,8,2
06/26/2026,17,68,0,07/03/2026,AUTO_MAN,8,2
06/26/2026,18,68,0,07/03/2026,AUTO_MAN,8,2
06/26/2026,19,68,0,07/03/2026,AUTO_MAN,8,2
06/26/2026,20,68,0,07/03/2026,AUTO_MAN,8,2
06/26/2026,21,68,0,07/03/2026,AUTO_MAN,8,2
06/26/2026,22,68,0,07/03/2026,AUTO_MAN,8,2
06/26/2026,23,68,0,07/03/2026,AUTO_MAN,8,2
06/26/2026,24,68,0,07/03/2026,AUTO_MAN,8,2
06/27/2026,1,67,1,07/04/2026,AUTO_MAN,8,2
06/27/2026,2,67,1,07/04/2026,AUTO_MAN,8,2
06/27/2026,3,67,1,07/04/2026,AUTO_MAN,8,2
06/27/2026,4,66,1,07/04/2026,AUTO_MAN,8,2
06/27/2026,5,66,1,07/04/2026,AUTO_MAN,8,2
06/27/2026,6,66,1,07/04/2026,AUTO_MAN,8,2
06/27/2026,7,67,1,07/04/2026,AUTO_MAN,8,2
06/27/2026,8,68,1,07/04/2026,AUTO_MAN,8,2
06/27/2026,9,71,1,07/04/2026,AUTO_MAN,8,2
06/27/2026,10,72,1,07/04/2026,AUTO_MAN,8,2
06/27/2026,11,73,1,07/04/2026,AUTO_MAN,8,2
06/27/2026,12,73,1,07/04/2026,AUTO_MAN,8,2
06/27/2026,13,74,1,07/04/2026,AUTO_MAN,8,2
06/27/2026,14,73,1,07/04/2026,AUTO_MAN,8,2
06/27/2026,15,71,1,07/04/2026,AUTO_MAN,8,2
06/27/2026,16,71,1,07/04/2026,AUTO_MAN,8,2
06/27/2026,17,72,1,07/04/2026,AUTO_MAN,8,2
06/27/2026,18,72,1,07/04/2026,AUTO_MAN,8,2
06/27/2026,19,72,1,07/04/2026,AUTO_MAN,8,2
06/27/2026,20,72,1,07/04/2026,AUTO_MAN,8,2
06/27/2026,21,72,1,07/04/2026,AUTO_MAN,8,2
06/27/2026,22,69,1,07/04/2026,AUTO_MAN,8,2
06/27/2026,23,69,1,07/04/2026,AUTO_MAN,8,2
06/27/2026,24,70,1,07/04/2026,AUTO_MAN,8,2
06/28/2026,1,69,1,07/05/2026,AUTO_MAN,8,2
06/28/2026,2,67,1,07/05/2026,AUTO_MAN,8,2
06/28/2026,3,65,1,07/05/2026,AUTO_MAN,8,2
06/28/2026,4,65,1,07/05/2026,AUTO_MAN,8,2
06/28/2026,5,64,1,07/05/2026,AUTO_MAN,8,2
06/28/2026,6,67,1,07/05/2026,AUTO_MAN,8,2
06/28/2026,7,69,1,07/05/2026,AUTO_MAN,8,2
06/28/2026,8,72,1,07/05/2026,AUTO_MAN,8,2
06/28/2026,9,75,1,07/05/2026,AUTO_MAN,8,2
06/28/2026,10,75,1,07/05/2026,AUTO_MAN,8,2
06/28/2026,11,77,1,07/05/2026,AUTO_MAN,8,2
06/28/2026,12,78,1,07/05/2026,AUTO_MAN,8,2
06/28/2026,13,79,1,07/05/2026,AUTO_MAN,8,2
06/28/2026,14,79,1,07/05/2026,AUTO_MAN,8,2
06/28/2026,15,80,1,07/05/2026,AUTO_MAN,8,2
06/28/2026,16,78,1,07/05/2026,AUTO_MAN,8,2
06/28/2026,17,78,1,07/05/2026,AUTO_MAN,8,2
06/28/2026,18,77,1,07/05/2026,AUTO_MAN,8,2
06/28/2026,19,77,1,07/05/2026,AUTO_MAN,8,2
06/28/2026,20,75,1,07/05/2026,AUTO_MAN,8,2
06/28/2026,21,75,1,07/05/2026,AUTO_MAN,8,2
06/28/2026,22,74,1,07/05/2026,AUTO_MAN,8,2
06/28/2026,23,73,1,07/05/2026,AUTO_MAN,8,2
06/28/2026,24,72,1,07/05/2026,AUTO_MAN,8,2
06/29/2026,1,71,0,07/06/2026,AUTO_MAN,8,2
06/29/2026,2,70,0,07/06/2026,AUTO_MAN,8,2
06/29/2026,3,67,0,07/06/2026,AUTO_MAN,8,2
06/29/2026,4,67,0,07/06/2026,AUTO_MAN,8,2
06/29/2026,5,67,0,07/06/2026,AUTO_MAN,8,2
06/29/2026,6,68,0,07/06/2026,AUTO_MAN,8,2
06/29/2026,7,73,0,07/06/2026,AUTO_MAN,8,2
06/29/2026,8,78,0,07/06/2026,AUTO_MAN,8,2
06/29/2026,9,81,0,07/06/2026,AUTO_MAN,8,2
06/29/2026,10,83,0,07/06/2026,AUTO_MAN,8,2
06/29/2026,11,85,0,07/06/2026,AUTO_MAN,8,2
06/29/2026,12,84,0,07/06/2026,AUTO_MAN,8,2
06/29/2026,13,87,0,07/06/2026,AUTO_MAN,8,2
06/29/2026,14,85,0,07/06/2026,AUTO_MAN,8,2
06/29/2026,15,86,0,07/06/2026,AUTO_MAN,8,2
06/29/2026,16,86,0,07/06/2026,AUTO_MAN,8,2
06/29/2026,17,86,0,07/06/2026,AUTO_MAN,8,2
06/29/2026,18,87,0,07/06/2026,AUTO_MAN,8,2
06/29/2026,19,85,0,07/06/2026,AUTO_MAN,8,2
06/29/2026,20,85,0,07/06/2026,AUTO_MAN,8,2
06/29/2026,21,83,0,07/06/2026,AUTO_MAN,8,2
06/29/2026,22,82,0,07/06/2026,AUTO_MAN,8,2
06/29/2026,23,81,0,07/06/2026,AUTO_MAN,8,2
06/29/2026,24,81,0,07/06/2026,AUTO_MAN,8,2
06/30/2026,1,80,0,07/07/2026,AUTO_MAN,8,2
06/30/2026,2,78,0,07/07/2026,AUTO_MAN,8,2
06/30/2026,3,79,0,07/07/2026,AUTO_MAN,8,2
06/30/2026,4,79,0,07/07/2026,AUTO_MAN,8,2
06/30/2026,5,78,0,07/07/2026,AUTO_MAN,8,2
06/30/2026,6,78,0,07/07/2026,AUTO_MAN,8,2
06/30/2026,7,80,0,07/07/2026,AUTO_MAN,8,2
06/30/2026,8,83,0,07/07/2026,AUTO_MAN,8,2
06/30/2026,9,85,0,07/07/2026,AUTO_MAN,8,2
06/30/2026,10,86,0,07/07/2026,AUTO_MAN,8,2
06/30/2026,11,87,0,07/07/2026,AUTO_MAN,8,2
06/30/2026,12,89,0,07/07/2026,AUTO_MAN,8,2
06/30/2026,13,91,0,07/07/2026,AUTO_MAN,8,2
06/30/2026,14,91,0,07/07/2026,AUTO_MAN,8,2
06/30/2026,15,92,0,07/07/2026,AUTO_MAN,8,2
06/30/2026,16,93,0,07/07/2026,AUTO_MAN,8,2
06/30/2026,17,93,0,07/07/2026,AUTO_MAN,8,2
06/30/2026,18,90,0,07/07/2026,AUTO_MAN,8,2
06/30/2026,19,90,0,07/07/2026,AUTO_MAN,8,2
06/30/2026,20,88,0,07/07/2026,AUTO_MAN,8,2
06/30/2026,21,86,0,07/07/2026,AUTO_MAN,8,2
06/30/2026,22,84,0,07/07/2026,AUTO_MAN,8,2
06/30/2026,23,83,0,07/07/2026,AUTO_MAN,8,2
06/30/2026,24,81,0,07/07/2026,AUTO_MAN,8,2
07/01/2026,1,80,0,07/07/2026,AUTO_MAN,8,2
07/01/2026,2,79,0,07/07/2026,AUTO_MAN,8,2
07/01/2026,3,78,0,07/07/2026,AUTO_MAN,8,2
07/01/2026,4,78,0,07/07/2026,AUTO_MAN,8,2
07/01/2026,5,77,0,07/07/2026,AUTO_MAN,8,2
07/01/2026,6,78,0,07/07/2026,AUTO_MAN,8,2
07/01/2026,7,80,0,07/07/2026,AUTO_MAN,8,2
07/01/2026,8,83,0,07/07/2026,AUTO_MAN,8,2
07/01/2026,9,86,0,07/07/2026,AUTO_MAN,8,2
07/01/2026,10,88,0,07/07/2026,AUTO_MAN,8,2
07/01/2026,11,90,0,07/07/2026,AUTO_MAN,8,2
07/01/2026,12,91,0,07/07/2026,AUTO_MAN,8,2
07/01/2026,13,93,0,07/07/2026,AUTO_MAN,8,2
07/01/2026,14,94,0,07/07/2026,AUTO_MAN,8,2
07/01/2026,15,95,0,07/07/2026,AUTO_MAN,8,2
07/01/2026,16,97,0,07/07/2026,AUTO_MAN,8,2
07/01/2026,17,97,0,07/07/2026,AUTO_MAN,8,2
07/01/2026,18,94,0,07/07/2026,AUTO_MAN,8,2
07/01/2026,19,92,0,07/07/2026,AUTO_MAN,8,2
07/01/2026,20,89,0,07/07/2026,AUTO_MAN,8,2
07/01/2026,21,87,0,07/07/2026,AUTO_MAN,8,2
07/01/2026,22,84,0,07/07/2026,AUTO_MAN,8,2
07/01/2026,23,84,0,07/07/2026,AUTO_MAN,8,2
07/01/2026,24,82,0,07/07/2026,AUTO_MAN,8,2
07/02/2026,1,79,0,07/07/2026,AUTO_MAN,8,2
07/02/2026,2,80,0,07/07/2026,AUTO_MAN,8,2
07/02/2026,3,79,0,07/07/2026,AUTO_MAN,8,2
07/02/2026,4,77,0,07/07/2026,AUTO_MAN,8,2
07/02/2026,5,77,0,07/07/2026,AUTO_MAN,8,2
07/02/2026,6,77,0,07/07/2026,AUTO_MAN,8,2
07/02/2026,7,79,0,07/07/2026,AUTO_MAN,8,2
07/02/2026,8,83,0,07/07/2026,AUTO_MAN,8,2
07/02/2026,9,85,0,07/07/2026,AUTO_MAN,8,2
07/02/2026,10,88,0,07/07/2026,AUTO_MAN,8,2
07/02/2026,11,89,0,07/07/2026,AUTO_MAN,8,2
07/02/2026,12,91,0,07/07/2026,AUTO_MAN,8,2
07/02/2026,13,93,0,07/07/2026,AUTO_MAN,8,2
07/02/2026,14,94,0,07/07/2026,AUTO_MAN,8,2
07/02/2026,15,95,0,07/07/2026,AUTO_MAN,8,2
07/02/2026,16,96,0,07/07/2026,AUTO_MAN,8,2
07/02/2026,17,94,0,07/07/2026,AUTO_MAN,8,2
07/02/2026,18,93,0,07/07/2026,AUTO_MAN,8,2
07/02/2026,19,92,0,07/07/2026,AUTO_MAN,8,2
07/02/2026,20,89,0,07/07/2026,AUTO_MAN,8,2
07/02/2026,21,88,0,07/07/2026,AUTO_MAN,8,2
07/02/2026,22,84,0,07/07/2026,AUTO_MAN,8,2
07/02/2026,23,84,0,07/07/2026,AUTO_MAN,8,2
07/02/2026,24,82,0,07/07/2026,AUTO_MAN,8,2
07/03/2026,1,81,1,07/07/2026,AUTO_MAN,8,2
07/03/2026,2,81,1,07/07/2026,AUTO_MAN,8,2
07/03/2026,3,79,1,07/07/2026,AUTO_MAN,8,2
07/03/2026,4,79,1,07/07/2026,AUTO_MAN,8,2
07/03/2026,5,78,1,07/07/2026,AUTO_MAN,8,2
07/03/2026,6,78,1,07/07/2026,AUTO_MAN,8,2
07/03/2026,7,81,1,07/07/2026,AUTO_MAN,8,2
07/03/2026,8,85,1,07/07/2026,AUTO_MAN,8,2
07/03/2026,9,88,1,07/07/2026,AUTO_MAN,8,2
07/03/2026,10,91,1,07/07/2026,AUTO_MAN,8,2
07/03/2026,11,93,1,07/07/2026,AUTO_MAN,8,2
07/03/2026,12,93,1,07/07/2026,AUTO_MAN,8,2
07/03/2026,13,94,1,07/07/2026,AUTO_MAN,8,2
07/03/2026,14,95,1,07/07/2026,AUTO_MAN,8,2
07/03/2026,15,95,1,07/07/2026,AUTO_MAN,8,2
07/03/2026,16,96,1,07/07/2026,AUTO_MAN,8,2
07/03/2026,17,92,1,07/07/2026,AUTO_MAN,8,2
07/03/2026,18,91,1,07/07/2026,AUTO_MAN,8,2
07/03/2026,19,89,1,07/07/2026,AUTO_MAN,8,2
07/03/2026,20,72,1,07/07/2026,AUTO_MAN,8,2
07/03/2026,21,73,1,07/07/2026,AUTO_MAN,8,2
07/03/2026,22,72,1,07/07/2026,AUTO_MAN,8,2
07/03/2026,23,73,1,07/07/2026,AUTO_MAN,8,2
07/03/2026,24,72,1,07/07/2026,AUTO_MAN,8,2
07/04/2026,1,71,1,07/07/2026,AUTO_MAN,8,2
07/04/2026,2,71,1,07/07/2026,AUTO_MAN,8,2
07/04/2026,3,71,1,07/07/2026,AUTO_MAN,8,2
07/04/2026,4,71,1,07/07/2026,AUTO_MAN,8,2
07/04/2026,5,72,1,07/07/2026,AUTO_MAN,8,2
07/04/2026,6,72,1,07/07/2026,AUTO_MAN,8,2
07/04/2026,7,73,1,07/07/2026,AUTO_MAN,8,2
07/04/2026,8,77,1,07/07/2026,AUTO_MAN,8,2
07/04/2026,9,80,1,07/07/2026,AUTO_MAN,8,2
07/04/2026,10,84,1,07/07/2026,AUTO_MAN,8,2
07/04/2026,11,86,1,07/07/2026,AUTO_MAN,8,2
07/04/2026,12,87,1,07/07/2026,AUTO_MAN,8,2
07/04/2026,13,85,1,07/07/2026,AUTO_MAN,8,2
07/04/2026,14,84,1,07/07/2026,AUTO_MAN,8,2
07/04/2026,15,84,1,07/07/2026,AUTO_MAN,8,2
07/04/2026,16,84,1,07/07/2026,AUTO_MAN,8,2
07/04/2026,17,84,1,07/07/2026,AUTO_MAN,8,2
07/04/2026,18,83,1,07/07/2026,AUTO_MAN,8,2
07/04/2026,19,82,1,07/07/2026,AUTO_MAN,8,2
07/04/2026,20,78,1,07/07/2026,AUTO_MAN,8,2
07/04/2026,21,78,1,07/07/2026,AUTO_MAN,8,2
07/04/2026,22,79,1,07/07/2026,AUTO_MAN,8,2
07/04/2026,23,76,1,07/07/2026,AUTO_MAN,8,2
07/04/2026,24,75,1,07/07/2026,AUTO_MAN,8,2
07/05/2026,1,75,1,07/07/2026,AUTO_MAN,8,2
07/05/2026,2,74,1,07/07/2026,AUTO_MAN,8,2
07/05/2026,3,75,1,07/07/2026,AUTO_MAN,8,2
07/05/2026,4,75,1,07/07/2026,AUTO_MAN,8,2
07/05/2026,5,75,1,07/07/2026,AUTO_MAN,8,2
07/05/2026,6,75,1,07/07/2026,AUTO_MAN,8,2
07/05/2026,7,75,1,07/07/2026,AUTO_MAN,8,2
07/05/2026,8,76,1,07/07/2026,AUTO_MAN,8,2
07/05/2026,9,78,1,07/07/2026,AUTO_MAN,8,2
07/05/2026,10,78,1,07/07/2026,AUTO_MAN,8,2
07/05/2026,11,70,1,07/07/2026,AUTO_MAN,8,2
07/05/2026,12,72,1,07/07/2026,AUTO_MAN,8,2
07/05/2026,13,74,1,07/07/2026,AUTO_MAN,8,2
07/05/2026,14,77,1,07/07/2026,AUTO_MAN,8,2
07/05/2026,15,81,1,07/07/2026,AUTO_MAN,8,2
07/05/2026,16,84,1,07/07/2026,AUTO_MAN,8,2
07/05/2026,17,81,1,07/07/2026,AUTO_MAN,8,2
07/05/2026,18,78,1,07/07/2026,AUTO_MAN,8,2
07/05/2026,19,76,1,07/07/2026,AUTO_MAN,8,2
07/05/2026,20,76,1,07/07/2026,AUTO_MAN,8,2
07/05/2026,21,76,1,07/07/2026,AUTO_MAN,8,2
07/05/2026,22,75,1,07/07/2026,AUTO_MAN,8,2
07/05/2026,23,75,1,07/07/2026,AUTO_MAN,8,2
07/05/2026,24,74,1,07/07/2026,AUTO_MAN,8,2
07/06/2026,1,74,0,07/07/2026,AUTO_MAN,8,2
07/06/2026,2,72,0,07/07/2026,AUTO_MAN,8,2
07/06/2026,3,72,0,07/07/2026,AUTO_MAN,8,2
07/06/2026,4,72,0,07/07/2026,AUTO_MAN,8,2
07/06/2026,5,72,0,07/07/2026,AUTO_MAN,8,2
07/06/2026,6,72,0,07/07/2026,AUTO_MAN,8,2
07/06/2026,7,72,0,07/07/2026,AUTO_MAN,8,2
07/06/2026,8,73,0,07/07/2026,AUTO_MAN,8,2
07/06/2026,9,74,0,07/07/2026,AUTO_MAN,8,2
07/06/2026,10,75,0,07/07/2026,AUTO_MAN,8,2
07/06/2026,11,79,0,07/07/2026,AUTO_MAN,8,2
07/06/2026,12,78,0,07/07/2026,AUTO_MAN,8,2
07/06/2026,13,77,0,07/07/2026,AUTO_MAN,8,2
07/06/2026,14,77,0,07/07/2026,AUTO_MAN,8,2
07/06/2026,15,77,0,07/07/2026,AUTO_MAN,8,2
07/06/2026,16,79,0,07/07/2026,AUTO_MAN,8,2
07/06/2026,17,78,0,07/07/2026,AUTO_MAN,8,2
07/06/2026,18,77,0,07/07/2026,AUTO_MAN,8,2
07/06/2026,19,74,0,07/07/2026,AUTO_MAN,8,2
07/06/2026,20,73,0,07/07/2026,AUTO_MAN,8,2
07/06/2026,21,72,0,07/07/2026,AUTO_MAN,8,2
07/06/2026,22,72,0,07/07/2026,AUTO_MAN,8,2
07/06/2026,23,71,0,07/07/2026,AUTO_MAN,8,2
07/06/2026,24,71,0,07/07/2026,AUTO_MAN,8,2
07/07/2026,1,21.7,0,07/07/2026,AUTO_MAN,8,4
07/07/2026,2,22.2,0,07/07/2026,AUTO_MAN,8,4
07/07/2026,3,22.2,0,07/07/2026,AUTO_MAN,8,4
07/07/2026,4,22.8,0,07/07/2026,AUTO_MAN,8,4
07/07/2026,5,22.8,0,07/07/2026,AUTO_MAN,8,4
07/07/2026,6,22.8,0,07/07/2026,AUTO_MAN,8,4
07/07/2026,7,22.2,0,07/07/2026,AUTO_MAN,8,4
07/07/2026,8,22.8,0,07/07/2026,AUTO_MAN,8,4
07/07/2026,9,23.9,0,07/07/2026,AUTO_MAN,8,4
07/07/2026,10,24.4,0,07/07/2026,AUTO_MAN,8,4
07/07/2026,11,25.6,0,07/07/2026,AUTO_MAN,8,4
07/07/2026,12,25.6,0,07/07/2026,AUTO_MAN,8,4
07/07/2026,13,26.1,0,07/07/2026,AUTO_MAN,8,4
07/07/2026,14,26.1,0,07/07/2026,AUTO_MAN,8,4
07/07/2026,15,26.1,0,07/07/2026,AUTO_MAN,8,4
07/07/2026,16,26.1,0,07/07/2026,AUTO_MAN,8,4
07/07/2026,17,26.1,0,07/07/2026,AUTO_MAN,8,4
07/07/2026,18,25.6,0,07/07/2026,AUTO_MAN,8,4
07/07/2026,19,25,0,07/07/2026,AUTO_MAN,8,4
07/07/2026,20,24.4,0,07/07/2026,AUTO_MAN,8,4
07/07/2026,21,23.3,0,07/07/2026,AUTO_MAN,8,4
07/07/2026,22,22.8,0,07/07/2026,AUTO_MAN,8,4
07/07/2026,23,22.2,0,07/07/2026,AUTO_MAN,8,4
07/07/2026,24,21.7,0,07/07/2026,AUTO_MAN,8,4
07/08/2026,1,21.7,0,07/07/2026,AUTO_MAN,8,4
07/08/2026,2,21.1,0,07/07/2026,AUTO_MAN,8,4
07/08/2026,3,20.6,0,07/07/2026,AUTO_MAN,8,4
07/08/2026,4,20.6,0,07/07/2026,AUTO_MAN,8,4
07/08/2026,5,20,0,07/07/2026,AUTO_MAN,8,4
07/08/2026,6,20,0,07/07/2026,AUTO_MAN,8,4
07/08/2026,7,20.6,0,07/07/2026,AUTO_MAN,8,4
07/08/2026,8,21.7,0,07/07/2026,AUTO_MAN,8,4
07/08/2026,9,23.3,0,07/07/2026,AUTO_MAN,8,4
07/08/2026,10,25,0,07/07/2026,AUTO_MAN,8,4
07/08/2026,11,26.7,0,07/07/2026,AUTO_MAN,8,4
07/08/2026,12,27.2,0,07/07/2026,AUTO_MAN,8,4
07/08/2026,13,27.8,0,07/07/2026,AUTO_MAN,8,4
07/08/2026,14,27.8,0,07/07/2026,AUTO_MAN,8,4
07/08/2026,15,28.3,0,07/07/2026,AUTO_MAN,8,4
07/08/2026,16,28.3,0,07/07/2026,AUTO_MAN,8,4
07/08/2026,17,28.3,0,07/07/2026,AUTO_MAN,8,4
07/08/2026,18,27.8,0,07/07/2026,AUTO_MAN,8,4
07/08/2026,19,27.2,0,07/07/2026,AUTO_MAN,8,4
07/08/2026,20,26.7,0,07/07/2026,AUTO_MAN,8,4
07/08/2026,21,25.6,0,07/07/2026,AUTO_MAN,8,4
07/08/2026,22,24.4,0,07/07/2026,AUTO_MAN,8,4
07/08/2026,23,23.9,0,07/07/2026,AUTO_MAN,8,4
07/08/2026,24,23.3,0,07/07/2026,AUTO_MAN,8,4
07/09/2026,1,22.8,0,07/07/2026,AUTO_MAN,8,4
07/09/2026,2,22.2,0,07/07/2026,AUTO_MAN,8,4
07/09/2026,3,21.7,0,07/07/2026,AUTO_MAN,8,4
07/09/2026,4,21.7,0,07/07/2026,AUTO_MAN,8,4
07/09/2026,5,21.1,0,07/07/2026,AUTO_MAN,8,4
07/09/2026,6,21.1,0,07/07/2026,AUTO_MAN,8,4
07/09/2026,7,21.7,0,07/07/2026,AUTO_MAN,8,4
07/09/2026,8,23.3,0,07/07/2026,AUTO_MAN,8,4
07/09/2026,9,24.4,0,07/07/2026,AUTO_MAN,8,4
07/09/2026,10,26.1,0,07/07/2026,AUTO_MAN,8,4
07/09/2026,11,27.8,0,07/07/2026,AUTO_MAN,8,4
07/09/2026,12,28.3,0,07/07/2026,AUTO_MAN,8,4
07/09/2026,13,28.9,0,07/07/2026,AUTO_MAN,8,4
07/09/2026,14,29.4,0,07/07/2026,AUTO_MAN,8,4
07/09/2026,15,29.4,0,07/07/2026,AUTO_MAN,8,4
07/09/2026,16,29.4,0,07/07/2026,AUTO_MAN,8,4
07/09/2026,17,29.4,0,07/07/2026,AUTO_MAN,8,4
07/09/2026,18,29.4,0,07/07/2026,AUTO_MAN,8,4
07/09/2026,19,28.9,0,07/07/2026,AUTO_MAN,8,4
07/09/2026,20,27.8,0,07/07/2026,AUTO_MAN,8,4
07/09/2026,21,26.7,0,07/07/2026,AUTO_MAN,8,4
07/09/2026,22,25,0,07/07/2026,AUTO_MAN,8,4
07/09/2026,23,24.4,0,07/07/2026,AUTO_MAN,8,4
07/09/2026,24,23.3,0,07/07/2026,AUTO_MAN,8,4
07/10/2026,1,23.3,0,07/07/2026,AUTO_MAN,8,4
07/10/2026,2,22.8,0,07/07/2026,AUTO_MAN,8,4
07/10/2026,3,22.2,0,07/07/2026,AUTO_MAN,8,4
07/10/2026,4,22.2,0,07/07/2026,AUTO_MAN,8,4
07/10/2026,5,21.7,0,07/07/2026,AUTO_MAN,8,4
07/10/2026,6,21.7,0,07/07/2026,AUTO_MAN,8,4
07/10/2026,7,21.7,0,07/07/2026,AUTO_MAN,8,4
07/10/2026,8,22.2,0,07/07/2026,AUTO_MAN,8,4
07/10/2026,9,22.8,0,07/07/2026,AUTO_MAN,8,4
07/10/2026,10,23.9,0,07/07/2026,AUTO_MAN,8,4
07/10/2026,11,24.4,0,07/07/2026,AUTO_MAN,8,4
07/10/2026,12,25,0,07/07/2026,AUTO_MAN,8,4
07/10/2026,13,25.6,0,07/07/2026,AUTO_MAN,8,4
07/10/2026,14,25.6,0,07/07/2026,AUTO_MAN,8,4
07/10/2026,15,25.6,0,07/07/2026,AUTO_MAN,8,4
07/10/2026,16,26.1,0,07/07/2026,AUTO_MAN,8,4
07/10/2026,17,26.1,0,07/07/2026,AUTO_MAN,8,4
07/10/2026,18,25.6,0,07/07/2026,AUTO_MAN,8,4
07/10/2026,19,25.6,0,07/07/2026,AUTO_MAN,8,4
07/10/2026,20,25,0,07/07/2026,AUTO_MAN,8,4
07/10/2026,21,24.4,0,07/07/2026,AUTO_MAN,8,4
07/10/2026,22,23.3,0,07/07/2026,AUTO_MAN,8,4
07/10/2026,23,23.3,0,07/07/2026,AUTO_MAN,8,4
07/10/2026,24,22.8,0,07/07/2026,AUTO_MAN,8,4
07/11/2026,1,22.2,1,07/07/2026,AUTO_MAN,8,4
07/11/2026,2,21.7,1,07/07/2026,AUTO_MAN,8,4
07/11/2026,3,21.7,1,07/07/2026,AUTO_MAN,8,4
07/11/2026,4,21.1,1,07/07/2026,AUTO_MAN,8,4
07/11/2026,5,21.1,1,07/07/2026,AUTO_MAN,8,4
07/11/2026,6,21.1,1,07/07/2026,AUTO_MAN,8,4
07/11/2026,7,21.7,1,07/07/2026,AUTO_MAN,8,4
07/11/2026,8,22.2,1,07/07/2026,AUTO_MAN,8,4
07/11/2026,9,23.3,1,07/07/2026,AUTO_MAN,8,4
07/11/2026,10,24.4,1,07/07/2026,AUTO_MAN,8,4
07/11/2026,11,25.6,1,07/07/2026,AUTO_MAN,8,4
07/11/2026,12,26.1,1,07/07/2026,AUTO_MAN,8,4
07/11/2026,13,26.1,1,07/07/2026,AUTO_MAN,8,4
07/11/2026,14,26.7,1,07/07/2026,AUTO_MAN,8,4
07/11/2026,15,26.7,1,07/07/2026,AUTO_MAN,8,4
07/11/2026,16,26.7,1,07/07/2026,AUTO_MAN,8,4
07/11/2026,17,26.7,1,07/07/2026,AUTO_MAN,8,4
07/11/2026,18,26.1,1,07/07/2026,AUTO_MAN,8,4
07/11/2026,19,25.6,1,07/07/2026,AUTO_MAN,8,4
07/11/2026,20,25,1,07/07/2026,AUTO_MAN,8,4
07/11/2026,21,23.9,1,07/07/2026,AUTO_MAN,8,4
07/11/2026,22,22.8,1,07/07/2026,AUTO_MAN,8,4
07/11/2026,23,22.2,1,07/07/2026,AUTO_MAN,8,4
07/11/2026,24,21.7,1,07/07/2026,AUTO_MAN,8,4
07/12/2026,1,21.1,1,07/07/2026,AUTO_MAN,8,4
07/12/2026,2,20.6,1,07/07/2026,AUTO_MAN,8,4
07/12/2026,3,20.6,1,07/07/2026,AUTO_MAN,8,4
07/12/2026,4,20.6,1,07/07/2026,AUTO_MAN,8,4
07/12/2026,5,20.6,1,07/07/2026,AUTO_MAN,8,4
07/12/2026,6,20.6,1,07/07/2026,AUTO_MAN,8,4
07/12/2026,7,21.1,1,07/07/2026,AUTO_MAN,8,4
07/12/2026,8,21.7,1,07/07/2026,AUTO_MAN,8,4
07/12/2026,9,23.3,1,07/07/2026,AUTO_MAN,8,4
07/12/2026,10,24.4,1,07/07/2026,AUTO_MAN,8,4
07/12/2026,11,25.6,1,07/07/2026,AUTO_MAN,8,4
07/12/2026,12,26.7,1,07/07/2026,AUTO_MAN,8,4
07/12/2026,13,27.2,1,07/07/2026,AUTO_MAN,8,4
07/12/2026,14,27.8,1,07/07/2026,AUTO_MAN,8,4
07/12/2026,15,27.8,1,07/07/2026,AUTO_MAN,8,4
07/12/2026,16,27.8,1,07/07/2026,AUTO_MAN,8,4
07/12/2026,17,27.8,1,07/07/2026,AUTO_MAN,8,4
07/12/2026,18,27.2,1,07/07/2026,AUTO_MAN,8,4
07/12/2026,19,26.7,1,07/07/2026,AUTO_MAN,8,4
07/12/2026,20,26.1,1,07/07/2026,AUTO_MAN,8,4
07/12/2026,21,25,1,07/07/2026,AUTO_MAN,8,4
07/12/2026,22,23.9,1,07/07/2026,AUTO_MAN,8,4
07/12/2026,23,23.3,1,07/07/2026,AUTO_MAN,8,4
07/12/2026,24,22.2,1,07/07/2026,AUTO_MAN,8,4
07/13/2026,1,21.7,0,07/07/2026,AUTO_MAN,8,4
07/13/2026,2,21.1,0,07/07/2026,AUTO_MAN,8,4
07/13/2026,3,20.6,0,07/07/2026,AUTO_MAN,8,4
07/13/2026,4,20,0,07/07/2026,AUTO_MAN,8,4
07/13/2026,5,20,0,07/07/2026,AUTO_MAN,8,4
07/13/2026,6,20,0,07/07/2026,AUTO_MAN,8,4
07/13/2026,7,21.1,0,07/07/2026,AUTO_MAN,8,4
07/13/2026,8,22.2,0,07/07/2026,AUTO_MAN,8,4
07/13/2026,9,23.9,0,07/07/2026,AUTO_MAN,8,4
07/13/2026,10,25.6,0,07/07/2026,AUTO_MAN,8,4
07/13/2026,11,26.7,0,07/07/2026,AUTO_MAN,8,4
07/13/2026,12,27.8,0,07/07/2026,AUTO_MAN,8,4
07/13/2026,13,28.9,0,07/07/2026,AUTO_MAN,8,4
07/13/2026,14,29.4,0,07/07/2026,AUTO_MAN,8,4
07/13/2026,15,30,0,07/07/2026,AUTO_MAN,8,4
07/13/2026,16,30,0,07/07/2026,AUTO_MAN,8,4
07/13/2026,17,30,0,07/07/2026,AUTO_MAN,8,4
07/13/2026,18,29.4,0,07/07/2026,AUTO_MAN,8,4
07/13/2026,19,28.9,0,07/07/2026,AUTO_MAN,8,4
07/13/2026,20,28.3,0,07/07/2026,AUTO_MAN,8,4
07/13/2026,21,27.2,0,07/07/2026,AUTO_MAN,8,4
07/13/2026,22,26.1,0,07/07/2026,AUTO_MAN,8,4
07/13/2026,23,25.6,0,07/07/2026,AUTO_MAN,8,4
07/13/2026,24,24.4,0,07/07/2026,AUTO_MAN,8,4
07/14/2026,1,23.9,0,07/07/2026,AUTO_MAN,8,4
07/14/2026,2,23.3,0,07/07/2026,AUTO_MAN,8,4
07/14/2026,3,22.8,0,07/07/2026,AUTO_MAN,8,4
07/14/2026,4,22.2,0,07/07/2026,AUTO_MAN,8,4
07/14/2026,5,21.7,0,07/07/2026,AUTO_MAN,8,4
07/14/2026,6,21.7,0,07/07/2026,AUTO_MAN,8,4
07/14/2026,7,22.2,0,07/07/2026,AUTO_MAN,8,4
07/14/2026,8,23.3,0,07/07/2026,AUTO_MAN,8,4
07/14/2026,9,25,0,07/07/2026,AUTO_MAN,8,4
07/14/2026,10,26.7,0,07/07/2026,AUTO_MAN,8,4
07/14/2026,11,28.3,0,07/07/2026,AUTO_MAN,8,4
07/14/2026,12,29.4,0,07/07/2026,AUTO_MAN,8,4
07/14/2026,13,30.6,0,07/07/2026,AUTO_MAN,8,4
07/14/2026,14,31.7,0,07/07/2026,AUTO_MAN,8,4
07/14/2026,15,31.7,0,07/07/2026,AUTO_MAN,8,4
07/14/2026,16,32.2,0,07/07/2026,AUTO_MAN,8,4
07/14/2026,17,32.2,0,07/07/2026,AUTO_MAN,8,4
07/14/2026,18,31.1,0,07/07/2026,AUTO_MAN,8,4
07/14/2026,19,30.6,0,07/07/2026,AUTO_MAN,8,4
07/14/2026,20,29.4,0,07/07/2026,AUTO_MAN,8,4
07/14/2026,21,28.3,0,07/07/2026,AUTO_MAN,8,4
07/14/2026,22,27.2,0,07/07/2026,AUTO_MAN,8,4
07/14/2026,23,26.7,0,07/07/2026,AUTO_MAN,8,4
07/14/2026,24,25.6,0,07/07/2026,AUTO_MAN,8,4
07/15/2026,1,24.4,0,07/07/2026,AUTO_MAN,8,4
07/15/2026,2,23.9,0,07/07/2026,AUTO_MAN,8,4
07/15/2026,3,23.3,0,07/07/2026,AUTO_MAN,8,4
07/15/2026,4,22.8,0,07/07/2026,AUTO_MAN,8,4
07/15/2026,5,22.2,0,07/07/2026,AUTO_MAN,8,4
07/15/2026,6,21.7,0,07/07/2026,AUTO_MAN,8,4
07/15/2026,7,22.2,0,07/07/2026,AUTO_MAN,8,4
07/15/2026,8,23.3,0,07/07/2026,AUTO_MAN,8,4
07/15/2026,9,24.4,0,07/07/2026,AUTO_MAN,8,4
07/15/2026,10,25.6,0,07/07/2026,AUTO_MAN,8,4
07/15/2026,11,26.7,0,07/07/2026,AUTO_MAN,8,4
07/15/2026,12,27.8,0,07/07/2026,AUTO_MAN,8,4
07/15/2026,13,28.3,0,07/07/2026,AUTO_MAN,8,4
07/15/2026,14,28.9,0,07/07/2026,AUTO_MAN,8,4
07/15/2026,15,28.9,0,07/07/2026,AUTO_MAN,8,4
07/15/2026,16,29.4,0,07/07/2026,AUTO_MAN,8,4
07/15/2026,17,30,0,07/07/2026,AUTO_MAN,8,4
07/15/2026,18,29.4,0,07/07/2026,AUTO_MAN,8,4
07/15/2026,19,28.3,0,07/07/2026,AUTO_MAN,8,4
07/15/2026,20,27.8,0,07/07/2026,AUTO_MAN,8,4
07/15/2026,21,26.7,0,07/07/2026,AUTO_MAN,8,4
07/15/2026,22,25.6,0,07/07/2026,AUTO_MAN,8,4
07/15/2026,23,25,0,07/07/2026,AUTO_MAN,8,4
07/15/2026,24,24.4,0,07/07/2026,AUTO_MAN,8,4
07/16/2026,1,23.3,0,07/07/2026,AUTO_MAN,8,4
07/16/2026,2,22.8,0,07/07/2026,AUTO_MAN,8,4
07/16/2026,3,22.2,0,07/07/2026,AUTO_MAN,8,4
07/16/2026,4,21.7,0,07/07/2026,AUTO_MAN,8,4
07/16/2026,5,21.7,0,07/07/2026,AUTO_MAN,8,4
07/16/2026,6,21.1,0,07/07/2026,AUTO_MAN,8,4
07/16/2026,7,21.7,0,07/07/2026,AUTO_MAN,8,4
07/16/2026,8,22.8,0,07/07/2026,AUTO_MAN,8,4
07/16/2026,9,23.9,0,07/07/2026,AUTO_MAN,8,4
07/16/2026,10,25,0,07/07/2026,AUTO_MAN,8,4
07/16/2026,11,26.1,0,07/07/2026,AUTO_MAN,8,4
07/16/2026,12,27.2,0,07/07/2026,AUTO_MAN,8,4
07/16/2026,13,28.3,0,07/07/2026,AUTO_MAN,8,4
07/16/2026,14,28.9,0,07/07/2026,AUTO_MAN,8,4
07/16/2026,15,28.3,0,07/07/2026,AUTO_MAN,8,4
07/16/2026,16,28.3,0,07/07/2026,AUTO_MAN,8,4
07/16/2026,17,27.8,0,07/07/2026,AUTO_MAN,8,4
07/16/2026,18,27.2,0,07/07/2026,AUTO_MAN,8,4
07/16/2026,19,26.1,0,07/07/2026,AUTO_MAN,8,4
07/16/2026,20,25.6,0,07/07/2026,AUTO_MAN,8,4
07/16/2026,21,25.6,0,07/07/2026,AUTO_MAN,8,4
07/16/2026,22,24.4,0,07/07/2026,AUTO_MAN,8,4
07/16/2026,23,23.3,0,07/07/2026,AUTO_MAN,8,4
07/16/2026,24,22.8,0,07/07/2026,AUTO_MAN,8,4
07/17/2026,1,21.7,0,07/07/2026,AUTO_MAN,8,4
07/17/2026,2,21.7,0,07/07/2026,AUTO_MAN,8,4
07/17/2026,3,21.1,0,07/07/2026,AUTO_MAN,8,4
07/17/2026,4,20.6,0,07/07/2026,AUTO_MAN,8,4
07/17/2026,5,20.6,0,07/07/2026,AUTO_MAN,8,4
07/17/2026,6,20.6,0,07/07/2026,AUTO_MAN,8,4
07/17/2026,7,21.7,0,07/07/2026,AUTO_MAN,8,4
07/17/2026,8,22.8,0,07/07/2026,AUTO_MAN,8,4
07/17/2026,9,23.9,0,07/07/2026,AUTO_MAN,8,4
07/17/2026,10,25.6,0,07/07/2026,AUTO_MAN,8,4
07/17/2026,11,26.7,0,07/07/2026,AUTO_MAN,8,4
07/17/2026,12,27.8,0,07/07/2026,AUTO_MAN,8,4
07/17/2026,13,28.3,0,07/07/2026,AUTO_MAN,8,4
07/17/2026,14,29.4,0,07/07/2026,AUTO_MAN,8,4
07/17/2026,15,30,0,07/07/2026,AUTO_MAN,8,4
07/17/2026,16,30,0,07/07/2026,AUTO_MAN,8,4
07/17/2026,17,30.6,0,07/07/2026,AUTO_MAN,8,4
07/17/2026,18,30,0,07/07/2026,AUTO_MAN,8,4
07/17/2026,19,28.9,0,07/07/2026,AUTO_MAN,8,4
07/17/2026,20,28.3,0,07/07/2026,AUTO_MAN,8,4
07/17/2026,21,26.7,0,07/07/2026,AUTO_MAN,8,4
07/17/2026,22,25.6,0,07/07/2026,AUTO_MAN,8,4
07/17/2026,23,24.4,0,07/07/2026,AUTO_MAN,8,4
07/17/2026,24,23.3,0,07/07/2026,AUTO_MAN,8,4
07/18/2026,1,22.2,1,07/07/2026,AUTO_MAN,8,4
07/18/2026,2,21.1,1,07/07/2026,AUTO_MAN,8,4
07/18/2026,3,20,1,07/07/2026,AUTO_MAN,8,4
07/18/2026,4,18.9,1,07/07/2026,AUTO_MAN,8,4
07/18/2026,5,18.3,1,07/07/2026,AUTO_MAN,8,4
07/18/2026,6,18.3,1,07/07/2026,AUTO_MAN,8,4
07/18/2026,7,18.9,1,07/07/2026,AUTO_MAN,8,4
07/18/2026,8,20,1,07/07/2026,AUTO_MAN,8,4
07/18/2026,9,21.1,1,07/07/2026,AUTO_MAN,8,4
07/18/2026,10,22.8,1,07/07/2026,AUTO_MAN,8,4
07/18/2026,11,23.9,1,07/07/2026,AUTO_MAN,8,4
07/18/2026,12,24.4,1,07/07/2026,AUTO_MAN,8,4
07/18/2026,13,25.6,1,07/07/2026,AUTO_MAN,8,4
07/18/2026,14,26.7,1,07/07/2026,AUTO_MAN,8,4
07/18/2026,15,27.2,1,07/07/2026,AUTO_MAN,8,4
07/18/2026,16,27.8,1,07/07/2026,AUTO_MAN,8,4
07/18/2026,17,28.3,1,07/07/2026,AUTO_MAN,8,4
07/18/2026,18,27.8,1,07/07/2026,AUTO_MAN,8,4
07/18/2026,19,27.2,1,07/07/2026,AUTO_MAN,8,4
07/18/2026,20,26.1,1,07/07/2026,AUTO_MAN,8,4
07/18/2026,21,25,1,07/07/2026,AUTO_MAN,8,4
07/18/2026,22,23.9,1,07/07/2026,AUTO_MAN,8,4
07/18/2026,23,22.8,1,07/07/2026,AUTO_MAN,8,4
07/18/2026,24,21.7,1,07/07/2026,AUTO_MAN,8,4
07/19/2026,1,21.1,1,07/07/2026,AUTO_MAN,8,4
07/19/2026,2,20,1,07/07/2026,AUTO_MAN,8,4
07/19/2026,3,19.4,1,07/07/2026,AUTO_MAN,8,4
07/19/2026,4,18.3,1,07/07/2026,AUTO_MAN,8,4
07/19/2026,5,18.3,1,07/07/2026,AUTO_MAN,8,4
07/19/2026,6,18.3,1,07/07/2026,AUTO_MAN,8,4
07/19/2026,7,18.9,1,07/07/2026,AUTO_MAN,8,4
07/19/2026,8,20.6,1,07/07/2026,AUTO_MAN,8,4
07/19/2026,9,21.7,1,07/07/2026,AUTO_MAN,8,4
07/19/2026,10,23.3,1,07/07/2026,AUTO_MAN,8,4
07/19/2026,11,25,1,07/07/2026,AUTO_MAN,8,4
07/19/2026,12,25.6,1,07/07/2026,AUTO_MAN,8,4
07/19/2026,13,26.7,1,07/07/2026,AUTO_MAN,8,4
07/19/2026,14,27.8,1,07/07/2026,AUTO_MAN,8,4
07/19/2026,15,27.8,1,07/07/2026,AUTO_MAN,8,4
07/19/2026,16,28.3,1,07/07/2026,AUTO_MAN,8,4
07/19/2026,17,27.8,1,07/07/2026,AUTO_MAN,8,4
07/19/2026,18,27.2,1,07/07/2026,AUTO_MAN,8,4
07/19/2026,19,26.7,1,07/07/2026,AUTO_MAN,8,4
07/19/2026,20,25.6,1,07/07/2026,AUTO_MAN,8,4
07/19/2026,21,24.4,1,07/07/2026,AUTO_MAN,8,4
07/19/2026,22,23.9,1,07/07/2026,AUTO_MAN,8,4
07/19/2026,23,22.8,1,07/07/2026,AUTO_MAN,8,4
07/19/2026,24,21.7,1,07/07/2026,AUTO_MAN,8,4
07/20/2026,1,21.1,0,07/07/2026,AUTO_MAN,8,4
07/20/2026,2,20.6,0,07/07/2026,AUTO_MAN,8,4
07/20/2026,3,20,0,07/07/2026,AUTO_MAN,8,4
07/20/2026,4,19.4,0,07/07/2026,AUTO_MAN,8,4
07/20/2026,5,18.9,0,07/07/2026,AUTO_MAN,8,4
07/20/2026,6,18.3,0,07/07/2026,AUTO_MAN,8,4
07/20/2026,7,18.9,0,07/07/2026,AUTO_MAN,8,4
07/20/2026,8,20,0,07/07/2026,AUTO_MAN,8,4
07/20/2026,9,21.7,0,07/07/2026,AUTO_MAN,8,4
07/20/2026,10,23.3,0,07/07/2026,AUTO_MAN,8,4
07/20/2026,11,24.4,0,07/07/2026,AUTO_MAN,8,4
07/20/2026,12,25.6,0,07/07/2026,AUTO_MAN,8,4
07/20/2026,13,26.7,0,07/07/2026,AUTO_MAN,8,4
07/20/2026,14,27.2,0,07/07/2026,AUTO_MAN,8,4
07/20/2026,15,27.8,0,07/07/2026,AUTO_MAN,8,4
07/20/2026,16,28.3,0,07/07/2026,AUTO_MAN,8,4
07/20/2026,17,27.8,0,07/07/2026,AUTO_MAN,8,4
07/20/2026,18,27.2,0,07/07/2026,AUTO_MAN,8,4
07/20/2026,19,26.7,0,07/07/2026,AUTO_MAN,8,4
07/20/2026,20,25.6,0,07/07/2026,AUTO_MAN,8,4
07/20/2026,21,24.4,0,07/07/2026,AUTO_MAN,8,4
07/20/2026,22,23.3,0,07/07/2026,AUTO_MAN,8,4
07/20/2026,23,22.2,0,07/07/2026,AUTO_MAN,8,4
07/20/2026,24,21.7,0,07/07/2026,AUTO_MAN,8,4
07/21/2026,1,20.6,0,07/07/2026,AUTO_MAN,8,4
07/21/2026,2,20,0,07/07/2026,AUTO_MAN,8,4
07/21/2026,3,19.4,0,07/07/2026,AUTO_MAN,8,4
07/21/2026,4,18.3,0,07/07/2026,AUTO_MAN,8,4
07/21/2026,5,17.8,0,07/07/2026,AUTO_MAN,8,4
07/21/2026,6,18.3,0,07/07/2026,AUTO_MAN,8,4
07/21/2026,7,18.9,0,07/07/2026,AUTO_MAN,8,4
07/21/2026,8,19.4,0,07/07/2026,AUTO_MAN,8,4
07/21/2026,9,21.1,0,07/07/2026,AUTO_MAN,8,4
07/21/2026,10,22.8,0,07/07/2026,AUTO_MAN,8,4
07/21/2026,11,24.4,0,07/07/2026,AUTO_MAN,8,4
07/21/2026,12,25,0,07/07/2026,AUTO_MAN,8,4
07/21/2026,13,26.1,0,07/07/2026,AUTO_MAN,8,4
07/21/2026,14,27.2,0,07/07/2026,AUTO_MAN,8,4
07/21/2026,15,27.8,0,07/07/2026,AUTO_MAN,8,4
07/21/2026,16,27.8,0,07/07/2026,AUTO_MAN,8,4
07/21/2026,17,27.8,0,07/07/2026,AUTO_MAN,8,4
07/21/2026,18,27.2,0,07/07/2026,AUTO_MAN,8,4
07/21/2026,19,27.2,0,07/07/2026,AUTO_MAN,8,4
07/21/2026,20,26.1,0,07/07/2026,AUTO_MAN,8,4
07/21/2026,21,24.4,0,07/07/2026,AUTO_MAN,8,4
07/21/2026,22,23.9,0,07/07/2026,AUTO_MAN,8,4
07/21/2026,23,22.8,0,07/07/2026,AUTO_MAN,8,4
07/21/2026,24,22.2,0,07/07/2026,AUTO_MAN,8,4
06/08/2026,1,71,0,06/15/2026,AUTO_MAN,9,2
06/08/2026,2,69,0,06/15/2026,AUTO_MAN,9,2
06/08/2026,3,68,0,06/15/2026,AUTO_MAN,9,2
06/08/2026,4,68,0,06/15/2026,AUTO_MAN,9,2
06/08/2026,5,66,0,06/15/2026,AUTO_MAN,9,2
06/08/2026,6,67,0,06/15/2026,AUTO_MAN,9,2
06/08/2026,7,72,0,06/15/2026,AUTO_MAN,9,2
06/08/2026,8,74,0,06/15/2026,AUTO_MAN,9,2
06/08/2026,9,77,0,06/15/2026,AUTO_MAN,9,2
06/08/2026,10,81,0,06/15/2026,AUTO_MAN,9,2
06/08/2026,11,83,0,06/15/2026,AUTO_MAN,9,2
06/08/2026,12,84,0,06/15/2026,AUTO_MAN,9,2
06/08/2026,13,83,0,06/15/2026,AUTO_MAN,9,2
06/08/2026,14,85,0,06/15/2026,AUTO_MAN,9,2
06/08/2026,15,86,0,06/15/2026,AUTO_MAN,9,2
06/08/2026,16,85,0,06/15/2026,AUTO_MAN,9,2
06/08/2026,17,84,0,06/15/2026,AUTO_MAN,9,2
06/08/2026,18,83,0,06/15/2026,AUTO_MAN,9,2
06/08/2026,19,82,0,06/15/2026,AUTO_MAN,9,2
06/08/2026,20,80,0,06/15/2026,AUTO_MAN,9,2
06/08/2026,21,79,0,06/15/2026,AUTO_MAN,9,2
06/08/2026,22,78,0,06/15/2026,AUTO_MAN,9,2
06/08/2026,23,76,0,06/15/2026,AUTO_MAN,9,2
06/08/2026,24,75,0,06/15/2026,AUTO_MAN,9,2
06/09/2026,1,76,0,06/16/2026,AUTO_MAN,9,2
06/09/2026,2,74,0,06/16/2026,AUTO_MAN,9,2
06/09/2026,3,73,0,06/16/2026,AUTO_MAN,9,2
06/09/2026,4,72,0,06/16/2026,AUTO_MAN,9,2
06/09/2026,5,72,0,06/16/2026,AUTO_MAN,9,2
06/09/2026,6,73,0,06/16/2026,AUTO_MAN,9,2
06/09/2026,7,74,0,06/16/2026,AUTO_MAN,9,2
06/09/2026,8,77,0,06/16/2026,AUTO_MAN,9,2
06/09/2026,9,80,0,06/16/2026,AUTO_MAN,9,2
06/09/2026,10,79,0,06/16/2026,AUTO_MAN,9,2
06/09/2026,11,79,0,06/16/2026,AUTO_MAN,9,2
06/09/2026,12,82,0,06/16/2026,AUTO_MAN,9,2
06/09/2026,13,83,0,06/16/2026,AUTO_MAN,9,2
06/09/2026,14,85,0,06/16/2026,AUTO_MAN,9,2
06/09/2026,15,83,0,06/16/2026,AUTO_MAN,9,2
06/09/2026,16,83,0,06/16/2026,AUTO_MAN,9,2
06/09/2026,17,84,0,06/16/2026,AUTO_MAN,9,2
06/09/2026,18,84,0,06/16/2026,AUTO_MAN,9,2
06/09/2026,19,80,0,06/16/2026,AUTO_MAN,9,2
06/09/2026,20,79,0,06/16/2026,AUTO_MAN,9,2
06/09/2026,21,77,0,06/16/2026,AUTO_MAN,9,2
06/09/2026,22,76,0,06/16/2026,AUTO_MAN,9,2
06/09/2026,23,75,0,06/16/2026,AUTO_MAN,9,2
06/09/2026,24,75,0,06/16/2026,AUTO_MAN,9,2
06/10/2026,1,75,0,06/17/2026,AUTO_MAN,9,2
06/10/2026,2,76,0,06/17/2026,AUTO_MAN,9,2
06/10/2026,3,75,0,06/17/2026,AUTO_MAN,9,2
06/10/2026,4,73,0,06/17/2026,AUTO_MAN,9,2
06/10/2026,5,71,0,06/17/2026,AUTO_MAN,9,2
06/10/2026,6,71,0,06/17/2026,AUTO_MAN,9,2
06/10/2026,7,73,0,06/17/2026,AUTO_MAN,9,2
06/10/2026,8,75,0,06/17/2026,AUTO_MAN,9,2
06/10/2026,9,77,0,06/17/2026,AUTO_MAN,9,2
06/10/2026,10,81,0,06/17/2026,AUTO_MAN,9,2
06/10/2026,11,81,0,06/17/2026,AUTO_MAN,9,2
06/10/2026,12,84,0,06/17/2026,AUTO_MAN,9,2
06/10/2026,13,86,0,06/17/2026,AUTO_MAN,9,2
06/10/2026,14,89,0,06/17/2026,AUTO_MAN,9,2
06/10/2026,15,88,0,06/17/2026,AUTO_MAN,9,2
06/10/2026,16,88,0,06/17/2026,AUTO_MAN,9,2
06/10/2026,17,89,0,06/17/2026,AUTO_MAN,9,2
06/10/2026,18,88,0,06/17/2026,AUTO_MAN,9,2
06/10/2026,19,87,0,06/17/2026,AUTO_MAN,9,2
06/10/2026,20,84,0,06/17/2026,AUTO_MAN,9,2
06/10/2026,21,81,0,06/17/2026,AUTO_MAN,9,2
06/10/2026,22,81,0,06/17/2026,AUTO_MAN,9,2
06/10/2026,23,80,0,06/17/2026,AUTO_MAN,9,2
06/10/2026,24,79,0,06/17/2026,AUTO_MAN,9,2
06/11/2026,1,78,0,06/18/2026,AUTO_MAN,9,2
06/11/2026,2,77,0,06/18/2026,AUTO_MAN,9,2
06/11/2026,3,76,0,06/18/2026,AUTO_MAN,9,2
06/11/2026,4,76,0,06/18/2026,AUTO_MAN,9,2
06/11/2026,5,75,0,06/18/2026,AUTO_MAN,9,2
06/11/2026,6,76,0,06/18/2026,AUTO_MAN,9,2
06/11/2026,7,78,0,06/18/2026,AUTO_MAN,9,2
06/11/2026,8,81,0,06/18/2026,AUTO_MAN,9,2
06/11/2026,9,83,0,06/18/2026,AUTO_MAN,9,2
06/11/2026,10,85,0,06/18/2026,AUTO_MAN,9,2
06/11/2026,11,87,0,06/18/2026,AUTO_MAN,9,2
06/11/2026,12,86,0,06/18/2026,AUTO_MAN,9,2
06/11/2026,13,87,0,06/18/2026,AUTO_MAN,9,2
06/11/2026,14,85,0,06/18/2026,AUTO_MAN,9,2
06/11/2026,15,87,0,06/18/2026,AUTO_MAN,9,2
06/11/2026,16,87,0,06/18/2026,AUTO_MAN,9,2
06/11/2026,17,89,0,06/18/2026,AUTO_MAN,9,2
06/11/2026,18,88,0,06/18/2026,AUTO_MAN,9,2
06/11/2026,19,87,0,06/18/2026,AUTO_MAN,9,2
06/11/2026,20,82,0,06/18/2026,AUTO_MAN,9,2
06/11/2026,21,81,0,06/18/2026,AUTO_MAN,9,2
06/11/2026,22,79,0,06/18/2026,AUTO_MAN,9,2
06/11/2026,23,79,0,06/18/2026,AUTO_MAN,9,2
06/11/2026,24,78,0,06/18/2026,AUTO_MAN,9,2
06/12/2026,1,78,0,06/19/2026,AUTO_MAN,9,2
06/12/2026,2,75,0,06/19/2026,AUTO_MAN,9,2
06/12/2026,3,71,0,06/19/2026,AUTO_MAN,9,2
06/12/2026,4,69,0,06/19/2026,AUTO_MAN,9,2
06/12/2026,5,69,0,06/19/2026,AUTO_MAN,9,2
06/12/2026,6,69,0,06/19/2026,AUTO_MAN,9,2
06/12/2026,7,71,0,06/19/2026,AUTO_MAN,9,2
06/12/2026,8,72,0,06/19/2026,AUTO_MAN,9,2
06/12/2026,9,72,0,06/19/2026,AUTO_MAN,9,2
06/12/2026,10,73,0,06/19/2026,AUTO_MAN,9,2
06/12/2026,11,73,0,06/19/2026,AUTO_MAN,9,2
06/12/2026,12,75,0,06/19/2026,AUTO_MAN,9,2
06/12/2026,13,77,0,06/19/2026,AUTO_MAN,9,2
06/12/2026,14,80,0,06/19/2026,AUTO_MAN,9,2
06/12/2026,15,79,0,06/19/2026,AUTO_MAN,9,2
06/12/2026,16,82,0,06/19/2026,AUTO_MAN,9,2
06/12/2026,17,83,0,06/19/2026,AUTO_MAN,9,2
06/12/2026,18,82,0,06/19/2026,AUTO_MAN,9,2
06/12/2026,19,79,0,06/19/2026,AUTO_MAN,9,2
06/12/2026,20,75,0,06/19/2026,AUTO_MAN,9,2
06/12/2026,21,73,0,06/19/2026,AUTO_MAN,9,2
06/12/2026,22,70,0,06/19/2026,AUTO_MAN,9,2
06/12/2026,23,67,0,06/19/2026,AUTO_MAN,9,2
06/12/2026,24,67,0,06/19/2026,AUTO_MAN,9,2
06/13/2026,1,65,1,06/20/2026,AUTO_MAN,9,2
06/13/2026,2,65,1,06/20/2026,AUTO_MAN,9,2
06/13/2026,3,60,1,06/20/2026,AUTO_MAN,9,2
06/13/2026,4,61,1,06/20/2026,AUTO_MAN,9,2
06/13/2026,5,60,1,06/20/2026,AUTO_MAN,9,2
06/13/2026,6,60,1,06/20/2026,AUTO_MAN,9,2
06/13/2026,7,66,1,06/20/2026,AUTO_MAN,9,2
06/13/2026,8,70,1,06/20/2026,AUTO_MAN,9,2
06/13/2026,9,75,1,06/20/2026,AUTO_MAN,9,2
06/13/2026,10,78,1,06/20/2026,AUTO_MAN,9,2
06/13/2026,11,79,1,06/20/2026,AUTO_MAN,9,2
06/13/2026,12,81,1,06/20/2026,AUTO_MAN,9,2
06/13/2026,13,83,1,06/20/2026,AUTO_MAN,9,2
06/13/2026,14,84,1,06/20/2026,AUTO_MAN,9,2
06/13/2026,15,85,1,06/20/2026,AUTO_MAN,9,2
06/13/2026,16,84,1,06/20/2026,AUTO_MAN,9,2
06/13/2026,17,83,1,06/20/2026,AUTO_MAN,9,2
06/13/2026,18,81,1,06/20/2026,AUTO_MAN,9,2
06/13/2026,19,79,1,06/20/2026,AUTO_MAN,9,2
06/13/2026,20,77,1,06/20/2026,AUTO_MAN,9,2
06/13/2026,21,75,1,06/20/2026,AUTO_MAN,9,2
06/13/2026,22,75,1,06/20/2026,AUTO_MAN,9,2
06/13/2026,23,74,1,06/20/2026,AUTO_MAN,9,2
06/13/2026,24,72,1,06/20/2026,AUTO_MAN,9,2
06/14/2026,1,72,1,06/21/2026,AUTO_MAN,9,2
06/14/2026,2,72,1,06/21/2026,AUTO_MAN,9,2
06/14/2026,3,72,1,06/21/2026,AUTO_MAN,9,2
06/14/2026,4,71,1,06/21/2026,AUTO_MAN,9,2
06/14/2026,5,71,1,06/21/2026,AUTO_MAN,9,2
06/14/2026,6,67,1,06/21/2026,AUTO_MAN,9,2
06/14/2026,7,68,1,06/21/2026,AUTO_MAN,9,2
06/14/2026,8,72,1,06/21/2026,AUTO_MAN,9,2
06/14/2026,9,75,1,06/21/2026,AUTO_MAN,9,2
06/14/2026,10,78,1,06/21/2026,AUTO_MAN,9,2
06/14/2026,11,80,1,06/21/2026,AUTO_MAN,9,2
06/14/2026,12,80,1,06/21/2026,AUTO_MAN,9,2
06/14/2026,13,80,1,06/21/2026,AUTO_MAN,9,2
06/14/2026,14,80,1,06/21/2026,AUTO_MAN,9,2
06/14/2026,15,83,1,06/21/2026,AUTO_MAN,9,2
06/14/2026,16,68,1,06/21/2026,AUTO_MAN,9,2
06/14/2026,17,67,1,06/21/2026,AUTO_MAN,9,2
06/14/2026,18,66,1,06/21/2026,AUTO_MAN,9,2
06/14/2026,19,67,1,06/21/2026,AUTO_MAN,9,2
06/14/2026,20,65,1,06/21/2026,AUTO_MAN,9,2
06/14/2026,21,63,1,06/21/2026,AUTO_MAN,9,2
06/14/2026,22,61,1,06/21/2026,AUTO_MAN,9,2
06/14/2026,23,59,1,06/21/2026,AUTO_MAN,9,2
06/14/2026,24,59,1,06/21/2026,AUTO_MAN,9,2
06/15/2026,1,58,0,06/22/2026,AUTO_MAN,9,2
06/15/2026,2,58,0,06/22/2026,AUTO_MAN,9,2
06/15/2026,3,58,0,06/22/2026,AUTO_MAN,9,2
06/15/2026,4,57,0,06/22/2026,AUTO_MAN,9,2
06/15/2026,5,56,0,06/22/2026,AUTO_MAN,9,2
06/15/2026,6,57,0,06/22/2026,AUTO_MAN,9,2
06/15/2026,7,58,0,06/22/2026,AUTO_MAN,9,2
06/15/2026,8,62,0,06/22/2026,AUTO_MAN,9,2
06/15/2026,9,63,0,06/22/2026,AUTO_MAN,9,2
06/15/2026,10,65,0,06/22/2026,AUTO_MAN,9,2
06/15/2026,11,64,0,06/22/2026,AUTO_MAN,9,2
06/15/2026,12,66,0,06/22/2026,AUTO_MAN,9,2
06/15/2026,13,68,0,06/22/2026,AUTO_MAN,9,2
06/15/2026,14,67,0,06/22/2026,AUTO_MAN,9,2
06/15/2026,15,69,0,06/22/2026,AUTO_MAN,9,2
06/15/2026,16,68,0,06/22/2026,AUTO_MAN,9,2
06/15/2026,17,69,0,06/22/2026,AUTO_MAN,9,2
06/15/2026,18,71,0,06/22/2026,AUTO_MAN,9,2
06/15/2026,19,69,0,06/22/2026,AUTO_MAN,9,2
06/15/2026,20,66,0,06/22/2026,AUTO_MAN,9,2
06/15/2026,21,64,0,06/22/2026,AUTO_MAN,9,2
06/15/2026,22,60,0,06/22/2026,AUTO_MAN,9,2
06/15/2026,23,56,0,06/22/2026,AUTO_MAN,9,2
06/15/2026,24,58,0,06/22/2026,AUTO_MAN,9,2
06/16/2026,1,55,0,06/23/2026,AUTO_MAN,9,2
06/16/2026,2,55,0,06/23/2026,AUTO_MAN,9,2
06/16/2026,3,55,0,06/23/2026,AUTO_MAN,9,2
06/16/2026,4,54,0,06/23/2026,AUTO_MAN,9,2
06/16/2026,5,52,0,06/23/2026,AUTO_MAN,9,2
06/16/2026,6,54,0,06/23/2026,AUTO_MAN,9,2
06/16/2026,7,59,0,06/23/2026,AUTO_MAN,9,2
06/16/2026,8,65,0,06/23/2026,AUTO_MAN,9,2
06/16/2026,9,69,0,06/23/2026,AUTO_MAN,9,2
06/16/2026,10,72,0,06/23/2026,AUTO_MAN,9,2
06/16/2026,11,73,0,06/23/2026,AUTO_MAN,9,2
06/16/2026,12,75,0,06/23/2026,AUTO_MAN,9,2
06/16/2026,13,74,0,06/23/2026,AUTO_MAN,9,2
06/16/2026,14,77,0,06/23/2026,AUTO_MAN,9,2
06/16/2026,15,77,0,06/23/2026,AUTO_MAN,9,2
06/16/2026,16,77,0,06/23/2026,AUTO_MAN,9,2
06/16/2026,17,74,0,06/23/2026,AUTO_MAN,9,2
06/16/2026,18,74,0,06/23/2026,AUTO_MAN,9,2
06/16/2026,19,74,0,06/23/2026,AUTO_MAN,9,2
06/16/2026,20,71,0,06/23/2026,AUTO_MAN,9,2
06/16/2026,21,71,0,06/23/2026,AUTO_MAN,9,2
06/16/2026,22,68,0,06/23/2026,AUTO_MAN,9,2
06/16/2026,23,65,0,06/23/2026,AUTO_MAN,9,2
06/16/2026,24,64,0,06/23/2026,AUTO_MAN,9,2
06/17/2026,1,63,0,06/24/2026,AUTO_MAN,9,2
06/17/2026,2,63,0,06/24/2026,AUTO_MAN,9,2
06/17/2026,3,62,0,06/24/2026,AUTO_MAN,9,2
06/17/2026,4,60,0,06/24/2026,AUTO_MAN,9,2
06/17/2026,5,59,0,06/24/2026,AUTO_MAN,9,2
06/17/2026,6,61,0,06/24/2026,AUTO_MAN,9,2
06/17/2026,7,64,0,06/24/2026,AUTO_MAN,9,2
06/17/2026,8,67,0,06/24/2026,AUTO_MAN,9,2
06/17/2026,9,70,0,06/24/2026,AUTO_MAN,9,2
06/17/2026,10,73,0,06/24/2026,AUTO_MAN,9,2
06/17/2026,11,75,0,06/24/2026,AUTO_MAN,9,2
06/17/2026,12,79,0,06/24/2026,AUTO_MAN,9,2
06/17/2026,13,78,0,06/24/2026,AUTO_MAN,9,2
06/17/2026,14,80,0,06/24/2026,AUTO_MAN,9,2
06/17/2026,15,80,0,06/24/2026,AUTO_MAN,9,2
06/17/2026,16,78,0,06/24/2026,AUTO_MAN,9,2
06/17/2026,17,76,0,06/24/2026,AUTO_MAN,9,2
06/17/2026,18,73,0,06/24/2026,AUTO_MAN,9,2
06/17/2026,19,71,0,06/24/2026,AUTO_MAN,9,2
06/17/2026,20,71,0,06/24/2026,AUTO_MAN,9,2
06/17/2026,21,71,0,06/24/2026,AUTO_MAN,9,2
06/17/2026,22,72,0,06/24/2026,AUTO_MAN,9,2
06/17/2026,23,71,0,06/24/2026,AUTO_MAN,9,2
06/17/2026,24,71,0,06/24/2026,AUTO_MAN,9,2
06/18/2026,1,70,0,06/25/2026,AUTO_MAN,9,2
06/18/2026,2,70,0,06/25/2026,AUTO_MAN,9,2
06/18/2026,3,70,0,06/25/2026,AUTO_MAN,9,2
06/18/2026,4,70,0,06/25/2026,AUTO_MAN,9,2
06/18/2026,5,70,0,06/25/2026,AUTO_MAN,9,2
06/18/2026,6,70,0,06/25/2026,AUTO_MAN,9,2
06/18/2026,7,70,0,06/25/2026,AUTO_MAN,9,2
06/18/2026,8,73,0,06/25/2026,AUTO_MAN,9,2
06/18/2026,9,76,0,06/25/2026,AUTO_MAN,9,2
06/18/2026,10,77,0,06/25/2026,AUTO_MAN,9,2
06/18/2026,11,77,0,06/25/2026,AUTO_MAN,9,2
06/18/2026,12,78,0,06/25/2026,AUTO_MAN,9,2
06/18/2026,13,79,0,06/25/2026,AUTO_MAN,9,2
06/18/2026,14,79,0,06/25/2026,AUTO_MAN,9,2
06/18/2026,15,79,0,06/25/2026,AUTO_MAN,9,2
06/18/2026,16,79,0,06/25/2026,AUTO_MAN,9,2
06/18/2026,17,77,0,06/25/2026,AUTO_MAN,9,2
06/18/2026,18,76,0,06/25/2026,AUTO_MAN,9,2
06/18/2026,19,76,0,06/25/2026,AUTO_MAN,9,2
06/18/2026,20,73,0,06/25/2026,AUTO_MAN,9,2
06/18/2026,21,71,0,06/25/2026,AUTO_MAN,9,2
06/18/2026,22,69,0,06/25/2026,AUTO_MAN,9,2
06/18/2026,23,69,0,06/25/2026,AUTO_MAN,9,2
06/18/2026,24,68,0,06/25/2026,AUTO_MAN,9,2
06/19/2026,1,67,0,06/26/2026,AUTO_MAN,9,2
06/19/2026,2,64,0,06/26/2026,AUTO_MAN,9,2
06/19/2026,3,62,0,06/26/2026,AUTO_MAN,9,2
06/19/2026,4,60,0,06/26/2026,AUTO_MAN,9,2
06/19/2026,5,59,0,06/26/2026,AUTO_MAN,9,2
06/19/2026,6,60,0,06/26/2026,AUTO_MAN,9,2
06/19/2026,7,63,0,06/26/2026,AUTO_MAN,9,2
06/19/2026,8,67,0,06/26/2026,AUTO_MAN,9,2
06/19/2026,9,70,0,06/26/2026,AUTO_MAN,9,2
06/19/2026,10,72,0,06/26/2026,AUTO_MAN,9,2
06/19/2026,11,74,0,06/26/2026,AUTO_MAN,9,2
06/19/2026,12,73,0,06/26/2026,AUTO_MAN,9,2
06/19/2026,13,75,0,06/26/2026,AUTO_MAN,9,2
06/19/2026,14,79,0,06/26/2026,AUTO_MAN,9,2
06/19/2026,15,78,0,06/26/2026,AUTO_MAN,9,2
06/19/2026,16,77,0,06/26/2026,AUTO_MAN,9,2
06/19/2026,17,78,0,06/26/2026,AUTO_MAN,9,2
06/19/2026,18,77,0,06/26/2026,AUTO_MAN,9,2
06/19/2026,19,76,0,06/26/2026,AUTO_MAN,9,2
06/19/2026,20,73,0,06/26/2026,AUTO_MAN,9,2
06/19/2026,21,70,0,06/26/2026,AUTO_MAN,9,2
06/19/2026,22,67,0,06/26/2026,AUTO_MAN,9,2
06/19/2026,23,65,0,06/26/2026,AUTO_MAN,9,2
06/19/2026,24,64,0,06/26/2026,AUTO_MAN,9,2
06/20/2026,1,64,1,06/27/2026,AUTO_MAN,9,2
06/20/2026,2,62,1,06/27/2026,AUTO_MAN,9,2
06/20/2026,3,61,1,06/27/2026,AUTO_MAN,9,2
06/20/2026,4,59,1,06/27/2026,AUTO_MAN,9,2
06/20/2026,5,58,1,06/27/2026,AUTO_MAN,9,2
06/20/2026,6,60,1,06/27/2026,AUTO_MAN,9,2
06/20/2026,7,63,1,06/27/2026,AUTO_MAN,9,2
06/20/2026,8,65,1,06/27/2026,AUTO_MAN,9,2
06/20/2026,9,72,1,06/27/2026,AUTO_MAN,9,2
06/20/2026,10,70,1,06/27/2026,AUTO_MAN,9,2
06/20/2026,11,71,1,06/27/2026,AUTO_MAN,9,2
06/20/2026,12,74,1,06/27/2026,AUTO_MAN,9,2
06/20/2026,13,76,1,06/27/2026,AUTO_MAN,9,2
06/20/2026,14,78,1,06/27/2026,AUTO_MAN,9,2
06/20/2026,15,76,1,06/27/2026,AUTO_MAN,9,2
06/20/2026,16,79,1,06/27/2026,AUTO_MAN,9,2
06/20/2026,17,80,1,06/27/2026,AUTO_MAN,9,2
06/20/2026,18,80,1,06/27/2026,AUTO_MAN,9,2
06/20/2026,19,78,1,06/27/2026,AUTO_MAN,9,2
06/20/2026,20,76,1,06/27/2026,AUTO_MAN,9,2
06/20/2026,21,71,1,06/27/2026,AUTO_MAN,9,2
06/20/2026,22,69,1,06/27/2026,AUTO_MAN,9,2
06/20/2026,23,67,1,06/27/2026,AUTO_MAN,9,2
06/20/2026,24,65,1,06/27/2026,AUTO_MAN,9,2
06/21/2026,1,65,1,06/28/2026,AUTO_MAN,9,2
06/21/2026,2,61,1,06/28/2026,AUTO_MAN,9,2
06/21/2026,3,61,1,06/28/2026,AUTO_MAN,9,2
06/21/2026,4,58,1,06/28/2026,AUTO_MAN,9,2
06/21/2026,5,57,1,06/28/2026,AUTO_MAN,9,2
06/21/2026,6,55,1,06/28/2026,AUTO_MAN,9,2
06/21/2026,7,60,1,06/28/2026,AUTO_MAN,9,2
06/21/2026,8,64,1,06/28/2026,AUTO_MAN,9,2
06/21/2026,9,67,1,06/28/2026,AUTO_MAN,9,2
06/21/2026,10,70,1,06/28/2026,AUTO_MAN,9,2
06/21/2026,11,74,1,06/28/2026,AUTO_MAN,9,2
06/21/2026,12,75,1,06/28/2026,AUTO_MAN,9,2
06/21/2026,13,77,1,06/28/2026,AUTO_MAN,9,2
06/21/2026,14,76,1,06/28/2026,AUTO_MAN,9,2
06/21/2026,15,76,1,06/28/2026,AUTO_MAN,9,2
06/21/2026,16,77,1,06/28/2026,AUTO_MAN,9,2
06/21/2026,17,75,1,06/28/2026,AUTO_MAN,9,2
06/21/2026,18,76,1,06/28/2026,AUTO_MAN,9,2
06/21/2026,19,73,1,06/28/2026,AUTO_MAN,9,2
06/21/2026,20,72,1,06/28/2026,AUTO_MAN,9,2
06/21/2026,21,71,1,06/28/2026,AUTO_MAN,9,2
06/21/2026,22,68,1,06/28/2026,AUTO_MAN,9,2
06/21/2026,23,64,1,06/28/2026,AUTO_MAN,9,2
06/21/2026,24,64,1,06/28/2026,AUTO_MAN,9,2
06/22/2026,1,65,0,06/29/2026,AUTO_MAN,9,2
06/22/2026,2,67,0,06/29/2026,AUTO_MAN,9,2
06/22/2026,3,68,0,06/29/2026,AUTO_MAN,9,2
06/22/2026,4,68,0,06/29/2026,AUTO_MAN,9,2
06/22/2026,5,68,0,06/29/2026,AUTO_MAN,9,2
06/22/2026,6,67,0,06/29/2026,AUTO_MAN,9,2
06/22/2026,7,70,0,06/29/2026,AUTO_MAN,9,2
06/22/2026,8,72,0,06/29/2026,AUTO_MAN,9,2
06/22/2026,9,73,0,06/29/2026,AUTO_MAN,9,2
06/22/2026,10,74,0,06/29/2026,AUTO_MAN,9,2
06/22/2026,11,73,0,06/29/2026,AUTO_MAN,9,2
06/22/2026,12,78,0,06/29/2026,AUTO_MAN,9,2
06/22/2026,13,79,0,06/29/2026,AUTO_MAN,9,2
06/22/2026,14,75,0,06/29/2026,AUTO_MAN,9,2
06/22/2026,15,74,0,06/29/2026,AUTO_MAN,9,2
06/22/2026,16,71,0,06/29/2026,AUTO_MAN,9,2
06/22/2026,17,71,0,06/29/2026,AUTO_MAN,9,2
06/22/2026,18,70,0,06/29/2026,AUTO_MAN,9,2
06/22/2026,19,69,0,06/29/2026,AUTO_MAN,9,2
06/22/2026,20,67,0,06/29/2026,AUTO_MAN,9,2
06/22/2026,21,67,0,06/29/2026,AUTO_MAN,9,2
06/22/2026,22,66,0,06/29/2026,AUTO_MAN,9,2
06/22/2026,23,66,0,06/29/2026,AUTO_MAN,9,2
06/22/2026,24,65,0,06/29/2026,AUTO_MAN,9,2
06/23/2026,1,64,0,06/30/2026,AUTO_MAN,9,2
06/23/2026,2,62,0,06/30/2026,AUTO_MAN,9,2
06/23/2026,3,61,0,06/30/2026,AUTO_MAN,9,2
06/23/2026,4,60,0,06/30/2026,AUTO_MAN,9,2
06/23/2026,5,59,0,06/30/2026,AUTO_MAN,9,2
06/23/2026,6,60,0,06/30/2026,AUTO_MAN,9,2
06/23/2026,7,63,0,06/30/2026,AUTO_MAN,9,2
06/23/2026,8,66,0,06/30/2026,AUTO_MAN,9,2
06/23/2026,9,69,0,06/30/2026,AUTO_MAN,9,2
06/23/2026,10,72,0,06/30/2026,AUTO_MAN,9,2
06/23/2026,11,73,0,06/30/2026,AUTO_MAN,9,2
06/23/2026,12,76,0,06/30/2026,AUTO_MAN,9,2
06/23/2026,13,76,0,06/30/2026,AUTO_MAN,9,2
06/23/2026,14,76,0,06/30/2026,AUTO_MAN,9,2
06/23/2026,15,78,0,06/30/2026,AUTO_MAN,9,2
06/23/2026,16,78,0,06/30/2026,AUTO_MAN,9,2
06/23/2026,17,78,0,06/30/2026,AUTO_MAN,9,2
06/23/2026,18,76,0,06/30/2026,AUTO_MAN,9,2
06/23/2026,19,74,0,06/30/2026,AUTO_MAN,9,2
06/23/2026,20,71,0,06/30/2026,AUTO_MAN,9,2
06/23/2026,21,70,0,06/30/2026,AUTO_MAN,9,2
06/23/2026,22,67,0,06/30/2026,AUTO_MAN,9,2
06/23/2026,23,65,0,06/30/2026,AUTO_MAN,9,2
06/23/2026,24,62,0,06/30/2026,AUTO_MAN,9,2
06/24/2026,1,59,0,07/01/2026,AUTO_MAN,9,2
06/24/2026,2,61,0,07/01/2026,AUTO_MAN,9,2
06/24/2026,3,60,0,07/01/2026,AUTO_MAN,9,2
06/24/2026,4,58,0,07/01/2026,AUTO_MAN,9,2
06/24/2026,5,57,0,07/01/2026,AUTO_MAN,9,2
06/24/2026,6,57,0,07/01/2026,AUTO_MAN,9,2
06/24/2026,7,62,0,07/01/2026,AUTO_MAN,9,2
06/24/2026,8,67,0,07/01/2026,AUTO_MAN,9,2
06/24/2026,9,71,0,07/01/2026,AUTO_MAN,9,2
06/24/2026,10,73,0,07/01/2026,AUTO_MAN,9,2
06/24/2026,11,75,0,07/01/2026,AUTO_MAN,9,2
06/24/2026,12,77,0,07/01/2026,AUTO_MAN,9,2
06/24/2026,13,78,0,07/01/2026,AUTO_MAN,9,2
06/24/2026,14,78,0,07/01/2026,AUTO_MAN,9,2
06/24/2026,15,78,0,07/01/2026,AUTO_MAN,9,2
06/24/2026,16,80,0,07/01/2026,AUTO_MAN,9,2
06/24/2026,17,79,0,07/01/2026,AUTO_MAN,9,2
06/24/2026,18,79,0,07/01/2026,AUTO_MAN,9,2
06/24/2026,19,76,0,07/01/2026,AUTO_MAN,9,2
06/24/2026,20,74,0,07/01/2026,AUTO_MAN,9,2
06/24/2026,21,71,0,07/01/2026,AUTO_MAN,9,2
06/24/2026,22,68,0,07/01/2026,AUTO_MAN,9,2
06/24/2026,23,69,0,07/01/2026,AUTO_MAN,9,2
06/24/2026,24,68,0,07/01/2026,AUTO_MAN,9,2
06/25/2026,1,67,0,07/02/2026,AUTO_MAN,9,2
06/25/2026,2,65,0,07/02/2026,AUTO_MAN,9,2
06/25/2026,3,64,0,07/02/2026,AUTO_MAN,9,2
06/25/2026,4,64,0,07/02/2026,AUTO_MAN,9,2
06/25/2026,5,62,0,07/02/2026,AUTO_MAN,9,2
06/25/2026,6,63,0,07/02/2026,AUTO_MAN,9,2
06/25/2026,7,66,0,07/02/2026,AUTO_MAN,9,2
06/25/2026,8,71,0,07/02/2026,AUTO_MAN,9,2
06/25/2026,9,72,0,07/02/2026,AUTO_MAN,9,2
06/25/2026,10,73,0,07/02/2026,AUTO_MAN,9,2
06/25/2026,11,77,0,07/02/2026,AUTO_MAN,9,2
06/25/2026,12,79,0,07/02/2026,AUTO_MAN,9,2
06/25/2026,13,80,0,07/02/2026,AUTO_MAN,9,2
06/25/2026,14,81,0,07/02/2026,AUTO_MAN,9,2
06/25/2026,15,82,0,07/02/2026,AUTO_MAN,9,2
06/25/2026,16,76,0,07/02/2026,AUTO_MAN,9,2
06/25/2026,17,79,0,07/02/2026,AUTO_MAN,9,2
06/25/2026,18,77,0,07/02/2026,AUTO_MAN,9,2
06/25/2026,19,76,0,07/02/2026,AUTO_MAN,9,2
06/25/2026,20,73,0,07/02/2026,AUTO_MAN,9,2
06/25/2026,21,73,0,07/02/2026,AUTO_MAN,9,2
06/25/2026,22,71,0,07/02/2026,AUTO_MAN,9,2
06/25/2026,23,70,0,07/02/2026,AUTO_MAN,9,2
06/25/2026,24,69,0,07/02/2026,AUTO_MAN,9,2
06/26/2026,1,68,0,07/03/2026,AUTO_MAN,9,2
06/26/2026,2,68,0,07/03/2026,AUTO_MAN,9,2
06/26/2026,3,68,0,07/03/2026,AUTO_MAN,9,2
06/26/2026,4,67,0,07/03/2026,AUTO_MAN,9,2
06/26/2026,5,67,0,07/03/2026,AUTO_MAN,9,2
06/26/2026,6,66,0,07/03/2026,AUTO_MAN,9,2
06/26/2026,7,67,0,07/03/2026,AUTO_MAN,9,2
06/26/2026,8,69,0,07/03/2026,AUTO_MAN,9,2
06/26/2026,9,71,0,07/03/2026,AUTO_MAN,9,2
06/26/2026,10,72,0,07/03/2026,AUTO_MAN,9,2
06/26/2026,11,73,0,07/03/2026,AUTO_MAN,9,2
06/26/2026,12,74,0,07/03/2026,AUTO_MAN,9,2
06/26/2026,13,75,0,07/03/2026,AUTO_MAN,9,2
06/26/2026,14,76,0,07/03/2026,AUTO_MAN,9,2
06/26/2026,15,71,0,07/03/2026,AUTO_MAN,9,2
06/26/2026,16,73,0,07/03/2026,AUTO_MAN,9,2
06/26/2026,17,74,0,07/03/2026,AUTO_MAN,9,2
06/26/2026,18,73,0,07/03/2026,AUTO_MAN,9,2
06/26/2026,19,72,0,07/03/2026,AUTO_MAN,9,2
06/26/2026,20,71,0,07/03/2026,AUTO_MAN,9,2
06/26/2026,21,70,0,07/03/2026,AUTO_MAN,9,2
06/26/2026,22,70,0,07/03/2026,AUTO_MAN,9,2
06/26/2026,23,71,0,07/03/2026,AUTO_MAN,9,2
06/26/2026,24,70,0,07/03/2026,AUTO_MAN,9,2
06/27/2026,1,70,1,07/04/2026,AUTO_MAN,9,2
06/27/2026,2,70,1,07/04/2026,AUTO_MAN,9,2
06/27/2026,3,70,1,07/04/2026,AUTO_MAN,9,2
06/27/2026,4,70,1,07/04/2026,AUTO_MAN,9,2
06/27/2026,5,69,1,07/04/2026,AUTO_MAN,9,2
06/27/2026,6,69,1,07/04/2026,AUTO_MAN,9,2
06/27/2026,7,69,1,07/04/2026,AUTO_MAN,9,2
06/27/2026,8,70,1,07/04/2026,AUTO_MAN,9,2
06/27/2026,9,71,1,07/04/2026,AUTO_MAN,9,2
06/27/2026,10,72,1,07/04/2026,AUTO_MAN,9,2
06/27/2026,11,72,1,07/04/2026,AUTO_MAN,9,2
06/27/2026,12,72,1,07/04/2026,AUTO_MAN,9,2
06/27/2026,13,76,1,07/04/2026,AUTO_MAN,9,2
06/27/2026,14,78,1,07/04/2026,AUTO_MAN,9,2
06/27/2026,15,77,1,07/04/2026,AUTO_MAN,9,2
06/27/2026,16,78,1,07/04/2026,AUTO_MAN,9,2
06/27/2026,17,76,1,07/04/2026,AUTO_MAN,9,2
06/27/2026,18,75,1,07/04/2026,AUTO_MAN,9,2
06/27/2026,19,75,1,07/04/2026,AUTO_MAN,9,2
06/27/2026,20,74,1,07/04/2026,AUTO_MAN,9,2
06/27/2026,21,74,1,07/04/2026,AUTO_MAN,9,2
06/27/2026,22,73,1,07/04/2026,AUTO_MAN,9,2
06/27/2026,23,72,1,07/04/2026,AUTO_MAN,9,2
06/27/2026,24,72,1,07/04/2026,AUTO_MAN,9,2
06/28/2026,1,71,1,07/05/2026,AUTO_MAN,9,2
06/28/2026,2,71,1,07/05/2026,AUTO_MAN,9,2
06/28/2026,3,71,1,07/05/2026,AUTO_MAN,9,2
06/28/2026,4,71,1,07/05/2026,AUTO_MAN,9,2
06/28/2026,5,71,1,07/05/2026,AUTO_MAN,9,2
06/28/2026,6,71,1,07/05/2026,AUTO_MAN,9,2
06/28/2026,7,72,1,07/05/2026,AUTO_MAN,9,2
06/28/2026,8,73,1,07/05/2026,AUTO_MAN,9,2
06/28/2026,9,75,1,07/05/2026,AUTO_MAN,9,2
06/28/2026,10,75,1,07/05/2026,AUTO_MAN,9,2
06/28/2026,11,77,1,07/05/2026,AUTO_MAN,9,2
06/28/2026,12,79,1,07/05/2026,AUTO_MAN,9,2
06/28/2026,13,83,1,07/05/2026,AUTO_MAN,9,2
06/28/2026,14,80,1,07/05/2026,AUTO_MAN,9,2
06/28/2026,15,81,1,07/05/2026,AUTO_MAN,9,2
06/28/2026,16,84,1,07/05/2026,AUTO_MAN,9,2
06/28/2026,17,84,1,07/05/2026,AUTO_MAN,9,2
06/28/2026,18,83,1,07/05/2026,AUTO_MAN,9,2
06/28/2026,19,81,1,07/05/2026,AUTO_MAN,9,2
06/28/2026,20,79,1,07/05/2026,AUTO_MAN,9,2
06/28/2026,21,77,1,07/05/2026,AUTO_MAN,9,2
06/28/2026,22,76,1,07/05/2026,AUTO_MAN,9,2
06/28/2026,23,74,1,07/05/2026,AUTO_MAN,9,2
06/28/2026,24,73,1,07/05/2026,AUTO_MAN,9,2
06/29/2026,1,72,0,07/06/2026,AUTO_MAN,9,2
06/29/2026,2,71,0,07/06/2026,AUTO_MAN,9,2
06/29/2026,3,71,0,07/06/2026,AUTO_MAN,9,2
06/29/2026,4,69,0,07/06/2026,AUTO_MAN,9,2
06/29/2026,5,68,0,07/06/2026,AUTO_MAN,9,2
06/29/2026,6,71,0,07/06/2026,AUTO_MAN,9,2
06/29/2026,7,72,0,07/06/2026,AUTO_MAN,9,2
06/29/2026,8,74,0,07/06/2026,AUTO_MAN,9,2
06/29/2026,9,77,0,07/06/2026,AUTO_MAN,9,2
06/29/2026,10,80,0,07/06/2026,AUTO_MAN,9,2
06/29/2026,11,82,0,07/06/2026,AUTO_MAN,9,2
06/29/2026,12,85,0,07/06/2026,AUTO_MAN,9,2
06/29/2026,13,86,0,07/06/2026,AUTO_MAN,9,2
06/29/2026,14,88,0,07/06/2026,AUTO_MAN,9,2
06/29/2026,15,89,0,07/06/2026,AUTO_MAN,9,2
06/29/2026,16,89,0,07/06/2026,AUTO_MAN,9,2
06/29/2026,17,89,0,07/06/2026,AUTO_MAN,9,2
06/29/2026,18,89,0,07/06/2026,AUTO_MAN,9,2
06/29/2026,19,86,0,07/06/2026,AUTO_MAN,9,2
06/29/2026,20,84,0,07/06/2026,AUTO_MAN,9,2
06/29/2026,21,83,0,07/06/2026,AUTO_MAN,9,2
06/29/2026,22,81,0,07/06/2026,AUTO_MAN,9,2
06/29/2026,23,80,0,07/06/2026,AUTO_MAN,9,2
06/29/2026,24,79,0,07/06/2026,AUTO_MAN,9,2
06/30/2026,1,78,0,07/07/2026,AUTO_MAN,9,2
06/30/2026,2,76,0,07/07/2026,AUTO_MAN,9,2
06/30/2026,3,75,0,07/07/2026,AUTO_MAN,9,2
06/30/2026,4,74,0,07/07/2026,AUTO_MAN,9,2
06/30/2026,5,74,0,07/07/2026,AUTO_MAN,9,2
06/30/2026,6,75,0,07/07/2026,AUTO_MAN,9,2
06/30/2026,7,78,0,07/07/2026,AUTO_MAN,9,2
06/30/2026,8,81,0,07/07/2026,AUTO_MAN,9,2
06/30/2026,9,84,0,07/07/2026,AUTO_MAN,9,2
06/30/2026,10,85,0,07/07/2026,AUTO_MAN,9,2
06/30/2026,11,88,0,07/07/2026,AUTO_MAN,9,2
06/30/2026,12,88,0,07/07/2026,AUTO_MAN,9,2
06/30/2026,13,89,0,07/07/2026,AUTO_MAN,9,2
06/30/2026,14,90,0,07/07/2026,AUTO_MAN,9,2
06/30/2026,15,91,0,07/07/2026,AUTO_MAN,9,2
06/30/2026,16,91,0,07/07/2026,AUTO_MAN,9,2
06/30/2026,17,91,0,07/07/2026,AUTO_MAN,9,2
06/30/2026,18,90,0,07/07/2026,AUTO_MAN,9,2
06/30/2026,19,88,0,07/07/2026,AUTO_MAN,9,2
06/30/2026,20,84,0,07/07/2026,AUTO_MAN,9,2
06/30/2026,21,82,0,07/07/2026,AUTO_MAN,9,2
06/30/2026,22,81,0,07/07/2026,AUTO_MAN,9,2
06/30/2026,23,80,0,07/07/2026,AUTO_MAN,9,2
06/30/2026,24,78,0,07/07/2026,AUTO_MAN,9,2
07/01/2026,1,77,0,07/07/2026,AUTO_MAN,9,2
07/01/2026,2,75,0,07/07/2026,AUTO_MAN,9,2
07/01/2026,3,75,0,07/07/2026,AUTO_MAN,9,2
07/01/2026,4,75,0,07/07/2026,AUTO_MAN,9,2
07/01/2026,5,75,0,07/07/2026,AUTO_MAN,9,2
07/01/2026,6,74,0,07/07/2026,AUTO_MAN,9,2
07/01/2026,7,77,0,07/07/2026,AUTO_MAN,9,2
07/01/2026,8,80,0,07/07/2026,AUTO_MAN,9,2
07/01/2026,9,83,0,07/07/2026,AUTO_MAN,9,2
07/01/2026,10,87,0,07/07/2026,AUTO_MAN,9,2
07/01/2026,11,89,0,07/07/2026,AUTO_MAN,9,2
07/01/2026,12,90,0,07/07/2026,AUTO_MAN,9,2
07/01/2026,13,92,0,07/07/2026,AUTO_MAN,9,2
07/01/2026,14,93,0,07/07/2026,AUTO_MAN,9,2
07/01/2026,15,94,0,07/07/2026,AUTO_MAN,9,2
07/01/2026,16,94,0,07/07/2026,AUTO_MAN,9,2
07/01/2026,17,93,0,07/07/2026,AUTO_MAN,9,2
07/01/2026,18,91,0,07/07/2026,AUTO_MAN,9,2
07/01/2026,19,89,0,07/07/2026,AUTO_MAN,9,2
07/01/2026,20,86,0,07/07/2026,AUTO_MAN,9,2
07/01/2026,21,83,0,07/07/2026,AUTO_MAN,9,2
07/01/2026,22,82,0,07/07/2026,AUTO_MAN,9,2
07/01/2026,23,81,0,07/07/2026,AUTO_MAN,9,2
07/01/2026,24,77,0,07/07/2026,AUTO_MAN,9,2
07/02/2026,1,78,0,07/07/2026,AUTO_MAN,9,2
07/02/2026,2,76,0,07/07/2026,AUTO_MAN,9,2
07/02/2026,3,74,0,07/07/2026,AUTO_MAN,9,2
07/02/2026,4,75,0,07/07/2026,AUTO_MAN,9,2
07/02/2026,5,74,0,07/07/2026,AUTO_MAN,9,2
07/02/2026,6,74,0,07/07/2026,AUTO_MAN,9,2
07/02/2026,7,78,0,07/07/2026,AUTO_MAN,9,2
07/02/2026,8,82,0,07/07/2026,AUTO_MAN,9,2
07/02/2026,9,84,0,07/07/2026,AUTO_MAN,9,2
07/02/2026,10,87,0,07/07/2026,AUTO_MAN,9,2
07/02/2026,11,89,0,07/07/2026,AUTO_MAN,9,2
07/02/2026,12,90,0,07/07/2026,AUTO_MAN,9,2
07/02/2026,13,91,0,07/07/2026,AUTO_MAN,9,2
07/02/2026,14,92,0,07/07/2026,AUTO_MAN,9,2
07/02/2026,15,92,0,07/07/2026,AUTO_MAN,9,2
07/02/2026,16,92,0,07/07/2026,AUTO_MAN,9,2
07/02/2026,17,91,0,07/07/2026,AUTO_MAN,9,2
07/02/2026,18,91,0,07/07/2026,AUTO_MAN,9,2
07/02/2026,19,89,0,07/07/2026,AUTO_MAN,9,2
07/02/2026,20,86,0,07/07/2026,AUTO_MAN,9,2
07/02/2026,21,83,0,07/07/2026,AUTO_MAN,9,2
07/02/2026,22,81,0,07/07/2026,AUTO_MAN,9,2
07/02/2026,23,80,0,07/07/2026,AUTO_MAN,9,2
07/02/2026,24,78,0,07/07/2026,AUTO_MAN,9,2
07/03/2026,1,78,1,07/07/2026,AUTO_MAN,9,2
07/03/2026,2,77,1,07/07/2026,AUTO_MAN,9,2
07/03/2026,3,76,1,07/07/2026,AUTO_MAN,9,2
07/03/2026,4,75,1,07/07/2026,AUTO_MAN,9,2
07/03/2026,5,75,1,07/07/2026,AUTO_MAN,9,2
07/03/2026,6,75,1,07/07/2026,AUTO_MAN,9,2
07/03/2026,7,79,1,07/07/2026,AUTO_MAN,9,2
07/03/2026,8,82,1,07/07/2026,AUTO_MAN,9,2
07/03/2026,9,86,1,07/07/2026,AUTO_MAN,9,2
07/03/2026,10,89,1,07/07/2026,AUTO_MAN,9,2
07/03/2026,11,90,1,07/07/2026,AUTO_MAN,9,2
07/03/2026,12,92,1,07/07/2026,AUTO_MAN,9,2
07/03/2026,13,91,1,07/07/2026,AUTO_MAN,9,2
07/03/2026,14,93,1,07/07/2026,AUTO_MAN,9,2
07/03/2026,15,94,1,07/07/2026,AUTO_MAN,9,2
07/03/2026,16,94,1,07/07/2026,AUTO_MAN,9,2
07/03/2026,17,94,1,07/07/2026,AUTO_MAN,9,2
07/03/2026,18,92,1,07/07/2026,AUTO_MAN,9,2
07/03/2026,19,88,1,07/07/2026,AUTO_MAN,9,2
07/03/2026,20,88,1,07/07/2026,AUTO_MAN,9,2
07/03/2026,21,85,1,07/07/2026,AUTO_MAN,9,2
07/03/2026,22,84,1,07/07/2026,AUTO_MAN,9,2
07/03/2026,23,80,1,07/07/2026,AUTO_MAN,9,2
07/03/2026,24,78,1,07/07/2026,AUTO_MAN,9,2
07/04/2026,1,76,1,07/07/2026,AUTO_MAN,9,2
07/04/2026,2,76,1,07/07/2026,AUTO_MAN,9,2
07/04/2026,3,75,1,07/07/2026,AUTO_MAN,9,2
07/04/2026,4,74,1,07/07/2026,AUTO_MAN,9,2
07/04/2026,5,74,1,07/07/2026,AUTO_MAN,9,2
07/04/2026,6,74,1,07/07/2026,AUTO_MAN,9,2
07/04/2026,7,76,1,07/07/2026,AUTO_MAN,9,2
07/04/2026,8,80,1,07/07/2026,AUTO_MAN,9,2
07/04/2026,9,82,1,07/07/2026,AUTO_MAN,9,2
07/04/2026,10,85,1,07/07/2026,AUTO_MAN,9,2
07/04/2026,11,87,1,07/07/2026,AUTO_MAN,9,2
07/04/2026,12,90,1,07/07/2026,AUTO_MAN,9,2
07/04/2026,13,91,1,07/07/2026,AUTO_MAN,9,2
07/04/2026,14,90,1,07/07/2026,AUTO_MAN,9,2
07/04/2026,15,92,1,07/07/2026,AUTO_MAN,9,2
07/04/2026,16,92,1,07/07/2026,AUTO_MAN,9,2
07/04/2026,17,92,1,07/07/2026,AUTO_MAN,9,2
07/04/2026,18,79,1,07/07/2026,AUTO_MAN,9,2
07/04/2026,19,77,1,07/07/2026,AUTO_MAN,9,2
07/04/2026,20,78,1,07/07/2026,AUTO_MAN,9,2
07/04/2026,21,75,1,07/07/2026,AUTO_MAN,9,2
07/04/2026,22,76,1,07/07/2026,AUTO_MAN,9,2
07/04/2026,23,74,1,07/07/2026,AUTO_MAN,9,2
07/04/2026,24,75,1,07/07/2026,AUTO_MAN,9,2
07/05/2026,1,75,1,07/07/2026,AUTO_MAN,9,2
07/05/2026,2,75,1,07/07/2026,AUTO_MAN,9,2
07/05/2026,3,73,1,07/07/2026,AUTO_MAN,9,2
07/05/2026,4,73,1,07/07/2026,AUTO_MAN,9,2
07/05/2026,5,72,1,07/07/2026,AUTO_MAN,9,2
07/05/2026,6,73,1,07/07/2026,AUTO_MAN,9,2
07/05/2026,7,74,1,07/07/2026,AUTO_MAN,9,2
07/05/2026,8,77,1,07/07/2026,AUTO_MAN,9,2
07/05/2026,9,80,1,07/07/2026,AUTO_MAN,9,2
07/05/2026,10,82,1,07/07/2026,AUTO_MAN,9,2
07/05/2026,11,82,1,07/07/2026,AUTO_MAN,9,2
07/05/2026,12,85,1,07/07/2026,AUTO_MAN,9,2
07/05/2026,13,86,1,07/07/2026,AUTO_MAN,9,2
07/05/2026,14,86,1,07/07/2026,AUTO_MAN,9,2
07/05/2026,15,85,1,07/07/2026,AUTO_MAN,9,2
07/05/2026,16,86,1,07/07/2026,AUTO_MAN,9,2
07/05/2026,17,85,1,07/07/2026,AUTO_MAN,9,2
07/05/2026,18,84,1,07/07/2026,AUTO_MAN,9,2
07/05/2026,19,80,1,07/07/2026,AUTO_MAN,9,2
07/05/2026,20,77,1,07/07/2026,AUTO_MAN,9,2
07/05/2026,21,72,1,07/07/2026,AUTO_MAN,9,2
07/05/2026,22,73,1,07/07/2026,AUTO_MAN,9,2
07/05/2026,23,74,1,07/07/2026,AUTO_MAN,9,2
07/05/2026,24,73,1,07/07/2026,AUTO_MAN,9,2
07/06/2026,1,71,0,07/07/2026,AUTO_MAN,9,2
07/06/2026,2,71,0,07/07/2026,AUTO_MAN,9,2
07/06/2026,3,70,0,07/07/2026,AUTO_MAN,9,2
07/06/2026,4,71,0,07/07/2026,AUTO_MAN,9,2
07/06/2026,5,70,0,07/07/2026,AUTO_MAN,9,2
07/06/2026,6,71,0,07/07/2026,AUTO_MAN,9,2
07/06/2026,7,72,0,07/07/2026,AUTO_MAN,9,2
07/06/2026,8,73,0,07/07/2026,AUTO_MAN,9,2
07/06/2026,9,77,0,07/07/2026,AUTO_MAN,9,2
07/06/2026,10,81,0,07/07/2026,AUTO_MAN,9,2
07/06/2026,11,82,0,07/07/2026,AUTO_MAN,9,2
07/06/2026,12,82,0,07/07/2026,AUTO_MAN,9,2
07/06/2026,13,85,0,07/07/2026,AUTO_MAN,9,2
07/06/2026,14,86,0,07/07/2026,AUTO_MAN,9,2
07/06/2026,15,87,0,07/07/2026,AUTO_MAN,9,2
07/06/2026,16,87,0,07/07/2026,AUTO_MAN,9,2
07/06/2026,17,87,0,07/07/2026,AUTO_MAN,9,2
07/06/2026,18,86,0,07/07/2026,AUTO_MAN,9,2
07/06/2026,19,84,0,07/07/2026,AUTO_MAN,9,2
07/06/2026,20,82,0,07/07/2026,AUTO_MAN,9,2
07/06/2026,21,79,0,07/07/2026,AUTO_MAN,9,2
07/06/2026,22,78,0,07/07/2026,AUTO_MAN,9,2
07/06/2026,23,75,0,07/07/2026,AUTO_MAN,9,2
07/06/2026,24,74,0,07/07/2026,AUTO_MAN,9,2
07/07/2026,1,23.3,0,07/07/2026,AUTO_MAN,9,4
07/07/2026,2,23.3,0,07/07/2026,AUTO_MAN,9,4
07/07/2026,3,22.8,0,07/07/2026,AUTO_MAN,9,4
07/07/2026,4,22.8,0,07/07/2026,AUTO_MAN,9,4
07/07/2026,5,22.2,0,07/07/2026,AUTO_MAN,9,4
07/07/2026,6,22.2,0,07/07/2026,AUTO_MAN,9,4
07/07/2026,7,22.8,0,07/07/2026,AUTO_MAN,9,4
07/07/2026,8,23.3,0,07/07/2026,AUTO_MAN,9,4
07/07/2026,9,24.4,0,07/07/2026,AUTO_MAN,9,4
07/07/2026,10,25.6,0,07/07/2026,AUTO_MAN,9,4
07/07/2026,11,26.1,0,07/07/2026,AUTO_MAN,9,4
07/07/2026,12,27.2,0,07/07/2026,AUTO_MAN,9,4
07/07/2026,13,28.3,0,07/07/2026,AUTO_MAN,9,4
07/07/2026,14,28.9,0,07/07/2026,AUTO_MAN,9,4
07/07/2026,15,29.4,0,07/07/2026,AUTO_MAN,9,4
07/07/2026,16,29.4,0,07/07/2026,AUTO_MAN,9,4
07/07/2026,17,28.9,0,07/07/2026,AUTO_MAN,9,4
07/07/2026,18,28.9,0,07/07/2026,AUTO_MAN,9,4
07/07/2026,19,28.3,0,07/07/2026,AUTO_MAN,9,4
07/07/2026,20,27.8,0,07/07/2026,AUTO_MAN,9,4
07/07/2026,21,26.7,0,07/07/2026,AUTO_MAN,9,4
07/07/2026,22,25.6,0,07/07/2026,AUTO_MAN,9,4
07/07/2026,23,24.4,0,07/07/2026,AUTO_MAN,9,4
07/07/2026,24,23.9,0,07/07/2026,AUTO_MAN,9,4
07/08/2026,1,23.3,0,07/07/2026,AUTO_MAN,9,4
07/08/2026,2,22.8,0,07/07/2026,AUTO_MAN,9,4
07/08/2026,3,22.2,0,07/07/2026,AUTO_MAN,9,4
07/08/2026,4,21.7,0,07/07/2026,AUTO_MAN,9,4
07/08/2026,5,21.1,0,07/07/2026,AUTO_MAN,9,4
07/08/2026,6,21.1,0,07/07/2026,AUTO_MAN,9,4
07/08/2026,7,21.1,0,07/07/2026,AUTO_MAN,9,4
07/08/2026,8,22.2,0,07/07/2026,AUTO_MAN,9,4
07/08/2026,9,23.3,0,07/07/2026,AUTO_MAN,9,4
07/08/2026,10,25,0,07/07/2026,AUTO_MAN,9,4
07/08/2026,11,26.1,0,07/07/2026,AUTO_MAN,9,4
07/08/2026,12,27.8,0,07/07/2026,AUTO_MAN,9,4
07/08/2026,13,28.3,0,07/07/2026,AUTO_MAN,9,4
07/08/2026,14,29.4,0,07/07/2026,AUTO_MAN,9,4
07/08/2026,15,30,0,07/07/2026,AUTO_MAN,9,4
07/08/2026,16,30,0,07/07/2026,AUTO_MAN,9,4
07/08/2026,17,30,0,07/07/2026,AUTO_MAN,9,4
07/08/2026,18,30,0,07/07/2026,AUTO_MAN,9,4
07/08/2026,19,29.4,0,07/07/2026,AUTO_MAN,9,4
07/08/2026,20,28.3,0,07/07/2026,AUTO_MAN,9,4
07/08/2026,21,27.2,0,07/07/2026,AUTO_MAN,9,4
07/08/2026,22,26.1,0,07/07/2026,AUTO_MAN,9,4
07/08/2026,23,25.6,0,07/07/2026,AUTO_MAN,9,4
07/08/2026,24,25,0,07/07/2026,AUTO_MAN,9,4
07/09/2026,1,24.4,0,07/07/2026,AUTO_MAN,9,4
07/09/2026,2,23.9,0,07/07/2026,AUTO_MAN,9,4
07/09/2026,3,23.3,0,07/07/2026,AUTO_MAN,9,4
07/09/2026,4,22.8,0,07/07/2026,AUTO_MAN,9,4
07/09/2026,5,22.2,0,07/07/2026,AUTO_MAN,9,4
07/09/2026,6,21.7,0,07/07/2026,AUTO_MAN,9,4
07/09/2026,7,22.2,0,07/07/2026,AUTO_MAN,9,4
07/09/2026,8,22.8,0,07/07/2026,AUTO_MAN,9,4
07/09/2026,9,24.4,0,07/07/2026,AUTO_MAN,9,4
07/09/2026,10,26.1,0,07/07/2026,AUTO_MAN,9,4
07/09/2026,11,27.2,0,07/07/2026,AUTO_MAN,9,4
07/09/2026,12,28.3,0,07/07/2026,AUTO_MAN,9,4
07/09/2026,13,28.9,0,07/07/2026,AUTO_MAN,9,4
07/09/2026,14,29.4,0,07/07/2026,AUTO_MAN,9,4
07/09/2026,15,30,0,07/07/2026,AUTO_MAN,9,4
07/09/2026,16,30,0,07/07/2026,AUTO_MAN,9,4
07/09/2026,17,30,0,07/07/2026,AUTO_MAN,9,4
07/09/2026,18,30,0,07/07/2026,AUTO_MAN,9,4
07/09/2026,19,29.4,0,07/07/2026,AUTO_MAN,9,4
07/09/2026,20,28.3,0,07/07/2026,AUTO_MAN,9,4
07/09/2026,21,27.8,0,07/07/2026,AUTO_MAN,9,4
07/09/2026,22,26.7,0,07/07/2026,AUTO_MAN,9,4
07/09/2026,23,25.6,0,07/07/2026,AUTO_MAN,9,4
07/09/2026,24,24.4,0,07/07/2026,AUTO_MAN,9,4
07/10/2026,1,23.9,0,07/07/2026,AUTO_MAN,9,4
07/10/2026,2,23.3,0,07/07/2026,AUTO_MAN,9,4
07/10/2026,3,22.8,0,07/07/2026,AUTO_MAN,9,4
07/10/2026,4,22.8,0,07/07/2026,AUTO_MAN,9,4
07/10/2026,5,22.2,0,07/07/2026,AUTO_MAN,9,4
07/10/2026,6,22.2,0,07/07/2026,AUTO_MAN,9,4
07/10/2026,7,22.2,0,07/07/2026,AUTO_MAN,9,4
07/10/2026,8,22.8,0,07/07/2026,AUTO_MAN,9,4
07/10/2026,9,23.9,0,07/07/2026,AUTO_MAN,9,4
07/10/2026,10,24.4,0,07/07/2026,AUTO_MAN,9,4
07/10/2026,11,25.6,0,07/07/2026,AUTO_MAN,9,4
07/10/2026,12,26.7,0,07/07/2026,AUTO_MAN,9,4
07/10/2026,13,27.2,0,07/07/2026,AUTO_MAN,9,4
07/10/2026,14,27.8,0,07/07/2026,AUTO_MAN,9,4
07/10/2026,15,27.8,0,07/07/2026,AUTO_MAN,9,4
07/10/2026,16,27.8,0,07/07/2026,AUTO_MAN,9,4
07/10/2026,17,27.2,0,07/07/2026,AUTO_MAN,9,4
07/10/2026,18,26.7,0,07/07/2026,AUTO_MAN,9,4
07/10/2026,19,26.1,0,07/07/2026,AUTO_MAN,9,4
07/10/2026,20,26.1,0,07/07/2026,AUTO_MAN,9,4
07/10/2026,21,25,0,07/07/2026,AUTO_MAN,9,4
07/10/2026,22,24.4,0,07/07/2026,AUTO_MAN,9,4
07/10/2026,23,23.9,0,07/07/2026,AUTO_MAN,9,4
07/10/2026,24,23.3,0,07/07/2026,AUTO_MAN,9,4
07/11/2026,1,23.3,1,07/07/2026,AUTO_MAN,9,4
07/11/2026,2,22.8,1,07/07/2026,AUTO_MAN,9,4
07/11/2026,3,22.2,1,07/07/2026,AUTO_MAN,9,4
07/11/2026,4,21.7,1,07/07/2026,AUTO_MAN,9,4
07/11/2026,5,21.7,1,07/07/2026,AUTO_MAN,9,4
07/11/2026,6,21.7,1,07/07/2026,AUTO_MAN,9,4
07/11/2026,7,21.7,1,07/07/2026,AUTO_MAN,9,4
07/11/2026,8,22.2,1,07/07/2026,AUTO_MAN,9,4
07/11/2026,9,23.3,1,07/07/2026,AUTO_MAN,9,4
07/11/2026,10,23.9,1,07/07/2026,AUTO_MAN,9,4
07/11/2026,11,25,1,07/07/2026,AUTO_MAN,9,4
07/11/2026,12,25.6,1,07/07/2026,AUTO_MAN,9,4
07/11/2026,13,26.7,1,07/07/2026,AUTO_MAN,9,4
07/11/2026,14,26.7,1,07/07/2026,AUTO_MAN,9,4
07/11/2026,15,27.2,1,07/07/2026,AUTO_MAN,9,4
07/11/2026,16,27.2,1,07/07/2026,AUTO_MAN,9,4
07/11/2026,17,27.2,1,07/07/2026,AUTO_MAN,9,4
07/11/2026,18,27.2,1,07/07/2026,AUTO_MAN,9,4
07/11/2026,19,26.7,1,07/07/2026,AUTO_MAN,9,4
07/11/2026,20,26.1,1,07/07/2026,AUTO_MAN,9,4
07/11/2026,21,25.6,1,07/07/2026,AUTO_MAN,9,4
07/11/2026,22,24.4,1,07/07/2026,AUTO_MAN,9,4
07/11/2026,23,23.9,1,07/07/2026,AUTO_MAN,9,4
07/11/2026,24,22.8,1,07/07/2026,AUTO_MAN,9,4
07/12/2026,1,22.2,1,07/07/2026,AUTO_MAN,9,4
07/12/2026,2,21.1,1,07/07/2026,AUTO_MAN,9,4
07/12/2026,3,20.6,1,07/07/2026,AUTO_MAN,9,4
07/12/2026,4,20,1,07/07/2026,AUTO_MAN,9,4
07/12/2026,5,19.4,1,07/07/2026,AUTO_MAN,9,4
07/12/2026,6,19.4,1,07/07/2026,AUTO_MAN,9,4
07/12/2026,7,20,1,07/07/2026,AUTO_MAN,9,4
07/12/2026,8,20.6,1,07/07/2026,AUTO_MAN,9,4
07/12/2026,9,21.7,1,07/07/2026,AUTO_MAN,9,4
07/12/2026,10,23.3,1,07/07/2026,AUTO_MAN,9,4
07/12/2026,11,24.4,1,07/07/2026,AUTO_MAN,9,4
07/12/2026,12,25.6,1,07/07/2026,AUTO_MAN,9,4
07/12/2026,13,26.7,1,07/07/2026,AUTO_MAN,9,4
07/12/2026,14,27.2,1,07/07/2026,AUTO_MAN,9,4
07/12/2026,15,27.8,1,07/07/2026,AUTO_MAN,9,4
07/12/2026,16,28.3,1,07/07/2026,AUTO_MAN,9,4
07/12/2026,17,28.3,1,07/07/2026,AUTO_MAN,9,4
07/12/2026,18,27.8,1,07/07/2026,AUTO_MAN,9,4
07/12/2026,19,27.2,1,07/07/2026,AUTO_MAN,9,4
07/12/2026,20,26.1,1,07/07/2026,AUTO_MAN,9,4
07/12/2026,21,25,1,07/07/2026,AUTO_MAN,9,4
07/12/2026,22,23.9,1,07/07/2026,AUTO_MAN,9,4
07/12/2026,23,22.8,1,07/07/2026,AUTO_MAN,9,4
07/12/2026,24,22.2,1,07/07/2026,AUTO_MAN,9,4
07/13/2026,1,21.1,0,07/07/2026,AUTO_MAN,9,4
07/13/2026,2,20.6,0,07/07/2026,AUTO_MAN,9,4
07/13/2026,3,19.4,0,07/07/2026,AUTO_MAN,9,4
07/13/2026,4,18.9,0,07/07/2026,AUTO_MAN,9,4
07/13/2026,5,18.9,0,07/07/2026,AUTO_MAN,9,4
07/13/2026,6,18.3,0,07/07/2026,AUTO_MAN,9,4
07/13/2026,7,18.9,0,07/07/2026,AUTO_MAN,9,4
07/13/2026,8,20.6,0,07/07/2026,AUTO_MAN,9,4
07/13/2026,9,22.2,0,07/07/2026,AUTO_MAN,9,4
07/13/2026,10,23.9,0,07/07/2026,AUTO_MAN,9,4
07/13/2026,11,25.6,0,07/07/2026,AUTO_MAN,9,4
07/13/2026,12,27.2,0,07/07/2026,AUTO_MAN,9,4
07/13/2026,13,28.3,0,07/07/2026,AUTO_MAN,9,4
07/13/2026,14,29.4,0,07/07/2026,AUTO_MAN,9,4
07/13/2026,15,30,0,07/07/2026,AUTO_MAN,9,4
07/13/2026,16,30.6,0,07/07/2026,AUTO_MAN,9,4
07/13/2026,17,30.6,0,07/07/2026,AUTO_MAN,9,4
07/13/2026,18,30,0,07/07/2026,AUTO_MAN,9,4
07/13/2026,19,29.4,0,07/07/2026,AUTO_MAN,9,4
07/13/2026,20,28.3,0,07/07/2026,AUTO_MAN,9,4
07/13/2026,21,27.2,0,07/07/2026,AUTO_MAN,9,4
07/13/2026,22,26.1,0,07/07/2026,AUTO_MAN,9,4
07/13/2026,23,25,0,07/07/2026,AUTO_MAN,9,4
07/13/2026,24,23.9,0,07/07/2026,AUTO_MAN,9,4
07/14/2026,1,22.8,0,07/07/2026,AUTO_MAN,9,4
07/14/2026,2,22.2,0,07/07/2026,AUTO_MAN,9,4
07/14/2026,3,21.1,0,07/07/2026,AUTO_MAN,9,4
07/14/2026,4,20.6,0,07/07/2026,AUTO_MAN,9,4
07/14/2026,5,20,0,07/07/2026,AUTO_MAN,9,4
07/14/2026,6,19.4,0,07/07/2026,AUTO_MAN,9,4
07/14/2026,7,20,0,07/07/2026,AUTO_MAN,9,4
07/14/2026,8,21.7,0,07/07/2026,AUTO_MAN,9,4
07/14/2026,9,23.3,0,07/07/2026,AUTO_MAN,9,4
07/14/2026,10,25,0,07/07/2026,AUTO_MAN,9,4
07/14/2026,11,27.2,0,07/07/2026,AUTO_MAN,9,4
07/14/2026,12,28.9,0,07/07/2026,AUTO_MAN,9,4
07/14/2026,13,30,0,07/07/2026,AUTO_MAN,9,4
07/14/2026,14,31.1,0,07/07/2026,AUTO_MAN,9,4
07/14/2026,15,32.2,0,07/07/2026,AUTO_MAN,9,4
07/14/2026,16,32.8,0,07/07/2026,AUTO_MAN,9,4
07/14/2026,17,32.2,0,07/07/2026,AUTO_MAN,9,4
07/14/2026,18,31.7,0,07/07/2026,AUTO_MAN,9,4
07/14/2026,19,30.6,0,07/07/2026,AUTO_MAN,9,4
07/14/2026,20,29.4,0,07/07/2026,AUTO_MAN,9,4
07/14/2026,21,28.3,0,07/07/2026,AUTO_MAN,9,4
07/14/2026,22,26.7,0,07/07/2026,AUTO_MAN,9,4
07/14/2026,23,25.6,0,07/07/2026,AUTO_MAN,9,4
07/14/2026,24,25,0,07/07/2026,AUTO_MAN,9,4
07/15/2026,1,23.9,0,07/07/2026,AUTO_MAN,9,4
07/15/2026,2,22.8,0,07/07/2026,AUTO_MAN,9,4
07/15/2026,3,22.2,0,07/07/2026,AUTO_MAN,9,4
07/15/2026,4,21.1,0,07/07/2026,AUTO_MAN,9,4
07/15/2026,5,21.1,0,07/07/2026,AUTO_MAN,9,4
07/15/2026,6,20.6,0,07/07/2026,AUTO_MAN,9,4
07/15/2026,7,21.1,0,07/07/2026,AUTO_MAN,9,4
07/15/2026,8,22.2,0,07/07/2026,AUTO_MAN,9,4
07/15/2026,9,23.9,0,07/07/2026,AUTO_MAN,9,4
07/15/2026,10,25.6,0,07/07/2026,AUTO_MAN,9,4
07/15/2026,11,27.2,0,07/07/2026,AUTO_MAN,9,4
07/15/2026,12,28.9,0,07/07/2026,AUTO_MAN,9,4
07/15/2026,13,30,0,07/07/2026,AUTO_MAN,9,4
07/15/2026,14,30.6,0,07/07/2026,AUTO_MAN,9,4
07/15/2026,15,31.1,0,07/07/2026,AUTO_MAN,9,4
07/15/2026,16,31.7,0,07/07/2026,AUTO_MAN,9,4
07/15/2026,17,31.1,0,07/07/2026,AUTO_MAN,9,4
07/15/2026,18,30.6,0,07/07/2026,AUTO_MAN,9,4
07/15/2026,19,29.4,0,07/07/2026,AUTO_MAN,9,4
07/15/2026,20,28.9,0,07/07/2026,AUTO_MAN,9,4
07/15/2026,21,27.2,0,07/07/2026,AUTO_MAN,9,4
07/15/2026,22,26.1,0,07/07/2026,AUTO_MAN,9,4
07/15/2026,23,25.6,0,07/07/2026,AUTO_MAN,9,4
07/15/2026,24,24.4,0,07/07/2026,AUTO_MAN,9,4
07/16/2026,1,23.9,0,07/07/2026,AUTO_MAN,9,4
07/16/2026,2,22.8,0,07/07/2026,AUTO_MAN,9,4
07/16/2026,3,22.2,0,07/07/2026,AUTO_MAN,9,4
07/16/2026,4,21.1,0,07/07/2026,AUTO_MAN,9,4
07/16/2026,5,20.6,0,07/07/2026,AUTO_MAN,9,4
07/16/2026,6,20.6,0,07/07/2026,AUTO_MAN,9,4
07/16/2026,7,20.6,0,07/07/2026,AUTO_MAN,9,4
07/16/2026,8,21.7,0,07/07/2026,AUTO_MAN,9,4
07/16/2026,9,23.3,0,07/07/2026,AUTO_MAN,9,4
07/16/2026,10,24.4,0,07/07/2026,AUTO_MAN,9,4
07/16/2026,11,26.1,0,07/07/2026,AUTO_MAN,9,4
07/16/2026,12,27.2,0,07/07/2026,AUTO_MAN,9,4
07/16/2026,13,28.9,0,07/07/2026,AUTO_MAN,9,4
07/16/2026,14,30,0,07/07/2026,AUTO_MAN,9,4
07/16/2026,15,30.6,0,07/07/2026,AUTO_MAN,9,4
07/16/2026,16,30.6,0,07/07/2026,AUTO_MAN,9,4
07/16/2026,17,30.6,0,07/07/2026,AUTO_MAN,9,4
07/16/2026,18,29.4,0,07/07/2026,AUTO_MAN,9,4
07/16/2026,19,28.9,0,07/07/2026,AUTO_MAN,9,4
07/16/2026,20,27.8,0,07/07/2026,AUTO_MAN,9,4
07/16/2026,21,27.8,0,07/07/2026,AUTO_MAN,9,4
07/16/2026,22,26.1,0,07/07/2026,AUTO_MAN,9,4
07/16/2026,23,25,0,07/07/2026,AUTO_MAN,9,4
07/16/2026,24,23.9,0,07/07/2026,AUTO_MAN,9,4
07/17/2026,1,23.3,0,07/07/2026,AUTO_MAN,9,4
07/17/2026,2,22.2,0,07/07/2026,AUTO_MAN,9,4
07/17/2026,3,21.7,0,07/07/2026,AUTO_MAN,9,4
07/17/2026,4,21.1,0,07/07/2026,AUTO_MAN,9,4
07/17/2026,5,20.6,0,07/07/2026,AUTO_MAN,9,4
07/17/2026,6,20,0,07/07/2026,AUTO_MAN,9,4
07/17/2026,7,20.6,0,07/07/2026,AUTO_MAN,9,4
07/17/2026,8,21.7,0,07/07/2026,AUTO_MAN,9,4
07/17/2026,9,23.3,0,07/07/2026,AUTO_MAN,9,4
07/17/2026,10,25,0,07/07/2026,AUTO_MAN,9,4
07/17/2026,11,26.7,0,07/07/2026,AUTO_MAN,9,4
07/17/2026,12,27.8,0,07/07/2026,AUTO_MAN,9,4
07/17/2026,13,28.9,0,07/07/2026,AUTO_MAN,9,4
07/17/2026,14,30,0,07/07/2026,AUTO_MAN,9,4
07/17/2026,15,30.6,0,07/07/2026,AUTO_MAN,9,4
07/17/2026,16,31.7,0,07/07/2026,AUTO_MAN,9,4
07/17/2026,17,31.7,0,07/07/2026,AUTO_MAN,9,4
07/17/2026,18,31.1,0,07/07/2026,AUTO_MAN,9,4
07/17/2026,19,30.6,0,07/07/2026,AUTO_MAN,9,4
07/17/2026,20,29.4,0,07/07/2026,AUTO_MAN,9,4
07/17/2026,21,27.8,0,07/07/2026,AUTO_MAN,9,4
07/17/2026,22,26.7,0,07/07/2026,AUTO_MAN,9,4
07/17/2026,23,25.6,0,07/07/2026,AUTO_MAN,9,4
07/17/2026,24,23.9,0,07/07/2026,AUTO_MAN,9,4
07/18/2026,1,22.8,1,07/07/2026,AUTO_MAN,9,4
07/18/2026,2,21.7,1,07/07/2026,AUTO_MAN,9,4
07/18/2026,3,20.6,1,07/07/2026,AUTO_MAN,9,4
07/18/2026,4,20,1,07/07/2026,AUTO_MAN,9,4
07/18/2026,5,18.9,1,07/07/2026,AUTO_MAN,9,4
07/18/2026,6,17.8,1,07/07/2026,AUTO_MAN,9,4
07/18/2026,7,17.2,1,07/07/2026,AUTO_MAN,9,4
07/18/2026,8,18.9,1,07/07/2026,AUTO_MAN,9,4
07/18/2026,9,20.6,1,07/07/2026,AUTO_MAN,9,4
07/18/2026,10,21.7,1,07/07/2026,AUTO_MAN,9,4
07/18/2026,11,23.3,1,07/07/2026,AUTO_MAN,9,4
07/18/2026,12,25,1,07/07/2026,AUTO_MAN,9,4
07/18/2026,13,26.7,1,07/07/2026,AUTO_MAN,9,4
07/18/2026,14,27.8,1,07/07/2026,AUTO_MAN,9,4
07/18/2026,15,28.9,1,07/07/2026,AUTO_MAN,9,4
07/18/2026,16,28.9,1,07/07/2026,AUTO_MAN,9,4
07/18/2026,17,28.3,1,07/07/2026,AUTO_MAN,9,4
07/18/2026,18,27.8,1,07/07/2026,AUTO_MAN,9,4
07/18/2026,19,27.2,1,07/07/2026,AUTO_MAN,9,4
07/18/2026,20,26.1,1,07/07/2026,AUTO_MAN,9,4
07/18/2026,21,25,1,07/07/2026,AUTO_MAN,9,4
07/18/2026,22,23.9,1,07/07/2026,AUTO_MAN,9,4
07/18/2026,23,23.3,1,07/07/2026,AUTO_MAN,9,4
07/18/2026,24,22.2,1,07/07/2026,AUTO_MAN,9,4
07/19/2026,1,21.1,1,07/07/2026,AUTO_MAN,9,4
07/19/2026,2,20.6,1,07/07/2026,AUTO_MAN,9,4
07/19/2026,3,19.4,1,07/07/2026,AUTO_MAN,9,4
07/19/2026,4,18.9,1,07/07/2026,AUTO_MAN,9,4
07/19/2026,5,18.3,1,07/07/2026,AUTO_MAN,9,4
07/19/2026,6,17.8,1,07/07/2026,AUTO_MAN,9,4
07/19/2026,7,18.3,1,07/07/2026,AUTO_MAN,9,4
07/19/2026,8,19.4,1,07/07/2026,AUTO_MAN,9,4
07/19/2026,9,21.7,1,07/07/2026,AUTO_MAN,9,4
07/19/2026,10,23.3,1,07/07/2026,AUTO_MAN,9,4
07/19/2026,11,25,1,07/07/2026,AUTO_MAN,9,4
07/19/2026,12,26.7,1,07/07/2026,AUTO_MAN,9,4
07/19/2026,13,27.8,1,07/07/2026,AUTO_MAN,9,4
07/19/2026,14,28.9,1,07/07/2026,AUTO_MAN,9,4
07/19/2026,15,29.4,1,07/07/2026,AUTO_MAN,9,4
07/19/2026,16,28.9,1,07/07/2026,AUTO_MAN,9,4
07/19/2026,17,28.9,1,07/07/2026,AUTO_MAN,9,4
07/19/2026,18,27.8,1,07/07/2026,AUTO_MAN,9,4
07/19/2026,19,26.7,1,07/07/2026,AUTO_MAN,9,4
07/19/2026,20,25.6,1,07/07/2026,AUTO_MAN,9,4
07/19/2026,21,24.4,1,07/07/2026,AUTO_MAN,9,4
07/19/2026,22,23.3,1,07/07/2026,AUTO_MAN,9,4
07/19/2026,23,22.8,1,07/07/2026,AUTO_MAN,9,4
07/19/2026,24,21.7,1,07/07/2026,AUTO_MAN,9,4
07/20/2026,1,21.1,0,07/07/2026,AUTO_MAN,9,4
07/20/2026,2,20.6,0,07/07/2026,AUTO_MAN,9,4
07/20/2026,3,19.4,0,07/07/2026,AUTO_MAN,9,4
07/20/2026,4,19.4,0,07/07/2026,AUTO_MAN,9,4
07/20/2026,5,18.3,0,07/07/2026,AUTO_MAN,9,4
07/20/2026,6,17.8,0,07/07/2026,AUTO_MAN,9,4
07/20/2026,7,18.3,0,07/07/2026,AUTO_MAN,9,4
07/20/2026,8,19.4,0,07/07/2026,AUTO_MAN,9,4
07/20/2026,9,21.1,0,07/07/2026,AUTO_MAN,9,4
07/20/2026,10,22.8,0,07/07/2026,AUTO_MAN,9,4
07/20/2026,11,25,0,07/07/2026,AUTO_MAN,9,4
07/20/2026,12,26.7,0,07/07/2026,AUTO_MAN,9,4
07/20/2026,13,27.8,0,07/07/2026,AUTO_MAN,9,4
07/20/2026,14,28.9,0,07/07/2026,AUTO_MAN,9,4
07/20/2026,15,29.4,0,07/07/2026,AUTO_MAN,9,4
07/20/2026,16,28.9,0,07/07/2026,AUTO_MAN,9,4
07/20/2026,17,28.3,0,07/07/2026,AUTO_MAN,9,4
07/20/2026,18,27.8,0,07/07/2026,AUTO_MAN,9,4
07/20/2026,19,27.2,0,07/07/2026,AUTO_MAN,9,4
07/20/2026,20,26.1,0,07/07/2026,AUTO_MAN,9,4
07/20/2026,21,25,0,07/07/2026,AUTO_MAN,9,4
07/20/2026,22,23.3,0,07/07/2026,AUTO_MAN,9,4
07/20/2026,23,22.2,0,07/07/2026,AUTO_MAN,9,4
07/20/2026,24,21.1,0,07/07/2026,AUTO_MAN,9,4
07/21/2026,1,20.6,0,07/07/2026,AUTO_MAN,9,4
07/21/2026,2,20,0,07/07/2026,AUTO_MAN,9,4
07/21/2026,3,18.9,0,07/07/2026,AUTO_MAN,9,4
07/21/2026,4,18.3,0,07/07/2026,AUTO_MAN,9,4
07/21/2026,5,17.8,0,07/07/2026,AUTO_MAN,9,4
07/21/2026,6,17.2,0,07/07/2026,AUTO_MAN,9,4
07/21/2026,7,17.8,0,07/07/2026,AUTO_MAN,9,4
07/21/2026,8,18.9,0,07/07/2026,AUTO_MAN,9,4
07/21/2026,9,20,0,07/07/2026,AUTO_MAN,9,4
07/21/2026,10,22.2,0,07/07/2026,AUTO_MAN,9,4
07/21/2026,11,23.9,0,07/07/2026,AUTO_MAN,9,4
07/21/2026,12,25.6,0,07/07/2026,AUTO_MAN,9,4
07/21/2026,13,26.7,0,07/07/2026,AUTO_MAN,9,4
07/21/2026,14,27.8,0,07/07/2026,AUTO_MAN,9,4
07/21/2026,15,28.9,0,07/07/2026,AUTO_MAN,9,4
07/21/2026,16,28.9,0,07/07/2026,AUTO_MAN,9,4
07/21/2026,17,28.9,0,07/07/2026,AUTO_MAN,9,4
07/21/2026,18,28.3,0,07/07/2026,AUTO_MAN,9,4
07/21/2026,19,27.8,0,07/07/2026,AUTO_MAN,9,4
07/21/2026,20,27.2,0,07/07/2026,AUTO_MAN,9,4
07/21/2026,21,23.9,0,07/07/2026,AUTO_MAN,9,4
07/21/2026,22,23.3,0,07/07/2026,AUTO_MAN,9,4
07/21/2026,23,22.8,0,07/07/2026,AUTO_MAN,9,4
07/21/2026,24,21.7,0,07/07/2026,AUTO_MAN,9,4
07/07/2026,1,21.1,0,07/07/2026,AUTO_MAN,10,4
07/07/2026,2,21.1,0,07/07/2026,AUTO_MAN,10,4
07/07/2026,3,20.6,0,07/07/2026,AUTO_MAN,10,4
07/07/2026,4,20.6,0,07/07/2026,AUTO_MAN,10,4
07/07/2026,5,20.6,0,07/07/2026,AUTO_MAN,10,4
07/07/2026,6,20.6,0,07/07/2026,AUTO_MAN,10,4
07/07/2026,7,21.7,0,07/07/2026,AUTO_MAN,10,4
07/07/2026,8,22.2,0,07/07/2026,AUTO_MAN,10,4
07/07/2026,9,22.8,0,07/07/2026,AUTO_MAN,10,4
07/07/2026,10,23.9,0,07/07/2026,AUTO_MAN,10,4
07/07/2026,11,24.4,0,07/07/2026,AUTO_MAN,10,4
07/07/2026,12,24.4,0,07/07/2026,AUTO_MAN,10,4
07/07/2026,13,24.4,0,07/07/2026,AUTO_MAN,10,4
07/07/2026,14,25,0,07/07/2026,AUTO_MAN,10,4
07/07/2026,15,25,0,07/07/2026,AUTO_MAN,10,4
07/07/2026,16,25.6,0,07/07/2026,AUTO_MAN,10,4
07/07/2026,17,26.1,0,07/07/2026,AUTO_MAN,10,4
07/07/2026,18,26.1,0,07/07/2026,AUTO_MAN,10,4
07/07/2026,19,26.1,0,07/07/2026,AUTO_MAN,10,4
07/07/2026,20,25.6,0,07/07/2026,AUTO_MAN,10,4
07/07/2026,21,24.4,0,07/07/2026,AUTO_MAN,10,4
07/07/2026,22,23.3,0,07/07/2026,AUTO_MAN,10,4
07/07/2026,23,22.8,0,07/07/2026,AUTO_MAN,10,4
07/07/2026,24,22.2,0,07/07/2026,AUTO_MAN,10,4
07/08/2026,1,21.1,0,07/07/2026,AUTO_MAN,10,4
07/08/2026,2,21.1,0,07/07/2026,AUTO_MAN,10,4
07/08/2026,3,21.1,0,07/07/2026,AUTO_MAN,10,4
07/08/2026,4,20.6,0,07/07/2026,AUTO_MAN,10,4
07/08/2026,5,20.6,0,07/07/2026,AUTO_MAN,10,4
07/08/2026,6,20.6,0,07/07/2026,AUTO_MAN,10,4
07/08/2026,7,21.1,0,07/07/2026,AUTO_MAN,10,4
07/08/2026,8,21.7,0,07/07/2026,AUTO_MAN,10,4
07/08/2026,9,22.8,0,07/07/2026,AUTO_MAN,10,4
07/08/2026,10,25,0,07/07/2026,AUTO_MAN,10,4
07/08/2026,11,25.6,0,07/07/2026,AUTO_MAN,10,4
07/08/2026,12,26.1,0,07/07/2026,AUTO_MAN,10,4
07/08/2026,13,26.1,0,07/07/2026,AUTO_MAN,10,4
07/08/2026,14,26.1,0,07/07/2026,AUTO_MAN,10,4
07/08/2026,15,26.7,0,07/07/2026,AUTO_MAN,10,4
07/08/2026,16,26.7,0,07/07/2026,AUTO_MAN,10,4
07/08/2026,17,27.2,0,07/07/2026,AUTO_MAN,10,4
07/08/2026,18,27.2,0,07/07/2026,AUTO_MAN,10,4
07/08/2026,19,27.2,0,07/07/2026,AUTO_MAN,10,4
07/08/2026,20,26.1,0,07/07/2026,AUTO_MAN,10,4
07/08/2026,21,25,0,07/07/2026,AUTO_MAN,10,4
07/08/2026,22,23.3,0,07/07/2026,AUTO_MAN,10,4
07/08/2026,23,22.2,0,07/07/2026,AUTO_MAN,10,4
07/08/2026,24,22.2,0,07/07/2026,AUTO_MAN,10,4
07/09/2026,1,22.2,0,07/07/2026,AUTO_MAN,10,4
07/09/2026,2,22.2,0,07/07/2026,AUTO_MAN,10,4
07/09/2026,3,22.2,0,07/07/2026,AUTO_MAN,10,4
07/09/2026,4,22.2,0,07/07/2026,AUTO_MAN,10,4
07/09/2026,5,21.7,0,07/07/2026,AUTO_MAN,10,4
07/09/2026,6,22.2,0,07/07/2026,AUTO_MAN,10,4
07/09/2026,7,22.8,0,07/07/2026,AUTO_MAN,10,4
07/09/2026,8,23.9,0,07/07/2026,AUTO_MAN,10,4
07/09/2026,9,25,0,07/07/2026,AUTO_MAN,10,4
07/09/2026,10,26.1,0,07/07/2026,AUTO_MAN,10,4
07/09/2026,11,26.7,0,07/07/2026,AUTO_MAN,10,4
07/09/2026,12,27.2,0,07/07/2026,AUTO_MAN,10,4
07/09/2026,13,27.2,0,07/07/2026,AUTO_MAN,10,4
07/09/2026,14,27.8,0,07/07/2026,AUTO_MAN,10,4
07/09/2026,15,27.8,0,07/07/2026,AUTO_MAN,10,4
07/09/2026,16,27.8,0,07/07/2026,AUTO_MAN,10,4
07/09/2026,17,27.8,0,07/07/2026,AUTO_MAN,10,4
07/09/2026,18,27.8,0,07/07/2026,AUTO_MAN,10,4
07/09/2026,19,27.2,0,07/07/2026,AUTO_MAN,10,4
07/09/2026,20,26.7,0,07/07/2026,AUTO_MAN,10,4
07/09/2026,21,25.6,0,07/07/2026,AUTO_MAN,10,4
07/09/2026,22,25,0,07/07/2026,AUTO_MAN,10,4
07/09/2026,23,23.9,0,07/07/2026,AUTO_MAN,10,4
07/09/2026,24,23.3,0,07/07/2026,AUTO_MAN,10,4
07/10/2026,1,22.8,0,07/07/2026,AUTO_MAN,10,4
07/10/2026,2,22.8,0,07/07/2026,AUTO_MAN,10,4
07/10/2026,3,22.8,0,07/07/2026,AUTO_MAN,10,4
07/10/2026,4,22.2,0,07/07/2026,AUTO_MAN,10,4
07/10/2026,5,22.2,0,07/07/2026,AUTO_MAN,10,4
07/10/2026,6,22.2,0,07/07/2026,AUTO_MAN,10,4
07/10/2026,7,22.2,0,07/07/2026,AUTO_MAN,10,4
07/10/2026,8,22.8,0,07/07/2026,AUTO_MAN,10,4
07/10/2026,9,22.8,0,07/07/2026,AUTO_MAN,10,4
07/10/2026,10,23.3,0,07/07/2026,AUTO_MAN,10,4
07/10/2026,11,23.9,0,07/07/2026,AUTO_MAN,10,4
07/10/2026,12,23.9,0,07/07/2026,AUTO_MAN,10,4
07/10/2026,13,24.4,0,07/07/2026,AUTO_MAN,10,4
07/10/2026,14,24.4,0,07/07/2026,AUTO_MAN,10,4
07/10/2026,15,25,0,07/07/2026,AUTO_MAN,10,4
07/10/2026,16,25.6,0,07/07/2026,AUTO_MAN,10,4
07/10/2026,17,25.6,0,07/07/2026,AUTO_MAN,10,4
07/10/2026,18,25.6,0,07/07/2026,AUTO_MAN,10,4
07/10/2026,19,25.6,0,07/07/2026,AUTO_MAN,10,4
07/10/2026,20,25,0,07/07/2026,AUTO_MAN,10,4
07/10/2026,21,24.4,0,07/07/2026,AUTO_MAN,10,4
07/10/2026,22,23.9,0,07/07/2026,AUTO_MAN,10,4
07/10/2026,23,22.8,0,07/07/2026,AUTO_MAN,10,4
07/10/2026,24,22.8,0,07/07/2026,AUTO_MAN,10,4
07/11/2026,1,22.2,1,07/07/2026,AUTO_MAN,10,4
07/11/2026,2,21.7,1,07/07/2026,AUTO_MAN,10,4
07/11/2026,3,21.7,1,07/07/2026,AUTO_MAN,10,4
07/11/2026,4,21.7,1,07/07/2026,AUTO_MAN,10,4
07/11/2026,5,21.1,1,07/07/2026,AUTO_MAN,10,4
07/11/2026,6,21.1,1,07/07/2026,AUTO_MAN,10,4
07/11/2026,7,21.7,1,07/07/2026,AUTO_MAN,10,4
07/11/2026,8,22.2,1,07/07/2026,AUTO_MAN,10,4
07/11/2026,9,23.3,1,07/07/2026,AUTO_MAN,10,4
07/11/2026,10,23.9,1,07/07/2026,AUTO_MAN,10,4
07/11/2026,11,25,1,07/07/2026,AUTO_MAN,10,4
07/11/2026,12,25,1,07/07/2026,AUTO_MAN,10,4
07/11/2026,13,25.6,1,07/07/2026,AUTO_MAN,10,4
07/11/2026,14,25.6,1,07/07/2026,AUTO_MAN,10,4
07/11/2026,15,26.1,1,07/07/2026,AUTO_MAN,10,4
07/11/2026,16,26.1,1,07/07/2026,AUTO_MAN,10,4
07/11/2026,17,26.1,1,07/07/2026,AUTO_MAN,10,4
07/11/2026,18,26.1,1,07/07/2026,AUTO_MAN,10,4
07/11/2026,19,26.1,1,07/07/2026,AUTO_MAN,10,4
07/11/2026,20,25,1,07/07/2026,AUTO_MAN,10,4
07/11/2026,21,23.9,1,07/07/2026,AUTO_MAN,10,4
07/11/2026,22,22.8,1,07/07/2026,AUTO_MAN,10,4
07/11/2026,23,22.2,1,07/07/2026,AUTO_MAN,10,4
07/11/2026,24,21.7,1,07/07/2026,AUTO_MAN,10,4
07/12/2026,1,21.1,1,07/07/2026,AUTO_MAN,10,4
07/12/2026,2,20,1,07/07/2026,AUTO_MAN,10,4
07/12/2026,3,20,1,07/07/2026,AUTO_MAN,10,4
07/12/2026,4,19.4,1,07/07/2026,AUTO_MAN,10,4
07/12/2026,5,18.9,1,07/07/2026,AUTO_MAN,10,4
07/12/2026,6,18.9,1,07/07/2026,AUTO_MAN,10,4
07/12/2026,7,20,1,07/07/2026,AUTO_MAN,10,4
07/12/2026,8,21.1,1,07/07/2026,AUTO_MAN,10,4
07/12/2026,9,22.2,1,07/07/2026,AUTO_MAN,10,4
07/12/2026,10,23.3,1,07/07/2026,AUTO_MAN,10,4
07/12/2026,11,23.9,1,07/07/2026,AUTO_MAN,10,4
07/12/2026,12,24.4,1,07/07/2026,AUTO_MAN,10,4
07/12/2026,13,25,1,07/07/2026,AUTO_MAN,10,4
07/12/2026,14,25.6,1,07/07/2026,AUTO_MAN,10,4
07/12/2026,15,26.1,1,07/07/2026,AUTO_MAN,10,4
07/12/2026,16,26.1,1,07/07/2026,AUTO_MAN,10,4
07/12/2026,17,26.1,1,07/07/2026,AUTO_MAN,10,4
07/12/2026,18,26.1,1,07/07/2026,AUTO_MAN,10,4
07/12/2026,19,25.6,1,07/07/2026,AUTO_MAN,10,4
07/12/2026,20,25,1,07/07/2026,AUTO_MAN,10,4
07/12/2026,21,23.9,1,07/07/2026,AUTO_MAN,10,4
07/12/2026,22,22.8,1,07/07/2026,AUTO_MAN,10,4
07/12/2026,23,22.2,1,07/07/2026,AUTO_MAN,10,4
07/12/2026,24,21.7,1,07/07/2026,AUTO_MAN,10,4
07/13/2026,1,20.6,0,07/07/2026,AUTO_MAN,10,4
07/13/2026,2,20,0,07/07/2026,AUTO_MAN,10,4
07/13/2026,3,20,0,07/07/2026,AUTO_MAN,10,4
07/13/2026,4,19.4,0,07/07/2026,AUTO_MAN,10,4
07/13/2026,5,20,0,07/07/2026,AUTO_MAN,10,4
07/13/2026,6,20,0,07/07/2026,AUTO_MAN,10,4
07/13/2026,7,20.6,0,07/07/2026,AUTO_MAN,10,4
07/13/2026,8,22.2,0,07/07/2026,AUTO_MAN,10,4
07/13/2026,9,23.3,0,07/07/2026,AUTO_MAN,10,4
07/13/2026,10,24.4,0,07/07/2026,AUTO_MAN,10,4
07/13/2026,11,25.6,0,07/07/2026,AUTO_MAN,10,4
07/13/2026,12,26.7,0,07/07/2026,AUTO_MAN,10,4
07/13/2026,13,27.2,0,07/07/2026,AUTO_MAN,10,4
07/13/2026,14,27.8,0,07/07/2026,AUTO_MAN,10,4
07/13/2026,15,28.3,0,07/07/2026,AUTO_MAN,10,4
07/13/2026,16,28.3,0,07/07/2026,AUTO_MAN,10,4
07/13/2026,17,28.3,0,07/07/2026,AUTO_MAN,10,4
07/13/2026,18,27.8,0,07/07/2026,AUTO_MAN,10,4
07/13/2026,19,27.2,0,07/07/2026,AUTO_MAN,10,4
07/13/2026,20,26.1,0,07/07/2026,AUTO_MAN,10,4
07/13/2026,21,25.6,0,07/07/2026,AUTO_MAN,10,4
07/13/2026,22,24.4,0,07/07/2026,AUTO_MAN,10,4
07/13/2026,23,23.3,0,07/07/2026,AUTO_MAN,10,4
07/13/2026,24,22.8,0,07/07/2026,AUTO_MAN,10,4
07/14/2026,1,22.2,0,07/07/2026,AUTO_MAN,10,4
07/14/2026,2,21.7,0,07/07/2026,AUTO_MAN,10,4
07/14/2026,3,21.7,0,07/07/2026,AUTO_MAN,10,4
07/14/2026,4,21.1,0,07/07/2026,AUTO_MAN,10,4
07/14/2026,5,21.7,0,07/07/2026,AUTO_MAN,10,4
07/14/2026,6,21.7,0,07/07/2026,AUTO_MAN,10,4
07/14/2026,7,22.2,0,07/07/2026,AUTO_MAN,10,4
07/14/2026,8,23.3,0,07/07/2026,AUTO_MAN,10,4
07/14/2026,9,24.4,0,07/07/2026,AUTO_MAN,10,4
07/14/2026,10,26.1,0,07/07/2026,AUTO_MAN,10,4
07/14/2026,11,26.7,0,07/07/2026,AUTO_MAN,10,4
07/14/2026,12,27.8,0,07/07/2026,AUTO_MAN,10,4
07/14/2026,13,28.3,0,07/07/2026,AUTO_MAN,10,4
07/14/2026,14,28.9,0,07/07/2026,AUTO_MAN,10,4
07/14/2026,15,29.4,0,07/07/2026,AUTO_MAN,10,4
07/14/2026,16,30.6,0,07/07/2026,AUTO_MAN,10,4
07/14/2026,17,30.6,0,07/07/2026,AUTO_MAN,10,4
07/14/2026,18,30.6,0,07/07/2026,AUTO_MAN,10,4
07/14/2026,19,29.4,0,07/07/2026,AUTO_MAN,10,4
07/14/2026,20,28.9,0,07/07/2026,AUTO_MAN,10,4
07/14/2026,21,27.8,0,07/07/2026,AUTO_MAN,10,4
07/14/2026,22,26.7,0,07/07/2026,AUTO_MAN,10,4
07/14/2026,23,26.1,0,07/07/2026,AUTO_MAN,10,4
07/14/2026,24,24.4,0,07/07/2026,AUTO_MAN,10,4
07/15/2026,1,23.3,0,07/07/2026,AUTO_MAN,10,4
07/15/2026,2,22.2,0,07/07/2026,AUTO_MAN,10,4
07/15/2026,3,21.7,0,07/07/2026,AUTO_MAN,10,4
07/15/2026,4,21.1,0,07/07/2026,AUTO_MAN,10,4
07/15/2026,5,21.1,0,07/07/2026,AUTO_MAN,10,4
07/15/2026,6,21.7,0,07/07/2026,AUTO_MAN,10,4
07/15/2026,7,21.7,0,07/07/2026,AUTO_MAN,10,4
07/15/2026,8,22.8,0,07/07/2026,AUTO_MAN,10,4
07/15/2026,9,23.3,0,07/07/2026,AUTO_MAN,10,4
07/15/2026,10,23.9,0,07/07/2026,AUTO_MAN,10,4
07/15/2026,11,24.4,0,07/07/2026,AUTO_MAN,10,4
07/15/2026,12,25,0,07/07/2026,AUTO_MAN,10,4
07/15/2026,13,25.6,0,07/07/2026,AUTO_MAN,10,4
07/15/2026,14,25.6,0,07/07/2026,AUTO_MAN,10,4
07/15/2026,15,26.1,0,07/07/2026,AUTO_MAN,10,4
07/15/2026,16,26.7,0,07/07/2026,AUTO_MAN,10,4
07/15/2026,17,27.2,0,07/07/2026,AUTO_MAN,10,4
07/15/2026,18,27.2,0,07/07/2026,AUTO_MAN,10,4
07/15/2026,19,27.8,0,07/07/2026,AUTO_MAN,10,4
07/15/2026,20,26.7,0,07/07/2026,AUTO_MAN,10,4
07/15/2026,21,25.6,0,07/07/2026,AUTO_MAN,10,4
07/15/2026,22,24.4,0,07/07/2026,AUTO_MAN,10,4
07/15/2026,23,23.9,0,07/07/2026,AUTO_MAN,10,4
07/15/2026,24,22.8,0,07/07/2026,AUTO_MAN,10,4
07/16/2026,1,22.2,0,07/07/2026,AUTO_MAN,10,4
07/16/2026,2,21.7,0,07/07/2026,AUTO_MAN,10,4
07/16/2026,3,21.1,0,07/07/2026,AUTO_MAN,10,4
07/16/2026,4,20.6,0,07/07/2026,AUTO_MAN,10,4
07/16/2026,5,20.6,0,07/07/2026,AUTO_MAN,10,4
07/16/2026,6,20,0,07/07/2026,AUTO_MAN,10,4
07/16/2026,7,20.6,0,07/07/2026,AUTO_MAN,10,4
07/16/2026,8,21.7,0,07/07/2026,AUTO_MAN,10,4
07/16/2026,9,22.8,0,07/07/2026,AUTO_MAN,10,4
07/16/2026,10,23.9,0,07/07/2026,AUTO_MAN,10,4
07/16/2026,11,24.4,0,07/07/2026,AUTO_MAN,10,4
07/16/2026,12,25,0,07/07/2026,AUTO_MAN,10,4
07/16/2026,13,25.6,0,07/07/2026,AUTO_MAN,10,4
07/16/2026,14,26.1,0,07/07/2026,AUTO_MAN,10,4
07/16/2026,15,26.7,0,07/07/2026,AUTO_MAN,10,4
07/16/2026,16,26.7,0,07/07/2026,AUTO_MAN,10,4
07/16/2026,17,26.7,0,07/07/2026,AUTO_MAN,10,4
07/16/2026,18,26.1,0,07/07/2026,AUTO_MAN,10,4
07/16/2026,19,26.1,0,07/07/2026,AUTO_MAN,10,4
07/16/2026,20,25,0,07/07/2026,AUTO_MAN,10,4
07/16/2026,21,23.9,0,07/07/2026,AUTO_MAN,10,4
07/16/2026,22,22.8,0,07/07/2026,AUTO_MAN,10,4
07/16/2026,23,22.2,0,07/07/2026,AUTO_MAN,10,4
07/16/2026,24,21.7,0,07/07/2026,AUTO_MAN,10,4
07/17/2026,1,21.1,0,07/07/2026,AUTO_MAN,10,4
07/17/2026,2,20,0,07/07/2026,AUTO_MAN,10,4
07/17/2026,3,20,0,07/07/2026,AUTO_MAN,10,4
07/17/2026,4,19.4,0,07/07/2026,AUTO_MAN,10,4
07/17/2026,5,18.9,0,07/07/2026,AUTO_MAN,10,4
07/17/2026,6,19.4,0,07/07/2026,AUTO_MAN,10,4
07/17/2026,7,20,0,07/07/2026,AUTO_MAN,10,4
07/17/2026,8,21.7,0,07/07/2026,AUTO_MAN,10,4
07/17/2026,9,23.3,0,07/07/2026,AUTO_MAN,10,4
07/17/2026,10,24.4,0,07/07/2026,AUTO_MAN,10,4
07/17/2026,11,25.6,0,07/07/2026,AUTO_MAN,10,4
07/17/2026,12,26.7,0,07/07/2026,AUTO_MAN,10,4
07/17/2026,13,27.8,0,07/07/2026,AUTO_MAN,10,4
07/17/2026,14,28.3,0,07/07/2026,AUTO_MAN,10,4
07/17/2026,15,28.3,0,07/07/2026,AUTO_MAN,10,4
07/17/2026,16,27.8,0,07/07/2026,AUTO_MAN,10,4
07/17/2026,17,27.2,0,07/07/2026,AUTO_MAN,10,4
07/17/2026,18,26.7,0,07/07/2026,AUTO_MAN,10,4
07/17/2026,19,26.1,0,07/07/2026,AUTO_MAN,10,4
07/17/2026,20,25,0,07/07/2026,AUTO_MAN,10,4
07/17/2026,21,23.9,0,07/07/2026,AUTO_MAN,10,4
07/17/2026,22,22.8,0,07/07/2026,AUTO_MAN,10,4
07/17/2026,23,21.7,0,07/07/2026,AUTO_MAN,10,4
07/17/2026,24,21.1,0,07/07/2026,AUTO_MAN,10,4
07/18/2026,1,20.6,1,07/07/2026,AUTO_MAN,10,4
07/18/2026,2,20,1,07/07/2026,AUTO_MAN,10,4
07/18/2026,3,18.9,1,07/07/2026,AUTO_MAN,10,4
07/18/2026,4,18.3,1,07/07/2026,AUTO_MAN,10,4
07/18/2026,5,17.8,1,07/07/2026,AUTO_MAN,10,4
07/18/2026,6,17.2,1,07/07/2026,AUTO_MAN,10,4
07/18/2026,7,16.7,1,07/07/2026,AUTO_MAN,10,4
07/18/2026,8,18.3,1,07/07/2026,AUTO_MAN,10,4
07/18/2026,9,19.4,1,07/07/2026,AUTO_MAN,10,4
07/18/2026,10,20,1,07/07/2026,AUTO_MAN,10,4
07/18/2026,11,21.1,1,07/07/2026,AUTO_MAN,10,4
07/18/2026,12,21.7,1,07/07/2026,AUTO_MAN,10,4
07/18/2026,13,22.8,1,07/07/2026,AUTO_MAN,10,4
07/18/2026,14,23.3,1,07/07/2026,AUTO_MAN,10,4
07/18/2026,15,23.9,1,07/07/2026,AUTO_MAN,10,4
07/18/2026,16,25,1,07/07/2026,AUTO_MAN,10,4
07/18/2026,17,25.6,1,07/07/2026,AUTO_MAN,10,4
07/18/2026,18,26.1,1,07/07/2026,AUTO_MAN,10,4
07/18/2026,19,26.1,1,07/07/2026,AUTO_MAN,10,4
07/18/2026,20,25,1,07/07/2026,AUTO_MAN,10,4
07/18/2026,21,23.9,1,07/07/2026,AUTO_MAN,10,4
07/18/2026,22,22.2,1,07/07/2026,AUTO_MAN,10,4
07/18/2026,23,21.1,1,07/07/2026,AUTO_MAN,10,4
07/18/2026,24,20,1,07/07/2026,AUTO_MAN,10,4
07/19/2026,1,18.3,1,07/07/2026,AUTO_MAN,10,4
07/19/2026,2,17.8,1,07/07/2026,AUTO_MAN,10,4
07/19/2026,3,17.2,1,07/07/2026,AUTO_MAN,10,4
07/19/2026,4,17.2,1,07/07/2026,AUTO_MAN,10,4
07/19/2026,5,17.8,1,07/07/2026,AUTO_MAN,10,4
07/19/2026,6,18.3,1,07/07/2026,AUTO_MAN,10,4
07/19/2026,7,18.9,1,07/07/2026,AUTO_MAN,10,4
07/19/2026,8,20,1,07/07/2026,AUTO_MAN,10,4
07/19/2026,9,21.1,1,07/07/2026,AUTO_MAN,10,4
07/19/2026,10,22.2,1,07/07/2026,AUTO_MAN,10,4
07/19/2026,11,23.3,1,07/07/2026,AUTO_MAN,10,4
07/19/2026,12,23.9,1,07/07/2026,AUTO_MAN,10,4
07/19/2026,13,24.4,1,07/07/2026,AUTO_MAN,10,4
07/19/2026,14,25,1,07/07/2026,AUTO_MAN,10,4
07/19/2026,15,25.6,1,07/07/2026,AUTO_MAN,10,4
07/19/2026,16,26.1,1,07/07/2026,AUTO_MAN,10,4
07/19/2026,17,26.7,1,07/07/2026,AUTO_MAN,10,4
07/19/2026,18,25.6,1,07/07/2026,AUTO_MAN,10,4
07/19/2026,19,25.6,1,07/07/2026,AUTO_MAN,10,4
07/19/2026,20,24.4,1,07/07/2026,AUTO_MAN,10,4
07/19/2026,21,23.3,1,07/07/2026,AUTO_MAN,10,4
07/19/2026,22,22.2,1,07/07/2026,AUTO_MAN,10,4
07/19/2026,23,21.7,1,07/07/2026,AUTO_MAN,10,4
07/19/2026,24,20.6,1,07/07/2026,AUTO_MAN,10,4
07/20/2026,1,20,0,07/07/2026,AUTO_MAN,10,4
07/20/2026,2,19.4,0,07/07/2026,AUTO_MAN,10,4
07/20/2026,3,18.9,0,07/07/2026,AUTO_MAN,10,4
07/20/2026,4,18.3,0,07/07/2026,AUTO_MAN,10,4
07/20/2026,5,17.8,0,07/07/2026,AUTO_MAN,10,4
07/20/2026,6,17.8,0,07/07/2026,AUTO_MAN,10,4
07/20/2026,7,18.3,0,07/07/2026,AUTO_MAN,10,4
07/20/2026,8,19.4,0,07/07/2026,AUTO_MAN,10,4
07/20/2026,9,20.6,0,07/07/2026,AUTO_MAN,10,4
07/20/2026,10,21.7,0,07/07/2026,AUTO_MAN,10,4
07/20/2026,11,22.8,0,07/07/2026,AUTO_MAN,10,4
07/20/2026,12,23.9,0,07/07/2026,AUTO_MAN,10,4
07/20/2026,13,24.4,0,07/07/2026,AUTO_MAN,10,4
07/20/2026,14,25,0,07/07/2026,AUTO_MAN,10,4
07/20/2026,15,25.6,0,07/07/2026,AUTO_MAN,10,4
07/20/2026,16,26.1,0,07/07/2026,AUTO_MAN,10,4
07/20/2026,17,26.7,0,07/07/2026,AUTO_MAN,10,4
07/20/2026,18,26.7,0,07/07/2026,AUTO_MAN,10,4
07/20/2026,19,26.1,0,07/07/2026,AUTO_MAN,10,4
07/20/2026,20,25.6,0,07/07/2026,AUTO_MAN,10,4
07/20/2026,21,23.9,0,07/07/2026,AUTO_MAN,10,4
07/20/2026,22,22.8,0,07/07/2026,AUTO_MAN,10,4
07/20/2026,23,21.7,0,07/07/2026,AUTO_MAN,10,4
07/20/2026,24,21.1,0,07/07/2026,AUTO_MAN,10,4
07/21/2026,1,20.6,0,07/07/2026,AUTO_MAN,10,4
07/21/2026,2,19.4,0,07/07/2026,AUTO_MAN,10,4
07/21/2026,3,18.9,0,07/07/2026,AUTO_MAN,10,4
07/21/2026,4,18.3,0,07/07/2026,AUTO_MAN,10,4
07/21/2026,5,17.8,0,07/07/2026,AUTO_MAN,10,4
07/21/2026,6,17.2,0,07/07/2026,AUTO_MAN,10,4
07/21/2026,7,17.8,0,07/07/2026,AUTO_MAN,10,4
07/21/2026,8,18.9,0,07/07/2026,AUTO_MAN,10,4
07/21/2026,9,20.6,0,07/07/2026,AUTO_MAN,10,4
07/21/2026,10,21.7,0,07/07/2026,AUTO_MAN,10,4
07/21/2026,11,22.8,0,07/07/2026,AUTO_MAN,10,4
07/21/2026,12,23.9,0,07/07/2026,AUTO_MAN,10,4
07/21/2026,13,24.4,0,07/07/2026,AUTO_MAN,10,4
07/21/2026,14,25.6,0,07/07/2026,AUTO_MAN,10,4
07/21/2026,15,26.1,0,07/07/2026,AUTO_MAN,10,4
07/21/2026,16,26.7,0,07/07/2026,AUTO_MAN,10,4
07/21/2026,17,26.1,0,07/07/2026,AUTO_MAN,10,4
07/21/2026,18,25.6,0,07/07/2026,AUTO_MAN,10,4
07/21/2026,19,25.6,0,07/07/2026,AUTO_MAN,10,4
07/21/2026,20,25,0,07/07/2026,AUTO_MAN,10,4
07/21/2026,21,22.8,0,07/07/2026,AUTO_MAN,10,4
07/21/2026,22,21.7,0,07/07/2026,AUTO_MAN,10,4
07/21/2026,23,21.7,0,07/07/2026,AUTO_MAN,10,4
07/21/2026,24,21.1,0,07/07/2026,AUTO_MAN,10,4
06/08/2026,1,67,0,06/15/2026,AUTO_MAN,11,2
06/08/2026,2,66,0,06/15/2026,AUTO_MAN,11,2
06/08/2026,3,66,0,06/15/2026,AUTO_MAN,11,2
06/08/2026,4,65,0,06/15/2026,AUTO_MAN,11,2
06/08/2026,5,65,0,06/15/2026,AUTO_MAN,11,2
06/08/2026,6,66,0,06/15/2026,AUTO_MAN,11,2
06/08/2026,7,68,0,06/15/2026,AUTO_MAN,11,2
06/08/2026,8,69,0,06/15/2026,AUTO_MAN,11,2
06/08/2026,9,71,0,06/15/2026,AUTO_MAN,11,2
06/08/2026,10,72,0,06/15/2026,AUTO_MAN,11,2
06/08/2026,11,73,0,06/15/2026,AUTO_MAN,11,2
06/08/2026,12,73,0,06/15/2026,AUTO_MAN,11,2
06/08/2026,13,72,0,06/15/2026,AUTO_MAN,11,2
06/08/2026,14,72,0,06/15/2026,AUTO_MAN,11,2
06/08/2026,15,73,0,06/15/2026,AUTO_MAN,11,2
06/08/2026,16,73,0,06/15/2026,AUTO_MAN,11,2
06/08/2026,17,73,0,06/15/2026,AUTO_MAN,11,2
06/08/2026,18,71,0,06/15/2026,AUTO_MAN,11,2
06/08/2026,19,71,0,06/15/2026,AUTO_MAN,11,2
06/08/2026,20,68,0,06/15/2026,AUTO_MAN,11,2
06/08/2026,21,67,0,06/15/2026,AUTO_MAN,11,2
06/08/2026,22,66,0,06/15/2026,AUTO_MAN,11,2
06/08/2026,23,65,0,06/15/2026,AUTO_MAN,11,2
06/08/2026,24,63,0,06/15/2026,AUTO_MAN,11,2
06/09/2026,1,62,0,06/16/2026,AUTO_MAN,11,2
06/09/2026,2,61,0,06/16/2026,AUTO_MAN,11,2
06/09/2026,3,60,0,06/16/2026,AUTO_MAN,11,2
06/09/2026,4,59,0,06/16/2026,AUTO_MAN,11,2
06/09/2026,5,59,0,06/16/2026,AUTO_MAN,11,2
06/09/2026,6,62,0,06/16/2026,AUTO_MAN,11,2
06/09/2026,7,66,0,06/16/2026,AUTO_MAN,11,2
06/09/2026,8,69,0,06/16/2026,AUTO_MAN,11,2
06/09/2026,9,73,0,06/16/2026,AUTO_MAN,11,2
06/09/2026,10,75,0,06/16/2026,AUTO_MAN,11,2
06/09/2026,11,78,0,06/16/2026,AUTO_MAN,11,2
06/09/2026,12,79,0,06/16/2026,AUTO_MAN,11,2
06/09/2026,13,81,0,06/16/2026,AUTO_MAN,11,2
06/09/2026,14,81,0,06/16/2026,AUTO_MAN,11,2
06/09/2026,15,83,0,06/16/2026,AUTO_MAN,11,2
06/09/2026,16,84,0,06/16/2026,AUTO_MAN,11,2
06/09/2026,17,82,0,06/16/2026,AUTO_MAN,11,2
06/09/2026,18,82,0,06/16/2026,AUTO_MAN,11,2
06/09/2026,19,81,0,06/16/2026,AUTO_MAN,11,2
06/09/2026,20,77,0,06/16/2026,AUTO_MAN,11,2
06/09/2026,21,75,0,06/16/2026,AUTO_MAN,11,2
06/09/2026,22,76,0,06/16/2026,AUTO_MAN,11,2
06/09/2026,23,74,0,06/16/2026,AUTO_MAN,11,2
06/09/2026,24,72,0,06/16/2026,AUTO_MAN,11,2
06/10/2026,1,70,0,06/17/2026,AUTO_MAN,11,2
06/10/2026,2,70,0,06/17/2026,AUTO_MAN,11,2
06/10/2026,3,69,0,06/17/2026,AUTO_MAN,11,2
06/10/2026,4,69,0,06/17/2026,AUTO_MAN,11,2
06/10/2026,5,70,0,06/17/2026,AUTO_MAN,11,2
06/10/2026,6,70,0,06/17/2026,AUTO_MAN,11,2
06/10/2026,7,70,0,06/17/2026,AUTO_MAN,11,2
06/10/2026,8,71,0,06/17/2026,AUTO_MAN,11,2
06/10/2026,9,74,0,06/17/2026,AUTO_MAN,11,2
06/10/2026,10,77,0,06/17/2026,AUTO_MAN,11,2
06/10/2026,11,79,0,06/17/2026,AUTO_MAN,11,2
06/10/2026,12,82,0,06/17/2026,AUTO_MAN,11,2
06/10/2026,13,81,0,06/17/2026,AUTO_MAN,11,2
06/10/2026,14,83,0,06/17/2026,AUTO_MAN,11,2
06/10/2026,15,83,0,06/17/2026,AUTO_MAN,11,2
06/10/2026,16,85,0,06/17/2026,AUTO_MAN,11,2
06/10/2026,17,84,0,06/17/2026,AUTO_MAN,11,2
06/10/2026,18,83,0,06/17/2026,AUTO_MAN,11,2
06/10/2026,19,83,0,06/17/2026,AUTO_MAN,11,2
06/10/2026,20,82,0,06/17/2026,AUTO_MAN,11,2
06/10/2026,21,80,0,06/17/2026,AUTO_MAN,11,2
06/10/2026,22,79,0,06/17/2026,AUTO_MAN,11,2
06/10/2026,23,77,0,06/17/2026,AUTO_MAN,11,2
06/10/2026,24,75,0,06/17/2026,AUTO_MAN,11,2
06/11/2026,1,74,0,06/18/2026,AUTO_MAN,11,2
06/11/2026,2,74,0,06/18/2026,AUTO_MAN,11,2
06/11/2026,3,73,0,06/18/2026,AUTO_MAN,11,2
06/11/2026,4,73,0,06/18/2026,AUTO_MAN,11,2
06/11/2026,5,73,0,06/18/2026,AUTO_MAN,11,2
06/11/2026,6,75,0,06/18/2026,AUTO_MAN,11,2
06/11/2026,7,78,0,06/18/2026,AUTO_MAN,11,2
06/11/2026,8,82,0,06/18/2026,AUTO_MAN,11,2
06/11/2026,9,85,0,06/18/2026,AUTO_MAN,11,2
06/11/2026,10,88,0,06/18/2026,AUTO_MAN,11,2
06/11/2026,11,90,0,06/18/2026,AUTO_MAN,11,2
06/11/2026,12,92,0,06/18/2026,AUTO_MAN,11,2
06/11/2026,13,94,0,06/18/2026,AUTO_MAN,11,2
06/11/2026,14,94,0,06/18/2026,AUTO_MAN,11,2
06/11/2026,15,96,0,06/18/2026,AUTO_MAN,11,2
06/11/2026,16,97,0,06/18/2026,AUTO_MAN,11,2
06/11/2026,17,95,0,06/18/2026,AUTO_MAN,11,2
06/11/2026,18,94,0,06/18/2026,AUTO_MAN,11,2
06/11/2026,19,92,0,06/18/2026,AUTO_MAN,11,2
06/11/2026,20,90,0,06/18/2026,AUTO_MAN,11,2
06/11/2026,21,90,0,06/18/2026,AUTO_MAN,11,2
06/11/2026,22,85,0,06/18/2026,AUTO_MAN,11,2
06/11/2026,23,80,0,06/18/2026,AUTO_MAN,11,2
06/11/2026,24,79,0,06/18/2026,AUTO_MAN,11,2
06/12/2026,1,77,0,06/19/2026,AUTO_MAN,11,2
06/12/2026,2,77,0,06/19/2026,AUTO_MAN,11,2
06/12/2026,3,76,0,06/19/2026,AUTO_MAN,11,2
06/12/2026,4,75,0,06/19/2026,AUTO_MAN,11,2
06/12/2026,5,74,0,06/19/2026,AUTO_MAN,11,2
06/12/2026,6,75,0,06/19/2026,AUTO_MAN,11,2
06/12/2026,7,77,0,06/19/2026,AUTO_MAN,11,2
06/12/2026,8,78,0,06/19/2026,AUTO_MAN,11,2
06/12/2026,9,82,0,06/19/2026,AUTO_MAN,11,2
06/12/2026,10,86,0,06/19/2026,AUTO_MAN,11,2
06/12/2026,11,89,0,06/19/2026,AUTO_MAN,11,2
06/12/2026,12,92,0,06/19/2026,AUTO_MAN,11,2
06/12/2026,13,94,0,06/19/2026,AUTO_MAN,11,2
06/12/2026,14,95,0,06/19/2026,AUTO_MAN,11,2
06/12/2026,15,95,0,06/19/2026,AUTO_MAN,11,2
06/12/2026,16,95,0,06/19/2026,AUTO_MAN,11,2
06/12/2026,17,91,0,06/19/2026,AUTO_MAN,11,2
06/12/2026,18,84,0,06/19/2026,AUTO_MAN,11,2
06/12/2026,19,79,0,06/19/2026,AUTO_MAN,11,2
06/12/2026,20,79,0,06/19/2026,AUTO_MAN,11,2
06/12/2026,21,79,0,06/19/2026,AUTO_MAN,11,2
06/12/2026,22,79,0,06/19/2026,AUTO_MAN,11,2
06/12/2026,23,79,0,06/19/2026,AUTO_MAN,11,2
06/12/2026,24,78,0,06/19/2026,AUTO_MAN,11,2
06/13/2026,1,78,1,06/20/2026,AUTO_MAN,11,2
06/13/2026,2,77,1,06/20/2026,AUTO_MAN,11,2
06/13/2026,3,75,1,06/20/2026,AUTO_MAN,11,2
06/13/2026,4,73,1,06/20/2026,AUTO_MAN,11,2
06/13/2026,5,72,1,06/20/2026,AUTO_MAN,11,2
06/13/2026,6,73,1,06/20/2026,AUTO_MAN,11,2
06/13/2026,7,75,1,06/20/2026,AUTO_MAN,11,2
06/13/2026,8,77,1,06/20/2026,AUTO_MAN,11,2
06/13/2026,9,81,1,06/20/2026,AUTO_MAN,11,2
06/13/2026,10,83,1,06/20/2026,AUTO_MAN,11,2
06/13/2026,11,83,1,06/20/2026,AUTO_MAN,11,2
06/13/2026,12,85,1,06/20/2026,AUTO_MAN,11,2
06/13/2026,13,87,1,06/20/2026,AUTO_MAN,11,2
06/13/2026,14,87,1,06/20/2026,AUTO_MAN,11,2
06/13/2026,15,88,1,06/20/2026,AUTO_MAN,11,2
06/13/2026,16,89,1,06/20/2026,AUTO_MAN,11,2
06/13/2026,17,89,1,06/20/2026,AUTO_MAN,11,2
06/13/2026,18,88,1,06/20/2026,AUTO_MAN,11,2
06/13/2026,19,86,1,06/20/2026,AUTO_MAN,11,2
06/13/2026,20,85,1,06/20/2026,AUTO_MAN,11,2
06/13/2026,21,83,1,06/20/2026,AUTO_MAN,11,2
06/13/2026,22,82,1,06/20/2026,AUTO_MAN,11,2
06/13/2026,23,80,1,06/20/2026,AUTO_MAN,11,2
06/13/2026,24,78,1,06/20/2026,AUTO_MAN,11,2
06/14/2026,1,74,1,06/21/2026,AUTO_MAN,11,2
06/14/2026,2,75,1,06/21/2026,AUTO_MAN,11,2
06/14/2026,3,72,1,06/21/2026,AUTO_MAN,11,2
06/14/2026,4,71,1,06/21/2026,AUTO_MAN,11,2
06/14/2026,5,71,1,06/21/2026,AUTO_MAN,11,2
06/14/2026,6,73,1,06/21/2026,AUTO_MAN,11,2
06/14/2026,7,74,1,06/21/2026,AUTO_MAN,11,2
06/14/2026,8,79,1,06/21/2026,AUTO_MAN,11,2
06/14/2026,9,84,1,06/21/2026,AUTO_MAN,11,2
06/14/2026,10,88,1,06/21/2026,AUTO_MAN,11,2
06/14/2026,11,88,1,06/21/2026,AUTO_MAN,11,2
06/14/2026,12,90,1,06/21/2026,AUTO_MAN,11,2
06/14/2026,13,92,1,06/21/2026,AUTO_MAN,11,2
06/14/2026,14,92,1,06/21/2026,AUTO_MAN,11,2
06/14/2026,15,90,1,06/21/2026,AUTO_MAN,11,2
06/14/2026,16,90,1,06/21/2026,AUTO_MAN,11,2
06/14/2026,17,90,1,06/21/2026,AUTO_MAN,11,2
06/14/2026,18,86,1,06/21/2026,AUTO_MAN,11,2
06/14/2026,19,83,1,06/21/2026,AUTO_MAN,11,2
06/14/2026,20,81,1,06/21/2026,AUTO_MAN,11,2
06/14/2026,21,79,1,06/21/2026,AUTO_MAN,11,2
06/14/2026,22,78,1,06/21/2026,AUTO_MAN,11,2
06/14/2026,23,74,1,06/21/2026,AUTO_MAN,11,2
06/14/2026,24,72,1,06/21/2026,AUTO_MAN,11,2
06/15/2026,1,72,0,06/22/2026,AUTO_MAN,11,2
06/15/2026,2,72,0,06/22/2026,AUTO_MAN,11,2
06/15/2026,3,71,0,06/22/2026,AUTO_MAN,11,2
06/15/2026,4,70,0,06/22/2026,AUTO_MAN,11,2
06/15/2026,5,68,0,06/22/2026,AUTO_MAN,11,2
06/15/2026,6,68,0,06/22/2026,AUTO_MAN,11,2
06/15/2026,7,70,0,06/22/2026,AUTO_MAN,11,2
06/15/2026,8,72,0,06/22/2026,AUTO_MAN,11,2
06/15/2026,9,73,0,06/22/2026,AUTO_MAN,11,2
06/15/2026,10,73,0,06/22/2026,AUTO_MAN,11,2
06/15/2026,11,75,0,06/22/2026,AUTO_MAN,11,2
06/15/2026,12,76,0,06/22/2026,AUTO_MAN,11,2
06/15/2026,13,77,0,06/22/2026,AUTO_MAN,11,2
06/15/2026,14,77,0,06/22/2026,AUTO_MAN,11,2
06/15/2026,15,76,0,06/22/2026,AUTO_MAN,11,2
06/15/2026,16,75,0,06/22/2026,AUTO_MAN,11,2
06/15/2026,17,76,0,06/22/2026,AUTO_MAN,11,2
06/15/2026,18,74,0,06/22/2026,AUTO_MAN,11,2
06/15/2026,19,72,0,06/22/2026,AUTO_MAN,11,2
06/15/2026,20,69,0,06/22/2026,AUTO_MAN,11,2
06/15/2026,21,67,0,06/22/2026,AUTO_MAN,11,2
06/15/2026,22,66,0,06/22/2026,AUTO_MAN,11,2
06/15/2026,23,64,0,06/22/2026,AUTO_MAN,11,2
06/15/2026,24,63,0,06/22/2026,AUTO_MAN,11,2
06/16/2026,1,62,0,06/23/2026,AUTO_MAN,11,2
06/16/2026,2,61,0,06/23/2026,AUTO_MAN,11,2
06/16/2026,3,60,0,06/23/2026,AUTO_MAN,11,2
06/16/2026,4,59,0,06/23/2026,AUTO_MAN,11,2
06/16/2026,5,59,0,06/23/2026,AUTO_MAN,11,2
06/16/2026,6,60,0,06/23/2026,AUTO_MAN,11,2
06/16/2026,7,64,0,06/23/2026,AUTO_MAN,11,2
06/16/2026,8,67,0,06/23/2026,AUTO_MAN,11,2
06/16/2026,9,70,0,06/23/2026,AUTO_MAN,11,2
06/16/2026,10,71,0,06/23/2026,AUTO_MAN,11,2
06/16/2026,11,73,0,06/23/2026,AUTO_MAN,11,2
06/16/2026,12,75,0,06/23/2026,AUTO_MAN,11,2
06/16/2026,13,76,0,06/23/2026,AUTO_MAN,11,2
06/16/2026,14,78,0,06/23/2026,AUTO_MAN,11,2
06/16/2026,15,79,0,06/23/2026,AUTO_MAN,11,2
06/16/2026,16,79,0,06/23/2026,AUTO_MAN,11,2
06/16/2026,17,78,0,06/23/2026,AUTO_MAN,11,2
06/16/2026,18,74,0,06/23/2026,AUTO_MAN,11,2
06/16/2026,19,72,0,06/23/2026,AUTO_MAN,11,2
06/16/2026,20,69,0,06/23/2026,AUTO_MAN,11,2
06/16/2026,21,68,0,06/23/2026,AUTO_MAN,11,2
06/16/2026,22,67,0,06/23/2026,AUTO_MAN,11,2
06/16/2026,23,66,0,06/23/2026,AUTO_MAN,11,2
06/16/2026,24,65,0,06/23/2026,AUTO_MAN,11,2
06/17/2026,1,64,0,06/24/2026,AUTO_MAN,11,2
06/17/2026,2,64,0,06/24/2026,AUTO_MAN,11,2
06/17/2026,3,64,0,06/24/2026,AUTO_MAN,11,2
06/17/2026,4,63,0,06/24/2026,AUTO_MAN,11,2
06/17/2026,5,63,0,06/24/2026,AUTO_MAN,11,2
06/17/2026,6,65,0,06/24/2026,AUTO_MAN,11,2
06/17/2026,7,66,0,06/24/2026,AUTO_MAN,11,2
06/17/2026,8,70,0,06/24/2026,AUTO_MAN,11,2
06/17/2026,9,73,0,06/24/2026,AUTO_MAN,11,2
06/17/2026,10,75,0,06/24/2026,AUTO_MAN,11,2
06/17/2026,11,77,0,06/24/2026,AUTO_MAN,11,2
06/17/2026,12,77,0,06/24/2026,AUTO_MAN,11,2
06/17/2026,13,75,0,06/24/2026,AUTO_MAN,11,2
06/17/2026,14,73,0,06/24/2026,AUTO_MAN,11,2
06/17/2026,15,74,0,06/24/2026,AUTO_MAN,11,2
06/17/2026,16,74,0,06/24/2026,AUTO_MAN,11,2
06/17/2026,17,76,0,06/24/2026,AUTO_MAN,11,2
06/17/2026,18,75,0,06/24/2026,AUTO_MAN,11,2
06/17/2026,19,72,0,06/24/2026,AUTO_MAN,11,2
06/17/2026,20,71,0,06/24/2026,AUTO_MAN,11,2
06/17/2026,21,71,0,06/24/2026,AUTO_MAN,11,2
06/17/2026,22,70,0,06/24/2026,AUTO_MAN,11,2
06/17/2026,23,70,0,06/24/2026,AUTO_MAN,11,2
06/17/2026,24,70,0,06/24/2026,AUTO_MAN,11,2
06/18/2026,1,70,0,06/25/2026,AUTO_MAN,11,2
06/18/2026,2,70,0,06/25/2026,AUTO_MAN,11,2
06/18/2026,3,70,0,06/25/2026,AUTO_MAN,11,2
06/18/2026,4,71,0,06/25/2026,AUTO_MAN,11,2
06/18/2026,5,71,0,06/25/2026,AUTO_MAN,11,2
06/18/2026,6,72,0,06/25/2026,AUTO_MAN,11,2
06/18/2026,7,73,0,06/25/2026,AUTO_MAN,11,2
06/18/2026,8,75,0,06/25/2026,AUTO_MAN,11,2
06/18/2026,9,77,0,06/25/2026,AUTO_MAN,11,2
06/18/2026,10,79,0,06/25/2026,AUTO_MAN,11,2
06/18/2026,11,82,0,06/25/2026,AUTO_MAN,11,2
06/18/2026,12,85,0,06/25/2026,AUTO_MAN,11,2
06/18/2026,13,88,0,06/25/2026,AUTO_MAN,11,2
06/18/2026,14,89,0,06/25/2026,AUTO_MAN,11,2
06/18/2026,15,90,0,06/25/2026,AUTO_MAN,11,2
06/18/2026,16,90,0,06/25/2026,AUTO_MAN,11,2
06/18/2026,17,90,0,06/25/2026,AUTO_MAN,11,2
06/18/2026,18,88,0,06/25/2026,AUTO_MAN,11,2
06/18/2026,19,86,0,06/25/2026,AUTO_MAN,11,2
06/18/2026,20,83,0,06/25/2026,AUTO_MAN,11,2
06/18/2026,21,82,0,06/25/2026,AUTO_MAN,11,2
06/18/2026,22,80,0,06/25/2026,AUTO_MAN,11,2
06/18/2026,23,79,0,06/25/2026,AUTO_MAN,11,2
06/18/2026,24,80,0,06/25/2026,AUTO_MAN,11,2
06/19/2026,1,78,0,06/26/2026,AUTO_MAN,11,2
06/19/2026,2,75,0,06/26/2026,AUTO_MAN,11,2
06/19/2026,3,74,0,06/26/2026,AUTO_MAN,11,2
06/19/2026,4,73,0,06/26/2026,AUTO_MAN,11,2
06/19/2026,5,72,0,06/26/2026,AUTO_MAN,11,2
06/19/2026,6,71,0,06/26/2026,AUTO_MAN,11,2
06/19/2026,7,71,0,06/26/2026,AUTO_MAN,11,2
06/19/2026,8,73,0,06/26/2026,AUTO_MAN,11,2
06/19/2026,9,75,0,06/26/2026,AUTO_MAN,11,2
06/19/2026,10,76,0,06/26/2026,AUTO_MAN,11,2
06/19/2026,11,78,0,06/26/2026,AUTO_MAN,11,2
06/19/2026,12,80,0,06/26/2026,AUTO_MAN,11,2
06/19/2026,13,82,0,06/26/2026,AUTO_MAN,11,2
06/19/2026,14,83,0,06/26/2026,AUTO_MAN,11,2
06/19/2026,15,82,0,06/26/2026,AUTO_MAN,11,2
06/19/2026,16,84,0,06/26/2026,AUTO_MAN,11,2
06/19/2026,17,84,0,06/26/2026,AUTO_MAN,11,2
06/19/2026,18,82,0,06/26/2026,AUTO_MAN,11,2
06/19/2026,19,80,0,06/26/2026,AUTO_MAN,11,2
06/19/2026,20,78,0,06/26/2026,AUTO_MAN,11,2
06/19/2026,21,76,0,06/26/2026,AUTO_MAN,11,2
06/19/2026,22,73,0,06/26/2026,AUTO_MAN,11,2
06/19/2026,23,71,0,06/26/2026,AUTO_MAN,11,2
06/19/2026,24,69,0,06/26/2026,AUTO_MAN,11,2
06/20/2026,1,68,1,06/27/2026,AUTO_MAN,11,2
06/20/2026,2,69,1,06/27/2026,AUTO_MAN,11,2
06/20/2026,3,67,1,06/27/2026,AUTO_MAN,11,2
06/20/2026,4,67,1,06/27/2026,AUTO_MAN,11,2
06/20/2026,5,67,1,06/27/2026,AUTO_MAN,11,2
06/20/2026,6,69,1,06/27/2026,AUTO_MAN,11,2
06/20/2026,7,71,1,06/27/2026,AUTO_MAN,11,2
06/20/2026,8,73,1,06/27/2026,AUTO_MAN,11,2
06/20/2026,9,75,1,06/27/2026,AUTO_MAN,11,2
06/20/2026,10,78,1,06/27/2026,AUTO_MAN,11,2
06/20/2026,11,81,1,06/27/2026,AUTO_MAN,11,2
06/20/2026,12,82,1,06/27/2026,AUTO_MAN,11,2
06/20/2026,13,82,1,06/27/2026,AUTO_MAN,11,2
06/20/2026,14,84,1,06/27/2026,AUTO_MAN,11,2
06/20/2026,15,86,1,06/27/2026,AUTO_MAN,11,2
06/20/2026,16,83,1,06/27/2026,AUTO_MAN,11,2
06/20/2026,17,84,1,06/27/2026,AUTO_MAN,11,2
06/20/2026,18,82,1,06/27/2026,AUTO_MAN,11,2
06/20/2026,19,79,1,06/27/2026,AUTO_MAN,11,2
06/20/2026,20,77,1,06/27/2026,AUTO_MAN,11,2
06/20/2026,21,75,1,06/27/2026,AUTO_MAN,11,2
06/20/2026,22,73,1,06/27/2026,AUTO_MAN,11,2
06/20/2026,23,72,1,06/27/2026,AUTO_MAN,11,2
06/20/2026,24,70,1,06/27/2026,AUTO_MAN,11,2
06/21/2026,1,70,1,06/28/2026,AUTO_MAN,11,2
06/21/2026,2,69,1,06/28/2026,AUTO_MAN,11,2
06/21/2026,3,68,1,06/28/2026,AUTO_MAN,11,2
06/21/2026,4,66,1,06/28/2026,AUTO_MAN,11,2
06/21/2026,5,64,1,06/28/2026,AUTO_MAN,11,2
06/21/2026,6,67,1,06/28/2026,AUTO_MAN,11,2
06/21/2026,7,70,1,06/28/2026,AUTO_MAN,11,2
06/21/2026,8,75,1,06/28/2026,AUTO_MAN,11,2
06/21/2026,9,77,1,06/28/2026,AUTO_MAN,11,2
06/21/2026,10,80,1,06/28/2026,AUTO_MAN,11,2
06/21/2026,11,80,1,06/28/2026,AUTO_MAN,11,2
06/21/2026,12,83,1,06/28/2026,AUTO_MAN,11,2
06/21/2026,13,81,1,06/28/2026,AUTO_MAN,11,2
06/21/2026,14,83,1,06/28/2026,AUTO_MAN,11,2
06/21/2026,15,85,1,06/28/2026,AUTO_MAN,11,2
06/21/2026,16,85,1,06/28/2026,AUTO_MAN,11,2
06/21/2026,17,83,1,06/28/2026,AUTO_MAN,11,2
06/21/2026,18,83,1,06/28/2026,AUTO_MAN,11,2
06/21/2026,19,82,1,06/28/2026,AUTO_MAN,11,2
06/21/2026,20,77,1,06/28/2026,AUTO_MAN,11,2
06/21/2026,21,77,1,06/28/2026,AUTO_MAN,11,2
06/21/2026,22,76,1,06/28/2026,AUTO_MAN,11,2
06/21/2026,23,74,1,06/28/2026,AUTO_MAN,11,2
06/21/2026,24,73,1,06/28/2026,AUTO_MAN,11,2
06/22/2026,1,72,0,06/29/2026,AUTO_MAN,11,2
06/22/2026,2,71,0,06/29/2026,AUTO_MAN,11,2
06/22/2026,3,71,0,06/29/2026,AUTO_MAN,11,2
06/22/2026,4,66,0,06/29/2026,AUTO_MAN,11,2
06/22/2026,5,69,0,06/29/2026,AUTO_MAN,11,2
06/22/2026,6,70,0,06/29/2026,AUTO_MAN,11,2
06/22/2026,7,72,0,06/29/2026,AUTO_MAN,11,2
06/22/2026,8,73,0,06/29/2026,AUTO_MAN,11,2
06/22/2026,9,74,0,06/29/2026,AUTO_MAN,11,2
06/22/2026,10,74,0,06/29/2026,AUTO_MAN,11,2
06/22/2026,11,75,0,06/29/2026,AUTO_MAN,11,2
06/22/2026,12,74,0,06/29/2026,AUTO_MAN,11,2
06/22/2026,13,75,0,06/29/2026,AUTO_MAN,11,2
06/22/2026,14,73,0,06/29/2026,AUTO_MAN,11,2
06/22/2026,15,71,0,06/29/2026,AUTO_MAN,11,2
06/22/2026,16,70,0,06/29/2026,AUTO_MAN,11,2
06/22/2026,17,69,0,06/29/2026,AUTO_MAN,11,2
06/22/2026,18,70,0,06/29/2026,AUTO_MAN,11,2
06/22/2026,19,70,0,06/29/2026,AUTO_MAN,11,2
06/22/2026,20,70,0,06/29/2026,AUTO_MAN,11,2
06/22/2026,21,71,0,06/29/2026,AUTO_MAN,11,2
06/22/2026,22,71,0,06/29/2026,AUTO_MAN,11,2
06/22/2026,23,72,0,06/29/2026,AUTO_MAN,11,2
06/22/2026,24,70,0,06/29/2026,AUTO_MAN,11,2
06/23/2026,1,70,0,06/30/2026,AUTO_MAN,11,2
06/23/2026,2,70,0,06/30/2026,AUTO_MAN,11,2
06/23/2026,3,71,0,06/30/2026,AUTO_MAN,11,2
06/23/2026,4,71,0,06/30/2026,AUTO_MAN,11,2
06/23/2026,5,72,0,06/30/2026,AUTO_MAN,11,2
06/23/2026,6,72,0,06/30/2026,AUTO_MAN,11,2
06/23/2026,7,71,0,06/30/2026,AUTO_MAN,11,2
06/23/2026,8,71,0,06/30/2026,AUTO_MAN,11,2
06/23/2026,9,70,0,06/30/2026,AUTO_MAN,11,2
06/23/2026,10,70,0,06/30/2026,AUTO_MAN,11,2
06/23/2026,11,70,0,06/30/2026,AUTO_MAN,11,2
06/23/2026,12,69,0,06/30/2026,AUTO_MAN,11,2
06/23/2026,13,70,0,06/30/2026,AUTO_MAN,11,2
06/23/2026,14,71,0,06/30/2026,AUTO_MAN,11,2
06/23/2026,15,71,0,06/30/2026,AUTO_MAN,11,2
06/23/2026,16,70,0,06/30/2026,AUTO_MAN,11,2
06/23/2026,17,69,0,06/30/2026,AUTO_MAN,11,2
06/23/2026,18,70,0,06/30/2026,AUTO_MAN,11,2
06/23/2026,19,70,0,06/30/2026,AUTO_MAN,11,2
06/23/2026,20,69,0,06/30/2026,AUTO_MAN,11,2
06/23/2026,21,69,0,06/30/2026,AUTO_MAN,11,2
06/23/2026,22,68,0,06/30/2026,AUTO_MAN,11,2
06/23/2026,23,68,0,06/30/2026,AUTO_MAN,11,2
06/23/2026,24,68,0,06/30/2026,AUTO_MAN,11,2
06/24/2026,1,67,0,07/01/2026,AUTO_MAN,11,2
06/24/2026,2,66,0,07/01/2026,AUTO_MAN,11,2
06/24/2026,3,65,0,07/01/2026,AUTO_MAN,11,2
06/24/2026,4,65,0,07/01/2026,AUTO_MAN,11,2
06/24/2026,5,65,0,07/01/2026,AUTO_MAN,11,2
06/24/2026,6,67,0,07/01/2026,AUTO_MAN,11,2
06/24/2026,7,70,0,07/01/2026,AUTO_MAN,11,2
06/24/2026,8,74,0,07/01/2026,AUTO_MAN,11,2
06/24/2026,9,77,0,07/01/2026,AUTO_MAN,11,2
06/24/2026,10,79,0,07/01/2026,AUTO_MAN,11,2
06/24/2026,11,80,0,07/01/2026,AUTO_MAN,11,2
06/24/2026,12,81,0,07/01/2026,AUTO_MAN,11,2
06/24/2026,13,82,0,07/01/2026,AUTO_MAN,11,2
06/24/2026,14,83,0,07/01/2026,AUTO_MAN,11,2
06/24/2026,15,83,0,07/01/2026,AUTO_MAN,11,2
06/24/2026,16,84,0,07/01/2026,AUTO_MAN,11,2
06/24/2026,17,81,0,07/01/2026,AUTO_MAN,11,2
06/24/2026,18,83,0,07/01/2026,AUTO_MAN,11,2
06/24/2026,19,81,0,07/01/2026,AUTO_MAN,11,2
06/24/2026,20,79,0,07/01/2026,AUTO_MAN,11,2
06/24/2026,21,78,0,07/01/2026,AUTO_MAN,11,2
06/24/2026,22,76,0,07/01/2026,AUTO_MAN,11,2
06/24/2026,23,75,0,07/01/2026,AUTO_MAN,11,2
06/24/2026,24,73,0,07/01/2026,AUTO_MAN,11,2
06/25/2026,1,70,0,07/02/2026,AUTO_MAN,11,2
06/25/2026,2,68,0,07/02/2026,AUTO_MAN,11,2
06/25/2026,3,68,0,07/02/2026,AUTO_MAN,11,2
06/25/2026,4,67,0,07/02/2026,AUTO_MAN,11,2
06/25/2026,5,66,0,07/02/2026,AUTO_MAN,11,2
06/25/2026,6,69,0,07/02/2026,AUTO_MAN,11,2
06/25/2026,7,72,0,07/02/2026,AUTO_MAN,11,2
06/25/2026,8,76,0,07/02/2026,AUTO_MAN,11,2
06/25/2026,9,78,0,07/02/2026,AUTO_MAN,11,2
06/25/2026,10,79,0,07/02/2026,AUTO_MAN,11,2
06/25/2026,11,81,0,07/02/2026,AUTO_MAN,11,2
06/25/2026,12,82,0,07/02/2026,AUTO_MAN,11,2
06/25/2026,13,82,0,07/02/2026,AUTO_MAN,11,2
06/25/2026,14,82,0,07/02/2026,AUTO_MAN,11,2
06/25/2026,15,82,0,07/02/2026,AUTO_MAN,11,2
06/25/2026,16,82,0,07/02/2026,AUTO_MAN,11,2
06/25/2026,17,80,0,07/02/2026,AUTO_MAN,11,2
06/25/2026,18,79,0,07/02/2026,AUTO_MAN,11,2
06/25/2026,19,78,0,07/02/2026,AUTO_MAN,11,2
06/25/2026,20,77,0,07/02/2026,AUTO_MAN,11,2
06/25/2026,21,75,0,07/02/2026,AUTO_MAN,11,2
06/25/2026,22,74,0,07/02/2026,AUTO_MAN,11,2
06/25/2026,23,73,0,07/02/2026,AUTO_MAN,11,2
06/25/2026,24,72,0,07/02/2026,AUTO_MAN,11,2
06/26/2026,1,72,0,07/03/2026,AUTO_MAN,11,2
06/26/2026,2,72,0,07/03/2026,AUTO_MAN,11,2
06/26/2026,3,71,0,07/03/2026,AUTO_MAN,11,2
06/26/2026,4,68,0,07/03/2026,AUTO_MAN,11,2
06/26/2026,5,69,0,07/03/2026,AUTO_MAN,11,2
06/26/2026,6,70,0,07/03/2026,AUTO_MAN,11,2
06/26/2026,7,70,0,07/03/2026,AUTO_MAN,11,2
06/26/2026,8,71,0,07/03/2026,AUTO_MAN,11,2
06/26/2026,9,72,0,07/03/2026,AUTO_MAN,11,2
06/26/2026,10,76,0,07/03/2026,AUTO_MAN,11,2
06/26/2026,11,77,0,07/03/2026,AUTO_MAN,11,2
06/26/2026,12,79,0,07/03/2026,AUTO_MAN,11,2
06/26/2026,13,80,0,07/03/2026,AUTO_MAN,11,2
06/26/2026,14,82,0,07/03/2026,AUTO_MAN,11,2
06/26/2026,15,83,0,07/03/2026,AUTO_MAN,11,2
06/26/2026,16,83,0,07/03/2026,AUTO_MAN,11,2
06/26/2026,17,82,0,07/03/2026,AUTO_MAN,11,2
06/26/2026,18,82,0,07/03/2026,AUTO_MAN,11,2
06/26/2026,19,82,0,07/03/2026,AUTO_MAN,11,2
06/26/2026,20,80,0,07/03/2026,AUTO_MAN,11,2
06/26/2026,21,80,0,07/03/2026,AUTO_MAN,11,2
06/26/2026,22,79,0,07/03/2026,AUTO_MAN,11,2
06/26/2026,23,76,0,07/03/2026,AUTO_MAN,11,2
06/26/2026,24,78,0,07/03/2026,AUTO_MAN,11,2
06/27/2026,1,77,1,07/04/2026,AUTO_MAN,11,2
06/27/2026,2,74,1,07/04/2026,AUTO_MAN,11,2
06/27/2026,3,75,1,07/04/2026,AUTO_MAN,11,2
06/27/2026,4,75,1,07/04/2026,AUTO_MAN,11,2
06/27/2026,5,75,1,07/04/2026,AUTO_MAN,11,2
06/27/2026,6,75,1,07/04/2026,AUTO_MAN,11,2
06/27/2026,7,76,1,07/04/2026,AUTO_MAN,11,2
06/27/2026,8,78,1,07/04/2026,AUTO_MAN,11,2
06/27/2026,9,78,1,07/04/2026,AUTO_MAN,11,2
06/27/2026,10,79,1,07/04/2026,AUTO_MAN,11,2
06/27/2026,11,77,1,07/04/2026,AUTO_MAN,11,2
06/27/2026,12,76,1,07/04/2026,AUTO_MAN,11,2
06/27/2026,13,73,1,07/04/2026,AUTO_MAN,11,2
06/27/2026,14,71,1,07/04/2026,AUTO_MAN,11,2
06/27/2026,15,72,1,07/04/2026,AUTO_MAN,11,2
06/27/2026,16,73,1,07/04/2026,AUTO_MAN,11,2
06/27/2026,17,72,1,07/04/2026,AUTO_MAN,11,2
06/27/2026,18,73,1,07/04/2026,AUTO_MAN,11,2
06/27/2026,19,73,1,07/04/2026,AUTO_MAN,11,2
06/27/2026,20,73,1,07/04/2026,AUTO_MAN,11,2
06/27/2026,21,72,1,07/04/2026,AUTO_MAN,11,2
06/27/2026,22,72,1,07/04/2026,AUTO_MAN,11,2
06/27/2026,23,72,1,07/04/2026,AUTO_MAN,11,2
06/27/2026,24,71,1,07/04/2026,AUTO_MAN,11,2
06/28/2026,1,70,1,07/05/2026,AUTO_MAN,11,2
06/28/2026,2,71,1,07/05/2026,AUTO_MAN,11,2
06/28/2026,3,71,1,07/05/2026,AUTO_MAN,11,2
06/28/2026,4,71,1,07/05/2026,AUTO_MAN,11,2
06/28/2026,5,71,1,07/05/2026,AUTO_MAN,11,2
06/28/2026,6,72,1,07/05/2026,AUTO_MAN,11,2
06/28/2026,7,73,1,07/05/2026,AUTO_MAN,11,2
06/28/2026,8,74,1,07/05/2026,AUTO_MAN,11,2
06/28/2026,9,76,1,07/05/2026,AUTO_MAN,11,2
06/28/2026,10,78,1,07/05/2026,AUTO_MAN,11,2
06/28/2026,11,79,1,07/05/2026,AUTO_MAN,11,2
06/28/2026,12,82,1,07/05/2026,AUTO_MAN,11,2
06/28/2026,13,82,1,07/05/2026,AUTO_MAN,11,2
06/28/2026,14,82,1,07/05/2026,AUTO_MAN,11,2
06/28/2026,15,82,1,07/05/2026,AUTO_MAN,11,2
06/28/2026,16,81,1,07/05/2026,AUTO_MAN,11,2
06/28/2026,17,80,1,07/05/2026,AUTO_MAN,11,2
06/28/2026,18,78,1,07/05/2026,AUTO_MAN,11,2
06/28/2026,19,77,1,07/05/2026,AUTO_MAN,11,2
06/28/2026,20,74,1,07/05/2026,AUTO_MAN,11,2
06/28/2026,21,74,1,07/05/2026,AUTO_MAN,11,2
06/28/2026,22,72,1,07/05/2026,AUTO_MAN,11,2
06/28/2026,23,72,1,07/05/2026,AUTO_MAN,11,2
06/28/2026,24,71,1,07/05/2026,AUTO_MAN,11,2
06/29/2026,1,70,0,07/06/2026,AUTO_MAN,11,2
06/29/2026,2,70,0,07/06/2026,AUTO_MAN,11,2
06/29/2026,3,70,0,07/06/2026,AUTO_MAN,11,2
06/29/2026,4,68,0,07/06/2026,AUTO_MAN,11,2
06/29/2026,5,69,0,07/06/2026,AUTO_MAN,11,2
06/29/2026,6,73,0,07/06/2026,AUTO_MAN,11,2
06/29/2026,7,75,0,07/06/2026,AUTO_MAN,11,2
06/29/2026,8,78,0,07/06/2026,AUTO_MAN,11,2
06/29/2026,9,81,0,07/06/2026,AUTO_MAN,11,2
06/29/2026,10,83,0,07/06/2026,AUTO_MAN,11,2
06/29/2026,11,85,0,07/06/2026,AUTO_MAN,11,2
06/29/2026,12,87,0,07/06/2026,AUTO_MAN,11,2
06/29/2026,13,89,0,07/06/2026,AUTO_MAN,11,2
06/29/2026,14,88,0,07/06/2026,AUTO_MAN,11,2
06/29/2026,15,87,0,07/06/2026,AUTO_MAN,11,2
06/29/2026,16,87,0,07/06/2026,AUTO_MAN,11,2
06/29/2026,17,87,0,07/06/2026,AUTO_MAN,11,2
06/29/2026,18,85,0,07/06/2026,AUTO_MAN,11,2
06/29/2026,19,83,0,07/06/2026,AUTO_MAN,11,2
06/29/2026,20,80,0,07/06/2026,AUTO_MAN,11,2
06/29/2026,21,79,0,07/06/2026,AUTO_MAN,11,2
06/29/2026,22,77,0,07/06/2026,AUTO_MAN,11,2
06/29/2026,23,75,0,07/06/2026,AUTO_MAN,11,2
06/29/2026,24,76,0,07/06/2026,AUTO_MAN,11,2
06/30/2026,1,75,0,07/07/2026,AUTO_MAN,11,2
06/30/2026,2,73,0,07/07/2026,AUTO_MAN,11,2
06/30/2026,3,72,0,07/07/2026,AUTO_MAN,11,2
06/30/2026,4,72,0,07/07/2026,AUTO_MAN,11,2
06/30/2026,5,72,0,07/07/2026,AUTO_MAN,11,2
06/30/2026,6,74,0,07/07/2026,AUTO_MAN,11,2
06/30/2026,7,76,0,07/07/2026,AUTO_MAN,11,2
06/30/2026,8,79,0,07/07/2026,AUTO_MAN,11,2
06/30/2026,9,83,0,07/07/2026,AUTO_MAN,11,2
06/30/2026,10,86,0,07/07/2026,AUTO_MAN,11,2
06/30/2026,11,88,0,07/07/2026,AUTO_MAN,11,2
06/30/2026,12,88,0,07/07/2026,AUTO_MAN,11,2
06/30/2026,13,90,0,07/07/2026,AUTO_MAN,11,2
06/30/2026,14,90,0,07/07/2026,AUTO_MAN,11,2
06/30/2026,15,90,0,07/07/2026,AUTO_MAN,11,2
06/30/2026,16,90,0,07/07/2026,AUTO_MAN,11,2
06/30/2026,17,89,0,07/07/2026,AUTO_MAN,11,2
06/30/2026,18,89,0,07/07/2026,AUTO_MAN,11,2
06/30/2026,19,87,0,07/07/2026,AUTO_MAN,11,2
06/30/2026,20,85,0,07/07/2026,AUTO_MAN,11,2
06/30/2026,21,84,0,07/07/2026,AUTO_MAN,11,2
06/30/2026,22,81,0,07/07/2026,AUTO_MAN,11,2
06/30/2026,23,79,0,07/07/2026,AUTO_MAN,11,2
06/30/2026,24,79,0,07/07/2026,AUTO_MAN,11,2
07/01/2026,1,79,0,07/07/2026,AUTO_MAN,11,2
07/01/2026,2,78,0,07/07/2026,AUTO_MAN,11,2
07/01/2026,3,77,0,07/07/2026,AUTO_MAN,11,2
07/01/2026,4,76,0,07/07/2026,AUTO_MAN,11,2
07/01/2026,5,75,0,07/07/2026,AUTO_MAN,11,2
07/01/2026,6,76,0,07/07/2026,AUTO_MAN,11,2
07/01/2026,7,79,0,07/07/2026,AUTO_MAN,11,2
07/01/2026,8,81,0,07/07/2026,AUTO_MAN,11,2
07/01/2026,9,84,0,07/07/2026,AUTO_MAN,11,2
07/01/2026,10,87,0,07/07/2026,AUTO_MAN,11,2
07/01/2026,11,91,0,07/07/2026,AUTO_MAN,11,2
07/01/2026,12,93,0,07/07/2026,AUTO_MAN,11,2
07/01/2026,13,95,0,07/07/2026,AUTO_MAN,11,2
07/01/2026,14,94,0,07/07/2026,AUTO_MAN,11,2
07/01/2026,15,94,0,07/07/2026,AUTO_MAN,11,2
07/01/2026,16,94,0,07/07/2026,AUTO_MAN,11,2
07/01/2026,17,94,0,07/07/2026,AUTO_MAN,11,2
07/01/2026,18,93,0,07/07/2026,AUTO_MAN,11,2
07/01/2026,19,96,0,07/07/2026,AUTO_MAN,11,2
07/01/2026,20,94,0,07/07/2026,AUTO_MAN,11,2
07/01/2026,21,93,0,07/07/2026,AUTO_MAN,11,2
07/01/2026,22,91,0,07/07/2026,AUTO_MAN,11,2
07/01/2026,23,89,0,07/07/2026,AUTO_MAN,11,2
07/01/2026,24,87,0,07/07/2026,AUTO_MAN,11,2
07/02/2026,1,86,0,07/07/2026,AUTO_MAN,11,2
07/02/2026,2,85,0,07/07/2026,AUTO_MAN,11,2
07/02/2026,3,85,0,07/07/2026,AUTO_MAN,11,2
07/02/2026,4,84,0,07/07/2026,AUTO_MAN,11,2
07/02/2026,5,82,0,07/07/2026,AUTO_MAN,11,2
07/02/2026,6,85,0,07/07/2026,AUTO_MAN,11,2
07/02/2026,7,88,0,07/07/2026,AUTO_MAN,11,2
07/02/2026,8,92,0,07/07/2026,AUTO_MAN,11,2
07/02/2026,9,95,0,07/07/2026,AUTO_MAN,11,2
07/02/2026,10,96,0,07/07/2026,AUTO_MAN,11,2
07/02/2026,11,99,0,07/07/2026,AUTO_MAN,11,2
07/02/2026,12,102,0,07/07/2026,AUTO_MAN,11,2
07/02/2026,13,102,0,07/07/2026,AUTO_MAN,11,2
07/02/2026,14,103,0,07/07/2026,AUTO_MAN,11,2
07/02/2026,15,104,0,07/07/2026,AUTO_MAN,11,2
07/02/2026,16,103,0,07/07/2026,AUTO_MAN,11,2
07/02/2026,17,104,0,07/07/2026,AUTO_MAN,11,2
07/02/2026,18,103,0,07/07/2026,AUTO_MAN,11,2
07/02/2026,19,101,0,07/07/2026,AUTO_MAN,11,2
07/02/2026,20,98,0,07/07/2026,AUTO_MAN,11,2
07/02/2026,21,96,0,07/07/2026,AUTO_MAN,11,2
07/02/2026,22,94,0,07/07/2026,AUTO_MAN,11,2
07/02/2026,23,92,0,07/07/2026,AUTO_MAN,11,2
07/02/2026,24,91,0,07/07/2026,AUTO_MAN,11,2
07/03/2026,1,90,1,07/07/2026,AUTO_MAN,11,2
07/03/2026,2,90,1,07/07/2026,AUTO_MAN,11,2
07/03/2026,3,89,1,07/07/2026,AUTO_MAN,11,2
07/03/2026,4,88,1,07/07/2026,AUTO_MAN,11,2
07/03/2026,5,87,1,07/07/2026,AUTO_MAN,11,2
07/03/2026,6,87,1,07/07/2026,AUTO_MAN,11,2
07/03/2026,7,89,1,07/07/2026,AUTO_MAN,11,2
07/03/2026,8,91,1,07/07/2026,AUTO_MAN,11,2
07/03/2026,9,93,1,07/07/2026,AUTO_MAN,11,2
07/03/2026,10,95,1,07/07/2026,AUTO_MAN,11,2
07/03/2026,11,99,1,07/07/2026,AUTO_MAN,11,2
07/03/2026,12,100,1,07/07/2026,AUTO_MAN,11,2
07/03/2026,13,101,1,07/07/2026,AUTO_MAN,11,2
07/03/2026,14,101,1,07/07/2026,AUTO_MAN,11,2
07/03/2026,15,102,1,07/07/2026,AUTO_MAN,11,2
07/03/2026,16,102,1,07/07/2026,AUTO_MAN,11,2
07/03/2026,17,101,1,07/07/2026,AUTO_MAN,11,2
07/03/2026,18,98,1,07/07/2026,AUTO_MAN,11,2
07/03/2026,19,90,1,07/07/2026,AUTO_MAN,11,2
07/03/2026,20,78,1,07/07/2026,AUTO_MAN,11,2
07/03/2026,21,79,1,07/07/2026,AUTO_MAN,11,2
07/03/2026,22,79,1,07/07/2026,AUTO_MAN,11,2
07/03/2026,23,78,1,07/07/2026,AUTO_MAN,11,2
07/03/2026,24,78,1,07/07/2026,AUTO_MAN,11,2
07/04/2026,1,78,1,07/07/2026,AUTO_MAN,11,2
07/04/2026,2,77,1,07/07/2026,AUTO_MAN,11,2
07/04/2026,3,76,1,07/07/2026,AUTO_MAN,11,2
07/04/2026,4,77,1,07/07/2026,AUTO_MAN,11,2
07/04/2026,5,76,1,07/07/2026,AUTO_MAN,11,2
07/04/2026,6,80,1,07/07/2026,AUTO_MAN,11,2
07/04/2026,7,84,1,07/07/2026,AUTO_MAN,11,2
07/04/2026,8,88,1,07/07/2026,AUTO_MAN,11,2
07/04/2026,9,91,1,07/07/2026,AUTO_MAN,11,2
07/04/2026,10,92,1,07/07/2026,AUTO_MAN,11,2
07/04/2026,11,94,1,07/07/2026,AUTO_MAN,11,2
07/04/2026,12,95,1,07/07/2026,AUTO_MAN,11,2
07/04/2026,13,96,1,07/07/2026,AUTO_MAN,11,2
07/04/2026,14,98,1,07/07/2026,AUTO_MAN,11,2
07/04/2026,15,96,1,07/07/2026,AUTO_MAN,11,2
07/04/2026,16,98,1,07/07/2026,AUTO_MAN,11,2
07/04/2026,17,98,1,07/07/2026,AUTO_MAN,11,2
07/04/2026,18,97,1,07/07/2026,AUTO_MAN,11,2
07/04/2026,19,95,1,07/07/2026,AUTO_MAN,11,2
07/04/2026,20,89,1,07/07/2026,AUTO_MAN,11,2
07/04/2026,21,86,1,07/07/2026,AUTO_MAN,11,2
07/04/2026,22,83,1,07/07/2026,AUTO_MAN,11,2
07/04/2026,23,75,1,07/07/2026,AUTO_MAN,11,2
07/04/2026,24,75,1,07/07/2026,AUTO_MAN,11,2
07/05/2026,1,75,1,07/07/2026,AUTO_MAN,11,2
07/05/2026,2,75,1,07/07/2026,AUTO_MAN,11,2
07/05/2026,3,74,1,07/07/2026,AUTO_MAN,11,2
07/05/2026,4,75,1,07/07/2026,AUTO_MAN,11,2
07/05/2026,5,76,1,07/07/2026,AUTO_MAN,11,2
07/05/2026,6,76,1,07/07/2026,AUTO_MAN,11,2
07/05/2026,7,77,1,07/07/2026,AUTO_MAN,11,2
07/05/2026,8,78,1,07/07/2026,AUTO_MAN,11,2
07/05/2026,9,80,1,07/07/2026,AUTO_MAN,11,2
07/05/2026,10,80,1,07/07/2026,AUTO_MAN,11,2
07/05/2026,11,82,1,07/07/2026,AUTO_MAN,11,2
07/05/2026,12,83,1,07/07/2026,AUTO_MAN,11,2
07/05/2026,13,84,1,07/07/2026,AUTO_MAN,11,2
07/05/2026,14,84,1,07/07/2026,AUTO_MAN,11,2
07/05/2026,15,83,1,07/07/2026,AUTO_MAN,11,2
07/05/2026,16,83,1,07/07/2026,AUTO_MAN,11,2
07/05/2026,17,82,1,07/07/2026,AUTO_MAN,11,2
07/05/2026,18,79,1,07/07/2026,AUTO_MAN,11,2
07/05/2026,19,78,1,07/07/2026,AUTO_MAN,11,2
07/05/2026,20,77,1,07/07/2026,AUTO_MAN,11,2
07/05/2026,21,73,1,07/07/2026,AUTO_MAN,11,2
07/05/2026,22,73,1,07/07/2026,AUTO_MAN,11,2
07/05/2026,23,73,1,07/07/2026,AUTO_MAN,11,2
07/05/2026,24,73,1,07/07/2026,AUTO_MAN,11,2
07/06/2026,1,71,0,07/07/2026,AUTO_MAN,11,2
07/06/2026,2,70,0,07/07/2026,AUTO_MAN,11,2
07/06/2026,3,69,0,07/07/2026,AUTO_MAN,11,2
07/06/2026,4,71,0,07/07/2026,AUTO_MAN,11,2
07/06/2026,5,71,0,07/07/2026,AUTO_MAN,11,2
07/06/2026,6,72,0,07/07/2026,AUTO_MAN,11,2
07/06/2026,7,70,0,07/07/2026,AUTO_MAN,11,2
07/06/2026,8,70,0,07/07/2026,AUTO_MAN,11,2
07/06/2026,9,70,0,07/07/2026,AUTO_MAN,11,2
07/06/2026,10,72,0,07/07/2026,AUTO_MAN,11,2
07/06/2026,11,72,0,07/07/2026,AUTO_MAN,11,2
07/06/2026,12,72,0,07/07/2026,AUTO_MAN,11,2
07/06/2026,13,72,0,07/07/2026,AUTO_MAN,11,2
07/06/2026,14,70,0,07/07/2026,AUTO_MAN,11,2
07/06/2026,15,68,0,07/07/2026,AUTO_MAN,11,2
07/06/2026,16,68,0,07/07/2026,AUTO_MAN,11,2
07/06/2026,17,67,0,07/07/2026,AUTO_MAN,11,2
07/06/2026,18,67,0,07/07/2026,AUTO_MAN,11,2
07/06/2026,19,67,0,07/07/2026,AUTO_MAN,11,2
07/06/2026,20,67,0,07/07/2026,AUTO_MAN,11,2
07/06/2026,21,67,0,07/07/2026,AUTO_MAN,11,2
07/06/2026,22,66,0,07/07/2026,AUTO_MAN,11,2
07/06/2026,23,66,0,07/07/2026,AUTO_MAN,11,2
07/06/2026,24,66,0,07/07/2026,AUTO_MAN,11,2
07/07/2026,1,18.9,0,07/07/2026,AUTO_MAN,11,4
07/07/2026,2,18.9,0,07/07/2026,AUTO_MAN,11,4
07/07/2026,3,18.3,0,07/07/2026,AUTO_MAN,11,4
07/07/2026,4,18.3,0,07/07/2026,AUTO_MAN,11,4
07/07/2026,5,17.8,0,07/07/2026,AUTO_MAN,11,4
07/07/2026,6,17.8,0,07/07/2026,AUTO_MAN,11,4
07/07/2026,7,17.8,0,07/07/2026,AUTO_MAN,11,4
07/07/2026,8,17.2,0,07/07/2026,AUTO_MAN,11,4
07/07/2026,9,18.3,0,07/07/2026,AUTO_MAN,11,4
07/07/2026,10,19.4,0,07/07/2026,AUTO_MAN,11,4
07/07/2026,11,20.6,0,07/07/2026,AUTO_MAN,11,4
07/07/2026,12,20.6,0,07/07/2026,AUTO_MAN,11,4
07/07/2026,13,21.1,0,07/07/2026,AUTO_MAN,11,4
07/07/2026,14,21.7,0,07/07/2026,AUTO_MAN,11,4
07/07/2026,15,22.2,0,07/07/2026,AUTO_MAN,11,4
07/07/2026,16,22.8,0,07/07/2026,AUTO_MAN,11,4
07/07/2026,17,22.8,0,07/07/2026,AUTO_MAN,11,4
07/07/2026,18,22.8,0,07/07/2026,AUTO_MAN,11,4
07/07/2026,19,22.2,0,07/07/2026,AUTO_MAN,11,4
07/07/2026,20,21.7,0,07/07/2026,AUTO_MAN,11,4
07/07/2026,21,21.1,0,07/07/2026,AUTO_MAN,11,4
07/07/2026,22,21.1,0,07/07/2026,AUTO_MAN,11,4
07/07/2026,23,21.1,0,07/07/2026,AUTO_MAN,11,4
07/07/2026,24,20.6,0,07/07/2026,AUTO_MAN,11,4
07/08/2026,1,20,0,07/07/2026,AUTO_MAN,11,4
07/08/2026,2,20,0,07/07/2026,AUTO_MAN,11,4
07/08/2026,3,19.4,0,07/07/2026,AUTO_MAN,11,4
07/08/2026,4,19.4,0,07/07/2026,AUTO_MAN,11,4
07/08/2026,5,19.4,0,07/07/2026,AUTO_MAN,11,4
07/08/2026,6,19.4,0,07/07/2026,AUTO_MAN,11,4
07/08/2026,7,20,0,07/07/2026,AUTO_MAN,11,4
07/08/2026,8,20.6,0,07/07/2026,AUTO_MAN,11,4
07/08/2026,9,21.7,0,07/07/2026,AUTO_MAN,11,4
07/08/2026,10,22.8,0,07/07/2026,AUTO_MAN,11,4
07/08/2026,11,23.9,0,07/07/2026,AUTO_MAN,11,4
07/08/2026,12,25,0,07/07/2026,AUTO_MAN,11,4
07/08/2026,13,26.1,0,07/07/2026,AUTO_MAN,11,4
07/08/2026,14,26.7,0,07/07/2026,AUTO_MAN,11,4
07/08/2026,15,27.2,0,07/07/2026,AUTO_MAN,11,4
07/08/2026,16,27.8,0,07/07/2026,AUTO_MAN,11,4
07/08/2026,17,27.8,0,07/07/2026,AUTO_MAN,11,4
07/08/2026,18,27.2,0,07/07/2026,AUTO_MAN,11,4
07/08/2026,19,26.7,0,07/07/2026,AUTO_MAN,11,4
07/08/2026,20,26.1,0,07/07/2026,AUTO_MAN,11,4
07/08/2026,21,25,0,07/07/2026,AUTO_MAN,11,4
07/08/2026,22,24.4,0,07/07/2026,AUTO_MAN,11,4
07/08/2026,23,23.9,0,07/07/2026,AUTO_MAN,11,4
07/08/2026,24,23.3,0,07/07/2026,AUTO_MAN,11,4
07/09/2026,1,22.8,0,07/07/2026,AUTO_MAN,11,4
07/09/2026,2,22.2,0,07/07/2026,AUTO_MAN,11,4
07/09/2026,3,21.7,0,07/07/2026,AUTO_MAN,11,4
07/09/2026,4,21.7,0,07/07/2026,AUTO_MAN,11,4
07/09/2026,5,21.7,0,07/07/2026,AUTO_MAN,11,4
07/09/2026,6,21.7,0,07/07/2026,AUTO_MAN,11,4
07/09/2026,7,22.2,0,07/07/2026,AUTO_MAN,11,4
07/09/2026,8,23.9,0,07/07/2026,AUTO_MAN,11,4
07/09/2026,9,25,0,07/07/2026,AUTO_MAN,11,4
07/09/2026,10,26.7,0,07/07/2026,AUTO_MAN,11,4
07/09/2026,11,27.8,0,07/07/2026,AUTO_MAN,11,4
07/09/2026,12,28.3,0,07/07/2026,AUTO_MAN,11,4
07/09/2026,13,29.4,0,07/07/2026,AUTO_MAN,11,4
07/09/2026,14,29.4,0,07/07/2026,AUTO_MAN,11,4
07/09/2026,15,29.4,0,07/07/2026,AUTO_MAN,11,4
07/09/2026,16,29.4,0,07/07/2026,AUTO_MAN,11,4
07/09/2026,17,28.9,0,07/07/2026,AUTO_MAN,11,4
07/09/2026,18,28.9,0,07/07/2026,AUTO_MAN,11,4
07/09/2026,19,28.3,0,07/07/2026,AUTO_MAN,11,4
07/09/2026,20,27.8,0,07/07/2026,AUTO_MAN,11,4
07/09/2026,21,26.1,0,07/07/2026,AUTO_MAN,11,4
07/09/2026,22,26.1,0,07/07/2026,AUTO_MAN,11,4
07/09/2026,23,25.6,0,07/07/2026,AUTO_MAN,11,4
07/09/2026,24,25,0,07/07/2026,AUTO_MAN,11,4
07/10/2026,1,24.4,0,07/07/2026,AUTO_MAN,11,4
07/10/2026,2,23.9,0,07/07/2026,AUTO_MAN,11,4
07/10/2026,3,23.3,0,07/07/2026,AUTO_MAN,11,4
07/10/2026,4,23.3,0,07/07/2026,AUTO_MAN,11,4
07/10/2026,5,23.3,0,07/07/2026,AUTO_MAN,11,4
07/10/2026,6,23.9,0,07/07/2026,AUTO_MAN,11,4
07/10/2026,7,23.9,0,07/07/2026,AUTO_MAN,11,4
07/10/2026,8,25,0,07/07/2026,AUTO_MAN,11,4
07/10/2026,9,26.1,0,07/07/2026,AUTO_MAN,11,4
07/10/2026,10,27.8,0,07/07/2026,AUTO_MAN,11,4
07/10/2026,11,28.9,0,07/07/2026,AUTO_MAN,11,4
07/10/2026,12,30,0,07/07/2026,AUTO_MAN,11,4
07/10/2026,13,30.6,0,07/07/2026,AUTO_MAN,11,4
07/10/2026,14,31.1,0,07/07/2026,AUTO_MAN,11,4
07/10/2026,15,30,0,07/07/2026,AUTO_MAN,11,4
07/10/2026,16,29.4,0,07/07/2026,AUTO_MAN,11,4
07/10/2026,17,28.9,0,07/07/2026,AUTO_MAN,11,4
07/10/2026,18,28.3,0,07/07/2026,AUTO_MAN,11,4
07/10/2026,19,27.8,0,07/07/2026,AUTO_MAN,11,4
07/10/2026,20,27.2,0,07/07/2026,AUTO_MAN,11,4
07/10/2026,21,26.1,0,07/07/2026,AUTO_MAN,11,4
07/10/2026,22,25.6,0,07/07/2026,AUTO_MAN,11,4
07/10/2026,23,25,0,07/07/2026,AUTO_MAN,11,4
07/10/2026,24,25,0,07/07/2026,AUTO_MAN,11,4
07/11/2026,1,24.4,1,07/07/2026,AUTO_MAN,11,4
07/11/2026,2,23.3,1,07/07/2026,AUTO_MAN,11,4
07/11/2026,3,22.8,1,07/07/2026,AUTO_MAN,11,4
07/11/2026,4,22.8,1,07/07/2026,AUTO_MAN,11,4
07/11/2026,5,22.8,1,07/07/2026,AUTO_MAN,11,4
07/11/2026,6,22.8,1,07/07/2026,AUTO_MAN,11,4
07/11/2026,7,22.8,1,07/07/2026,AUTO_MAN,11,4
07/11/2026,8,24.4,1,07/07/2026,AUTO_MAN,11,4
07/11/2026,9,25,1,07/07/2026,AUTO_MAN,11,4
07/11/2026,10,26.7,1,07/07/2026,AUTO_MAN,11,4
07/11/2026,11,27.2,1,07/07/2026,AUTO_MAN,11,4
07/11/2026,12,27.8,1,07/07/2026,AUTO_MAN,11,4
07/11/2026,13,28.3,1,07/07/2026,AUTO_MAN,11,4
07/11/2026,14,29.4,1,07/07/2026,AUTO_MAN,11,4
07/11/2026,15,30,1,07/07/2026,AUTO_MAN,11,4
07/11/2026,16,29.4,1,07/07/2026,AUTO_MAN,11,4
07/11/2026,17,29.4,1,07/07/2026,AUTO_MAN,11,4
07/11/2026,18,28.3,1,07/07/2026,AUTO_MAN,11,4
07/11/2026,19,27.8,1,07/07/2026,AUTO_MAN,11,4
07/11/2026,20,27.2,1,07/07/2026,AUTO_MAN,11,4
07/11/2026,21,26.7,1,07/07/2026,AUTO_MAN,11,4
07/11/2026,22,25,1,07/07/2026,AUTO_MAN,11,4
07/11/2026,23,24.4,1,07/07/2026,AUTO_MAN,11,4
07/11/2026,24,22.8,1,07/07/2026,AUTO_MAN,11,4
07/12/2026,1,22.8,1,07/07/2026,AUTO_MAN,11,4
07/12/2026,2,22.2,1,07/07/2026,AUTO_MAN,11,4
07/12/2026,3,21.7,1,07/07/2026,AUTO_MAN,11,4
07/12/2026,4,21.1,1,07/07/2026,AUTO_MAN,11,4
07/12/2026,5,20.6,1,07/07/2026,AUTO_MAN,11,4
07/12/2026,6,20.6,1,07/07/2026,AUTO_MAN,11,4
07/12/2026,7,21.1,1,07/07/2026,AUTO_MAN,11,4
07/12/2026,8,22.2,1,07/07/2026,AUTO_MAN,11,4
07/12/2026,9,22.8,1,07/07/2026,AUTO_MAN,11,4
07/12/2026,10,23.9,1,07/07/2026,AUTO_MAN,11,4
07/12/2026,11,25.6,1,07/07/2026,AUTO_MAN,11,4
07/12/2026,12,26.1,1,07/07/2026,AUTO_MAN,11,4
07/12/2026,13,27.2,1,07/07/2026,AUTO_MAN,11,4
07/12/2026,14,27.2,1,07/07/2026,AUTO_MAN,11,4
07/12/2026,15,27.8,1,07/07/2026,AUTO_MAN,11,4
07/12/2026,16,27.8,1,07/07/2026,AUTO_MAN,11,4
07/12/2026,17,27.8,1,07/07/2026,AUTO_MAN,11,4
07/12/2026,18,27.2,1,07/07/2026,AUTO_MAN,11,4
07/12/2026,19,26.7,1,07/07/2026,AUTO_MAN,11,4
07/12/2026,20,26.1,1,07/07/2026,AUTO_MAN,11,4
07/12/2026,21,25,1,07/07/2026,AUTO_MAN,11,4
07/12/2026,22,24.4,1,07/07/2026,AUTO_MAN,11,4
07/12/2026,23,23.3,1,07/07/2026,AUTO_MAN,11,4
07/12/2026,24,22.8,1,07/07/2026,AUTO_MAN,11,4
07/13/2026,1,22.2,0,07/07/2026,AUTO_MAN,11,4
07/13/2026,2,21.7,0,07/07/2026,AUTO_MAN,11,4
07/13/2026,3,21.1,0,07/07/2026,AUTO_MAN,11,4
07/13/2026,4,20.6,0,07/07/2026,AUTO_MAN,11,4
07/13/2026,5,20.6,0,07/07/2026,AUTO_MAN,11,4
07/13/2026,6,20.6,0,07/07/2026,AUTO_MAN,11,4
07/13/2026,7,21.7,0,07/07/2026,AUTO_MAN,11,4
07/13/2026,8,22.8,0,07/07/2026,AUTO_MAN,11,4
07/13/2026,9,23.9,0,07/07/2026,AUTO_MAN,11,4
07/13/2026,10,25,0,07/07/2026,AUTO_MAN,11,4
07/13/2026,11,26.7,0,07/07/2026,AUTO_MAN,11,4
07/13/2026,12,27.8,0,07/07/2026,AUTO_MAN,11,4
07/13/2026,13,28.9,0,07/07/2026,AUTO_MAN,11,4
07/13/2026,14,29.4,0,07/07/2026,AUTO_MAN,11,4
07/13/2026,15,30,0,07/07/2026,AUTO_MAN,11,4
07/13/2026,16,30,0,07/07/2026,AUTO_MAN,11,4
07/13/2026,17,29.4,0,07/07/2026,AUTO_MAN,11,4
07/13/2026,18,28.9,0,07/07/2026,AUTO_MAN,11,4
07/13/2026,19,28.3,0,07/07/2026,AUTO_MAN,11,4
07/13/2026,20,27.2,0,07/07/2026,AUTO_MAN,11,4
07/13/2026,21,26.7,0,07/07/2026,AUTO_MAN,11,4
07/13/2026,22,25.6,0,07/07/2026,AUTO_MAN,11,4
07/13/2026,23,24.4,0,07/07/2026,AUTO_MAN,11,4
07/13/2026,24,23.9,0,07/07/2026,AUTO_MAN,11,4
07/14/2026,1,23.3,0,07/07/2026,AUTO_MAN,11,4
07/14/2026,2,22.2,0,07/07/2026,AUTO_MAN,11,4
07/14/2026,3,21.7,0,07/07/2026,AUTO_MAN,11,4
07/14/2026,4,21.7,0,07/07/2026,AUTO_MAN,11,4
07/14/2026,5,21.1,0,07/07/2026,AUTO_MAN,11,4
07/14/2026,6,21.7,0,07/07/2026,AUTO_MAN,11,4
07/14/2026,7,22.2,0,07/07/2026,AUTO_MAN,11,4
07/14/2026,8,23.3,0,07/07/2026,AUTO_MAN,11,4
07/14/2026,9,24.4,0,07/07/2026,AUTO_MAN,11,4
07/14/2026,10,26.1,0,07/07/2026,AUTO_MAN,11,4
07/14/2026,11,27.8,0,07/07/2026,AUTO_MAN,11,4
07/14/2026,12,28.9,0,07/07/2026,AUTO_MAN,11,4
07/14/2026,13,30,0,07/07/2026,AUTO_MAN,11,4
07/14/2026,14,30.6,0,07/07/2026,AUTO_MAN,11,4
07/14/2026,15,31.7,0,07/07/2026,AUTO_MAN,11,4
07/14/2026,16,32.2,0,07/07/2026,AUTO_MAN,11,4
07/14/2026,17,32.2,0,07/07/2026,AUTO_MAN,11,4
07/14/2026,18,31.7,0,07/07/2026,AUTO_MAN,11,4
07/14/2026,19,31.1,0,07/07/2026,AUTO_MAN,11,4
07/14/2026,20,30.6,0,07/07/2026,AUTO_MAN,11,4
07/14/2026,21,29.4,0,07/07/2026,AUTO_MAN,11,4
07/14/2026,22,28.3,0,07/07/2026,AUTO_MAN,11,4
07/14/2026,23,27.2,0,07/07/2026,AUTO_MAN,11,4
07/14/2026,24,26.1,0,07/07/2026,AUTO_MAN,11,4
07/15/2026,1,25,0,07/07/2026,AUTO_MAN,11,4
07/15/2026,2,24.4,0,07/07/2026,AUTO_MAN,11,4
07/15/2026,3,23.9,0,07/07/2026,AUTO_MAN,11,4
07/15/2026,4,23.3,0,07/07/2026,AUTO_MAN,11,4
07/15/2026,5,22.8,0,07/07/2026,AUTO_MAN,11,4
07/15/2026,6,22.8,0,07/07/2026,AUTO_MAN,11,4
07/15/2026,7,23.3,0,07/07/2026,AUTO_MAN,11,4
07/15/2026,8,23.9,0,07/07/2026,AUTO_MAN,11,4
07/15/2026,9,25.6,0,07/07/2026,AUTO_MAN,11,4
07/15/2026,10,26.7,0,07/07/2026,AUTO_MAN,11,4
07/15/2026,11,28.3,0,07/07/2026,AUTO_MAN,11,4
07/15/2026,12,30,0,07/07/2026,AUTO_MAN,11,4
07/15/2026,13,31.1,0,07/07/2026,AUTO_MAN,11,4
07/15/2026,14,31.7,0,07/07/2026,AUTO_MAN,11,4
07/15/2026,15,32.8,0,07/07/2026,AUTO_MAN,11,4
07/15/2026,16,32.8,0,07/07/2026,AUTO_MAN,11,4
07/15/2026,17,32.8,0,07/07/2026,AUTO_MAN,11,4
07/15/2026,18,32.2,0,07/07/2026,AUTO_MAN,11,4
07/15/2026,19,31.1,0,07/07/2026,AUTO_MAN,11,4
07/15/2026,20,30,0,07/07/2026,AUTO_MAN,11,4
07/15/2026,21,28.9,0,07/07/2026,AUTO_MAN,11,4
07/15/2026,22,27.8,0,07/07/2026,AUTO_MAN,11,4
07/15/2026,23,26.7,0,07/07/2026,AUTO_MAN,11,4
07/15/2026,24,25.6,0,07/07/2026,AUTO_MAN,11,4
07/16/2026,1,25,0,07/07/2026,AUTO_MAN,11,4
07/16/2026,2,23.9,0,07/07/2026,AUTO_MAN,11,4
07/16/2026,3,23.9,0,07/07/2026,AUTO_MAN,11,4
07/16/2026,4,23.3,0,07/07/2026,AUTO_MAN,11,4
07/16/2026,5,22.8,0,07/07/2026,AUTO_MAN,11,4
07/16/2026,6,22.8,0,07/07/2026,AUTO_MAN,11,4
07/16/2026,7,23.3,0,07/07/2026,AUTO_MAN,11,4
07/16/2026,8,23.9,0,07/07/2026,AUTO_MAN,11,4
07/16/2026,9,25.6,0,07/07/2026,AUTO_MAN,11,4
07/16/2026,10,26.7,0,07/07/2026,AUTO_MAN,11,4
07/16/2026,11,27.8,0,07/07/2026,AUTO_MAN,11,4
07/16/2026,12,28.9,0,07/07/2026,AUTO_MAN,11,4
07/16/2026,13,30,0,07/07/2026,AUTO_MAN,11,4
07/16/2026,14,30.6,0,07/07/2026,AUTO_MAN,11,4
07/16/2026,15,31.1,0,07/07/2026,AUTO_MAN,11,4
07/16/2026,16,31.7,0,07/07/2026,AUTO_MAN,11,4
07/16/2026,17,31.7,0,07/07/2026,AUTO_MAN,11,4
07/16/2026,18,31.7,0,07/07/2026,AUTO_MAN,11,4
07/16/2026,19,30.6,0,07/07/2026,AUTO_MAN,11,4
07/16/2026,20,29.4,0,07/07/2026,AUTO_MAN,11,4
07/16/2026,21,27.8,0,07/07/2026,AUTO_MAN,11,4
07/16/2026,22,27.2,0,07/07/2026,AUTO_MAN,11,4
07/16/2026,23,25.6,0,07/07/2026,AUTO_MAN,11,4
07/16/2026,24,25,0,07/07/2026,AUTO_MAN,11,4
07/17/2026,1,23.9,0,07/07/2026,AUTO_MAN,11,4
07/17/2026,2,23.3,0,07/07/2026,AUTO_MAN,11,4
07/17/2026,3,22.8,0,07/07/2026,AUTO_MAN,11,4
07/17/2026,4,22.2,0,07/07/2026,AUTO_MAN,11,4
07/17/2026,5,22.2,0,07/07/2026,AUTO_MAN,11,4
07/17/2026,6,22.2,0,07/07/2026,AUTO_MAN,11,4
07/17/2026,7,22.8,0,07/07/2026,AUTO_MAN,11,4
07/17/2026,8,23.9,0,07/07/2026,AUTO_MAN,11,4
07/17/2026,9,25.6,0,07/07/2026,AUTO_MAN,11,4
07/17/2026,10,27.2,0,07/07/2026,AUTO_MAN,11,4
07/17/2026,11,28.3,0,07/07/2026,AUTO_MAN,11,4
07/17/2026,12,29.4,0,07/07/2026,AUTO_MAN,11,4
07/17/2026,13,30.6,0,07/07/2026,AUTO_MAN,11,4
07/17/2026,14,31.1,0,07/07/2026,AUTO_MAN,11,4
07/17/2026,15,31.7,0,07/07/2026,AUTO_MAN,11,4
07/17/2026,16,31.1,0,07/07/2026,AUTO_MAN,11,4
07/17/2026,17,30.6,0,07/07/2026,AUTO_MAN,11,4
07/17/2026,18,30,0,07/07/2026,AUTO_MAN,11,4
07/17/2026,19,28.9,0,07/07/2026,AUTO_MAN,11,4
07/17/2026,20,28.3,0,07/07/2026,AUTO_MAN,11,4
07/17/2026,21,27.2,0,07/07/2026,AUTO_MAN,11,4
07/17/2026,22,26.1,0,07/07/2026,AUTO_MAN,11,4
07/17/2026,23,25.6,0,07/07/2026,AUTO_MAN,11,4
07/17/2026,24,24.4,0,07/07/2026,AUTO_MAN,11,4
07/18/2026,1,23.9,1,07/07/2026,AUTO_MAN,11,4
07/18/2026,2,23.3,1,07/07/2026,AUTO_MAN,11,4
07/18/2026,3,22.8,1,07/07/2026,AUTO_MAN,11,4
07/18/2026,4,22.2,1,07/07/2026,AUTO_MAN,11,4
07/18/2026,5,21.7,1,07/07/2026,AUTO_MAN,11,4
07/18/2026,6,21.7,1,07/07/2026,AUTO_MAN,11,4
07/18/2026,7,22.2,1,07/07/2026,AUTO_MAN,11,4
07/18/2026,8,22.8,1,07/07/2026,AUTO_MAN,11,4
07/18/2026,9,24.4,1,07/07/2026,AUTO_MAN,11,4
07/18/2026,10,25.6,1,07/07/2026,AUTO_MAN,11,4
07/18/2026,11,27.2,1,07/07/2026,AUTO_MAN,11,4
07/18/2026,12,27.8,1,07/07/2026,AUTO_MAN,11,4
07/18/2026,13,28.9,1,07/07/2026,AUTO_MAN,11,4
07/18/2026,14,29.4,1,07/07/2026,AUTO_MAN,11,4
07/18/2026,15,30,1,07/07/2026,AUTO_MAN,11,4
07/18/2026,16,30.6,1,07/07/2026,AUTO_MAN,11,4
07/18/2026,17,31.1,1,07/07/2026,AUTO_MAN,11,4
07/18/2026,18,30.6,1,07/07/2026,AUTO_MAN,11,4
07/18/2026,19,29.4,1,07/07/2026,AUTO_MAN,11,4
07/18/2026,20,28.3,1,07/07/2026,AUTO_MAN,11,4
07/18/2026,21,27.2,1,07/07/2026,AUTO_MAN,11,4
07/18/2026,22,26.7,1,07/07/2026,AUTO_MAN,11,4
07/18/2026,23,25.6,1,07/07/2026,AUTO_MAN,11,4
07/18/2026,24,24.4,1,07/07/2026,AUTO_MAN,11,4
07/19/2026,1,23.9,1,07/07/2026,AUTO_MAN,11,4
07/19/2026,2,22.8,1,07/07/2026,AUTO_MAN,11,4
07/19/2026,3,22.2,1,07/07/2026,AUTO_MAN,11,4
07/19/2026,4,21.7,1,07/07/2026,AUTO_MAN,11,4
07/19/2026,5,21.1,1,07/07/2026,AUTO_MAN,11,4
07/19/2026,6,21.1,1,07/07/2026,AUTO_MAN,11,4
07/19/2026,7,21.7,1,07/07/2026,AUTO_MAN,11,4
07/19/2026,8,22.8,1,07/07/2026,AUTO_MAN,11,4
07/19/2026,9,23.9,1,07/07/2026,AUTO_MAN,11,4
07/19/2026,10,25,1,07/07/2026,AUTO_MAN,11,4
07/19/2026,11,26.7,1,07/07/2026,AUTO_MAN,11,4
07/19/2026,12,27.8,1,07/07/2026,AUTO_MAN,11,4
07/19/2026,13,28.9,1,07/07/2026,AUTO_MAN,11,4
07/19/2026,14,29.4,1,07/07/2026,AUTO_MAN,11,4
07/19/2026,15,30,1,07/07/2026,AUTO_MAN,11,4
07/19/2026,16,30.6,1,07/07/2026,AUTO_MAN,11,4
07/19/2026,17,30.6,1,07/07/2026,AUTO_MAN,11,4
07/19/2026,18,30,1,07/07/2026,AUTO_MAN,11,4
07/19/2026,19,28.9,1,07/07/2026,AUTO_MAN,11,4
07/19/2026,20,27.8,1,07/07/2026,AUTO_MAN,11,4
07/19/2026,21,26.7,1,07/07/2026,AUTO_MAN,11,4
07/19/2026,22,25.6,1,07/07/2026,AUTO_MAN,11,4
07/19/2026,23,25,1,07/07/2026,AUTO_MAN,11,4
07/19/2026,24,23.9,1,07/07/2026,AUTO_MAN,11,4
07/20/2026,1,23.3,0,07/07/2026,AUTO_MAN,11,4
07/20/2026,2,22.2,0,07/07/2026,AUTO_MAN,11,4
07/20/2026,3,21.7,0,07/07/2026,AUTO_MAN,11,4
07/20/2026,4,21.1,0,07/07/2026,AUTO_MAN,11,4
07/20/2026,5,21.7,0,07/07/2026,AUTO_MAN,11,4
07/20/2026,6,21.7,0,07/07/2026,AUTO_MAN,11,4
07/20/2026,7,22.2,0,07/07/2026,AUTO_MAN,11,4
07/20/2026,8,23.3,0,07/07/2026,AUTO_MAN,11,4
07/20/2026,9,25,0,07/07/2026,AUTO_MAN,11,4
07/20/2026,10,26.1,0,07/07/2026,AUTO_MAN,11,4
07/20/2026,11,27.2,0,07/07/2026,AUTO_MAN,11,4
07/20/2026,12,28.3,0,07/07/2026,AUTO_MAN,11,4
07/20/2026,13,28.9,0,07/07/2026,AUTO_MAN,11,4
07/20/2026,14,30,0,07/07/2026,AUTO_MAN,11,4
07/20/2026,15,30.6,0,07/07/2026,AUTO_MAN,11,4
07/20/2026,16,30.6,0,07/07/2026,AUTO_MAN,11,4
07/20/2026,17,30.6,0,07/07/2026,AUTO_MAN,11,4
07/20/2026,18,30,0,07/07/2026,AUTO_MAN,11,4
07/20/2026,19,29.4,0,07/07/2026,AUTO_MAN,11,4
07/20/2026,20,28.3,0,07/07/2026,AUTO_MAN,11,4
07/20/2026,21,27.2,0,07/07/2026,AUTO_MAN,11,4
07/20/2026,22,26.7,0,07/07/2026,AUTO_MAN,11,4
07/20/2026,23,25.6,0,07/07/2026,AUTO_MAN,11,4
07/20/2026,24,24.4,0,07/07/2026,AUTO_MAN,11,4
07/21/2026,1,23.3,0,07/07/2026,AUTO_MAN,11,4
07/21/2026,2,22.8,0,07/07/2026,AUTO_MAN,11,4
07/21/2026,3,21.7,0,07/07/2026,AUTO_MAN,11,4
07/21/2026,4,21.1,0,07/07/2026,AUTO_MAN,11,4
07/21/2026,5,20.6,0,07/07/2026,AUTO_MAN,11,4
07/21/2026,6,20,0,07/07/2026,AUTO_MAN,11,4
07/21/2026,7,20.6,0,07/07/2026,AUTO_MAN,11,4
07/21/2026,8,21.7,0,07/07/2026,AUTO_MAN,11,4
07/21/2026,9,22.8,0,07/07/2026,AUTO_MAN,11,4
07/21/2026,10,24.4,0,07/07/2026,AUTO_MAN,11,4
07/21/2026,11,25.6,0,07/07/2026,AUTO_MAN,11,4
07/21/2026,12,26.7,0,07/07/2026,AUTO_MAN,11,4
07/21/2026,13,27.8,0,07/07/2026,AUTO_MAN,11,4
07/21/2026,14,28.9,0,07/07/2026,AUTO_MAN,11,4
07/21/2026,15,28.9,0,07/07/2026,AUTO_MAN,11,4
07/21/2026,16,29.4,0,07/07/2026,AUTO_MAN,11,4
07/21/2026,17,29.4,0,07/07/2026,AUTO_MAN,11,4
07/21/2026,18,29.4,0,07/07/2026,AUTO_MAN,11,4
07/21/2026,19,28.9,0,07/07/2026,AUTO_MAN,11,4
07/21/2026,20,28.3,0,07/07/2026,AUTO_MAN,11,4
07/21/2026,21,27.2,0,07/07/2026,AUTO_MAN,11,4
07/21/2026,22,26.7,0,07/07/2026,AUTO_MAN,11,4
07/21/2026,23,26.1,0,07/07/2026,AUTO_MAN,11,4
07/21/2026,24,25,0,07/07/2026,AUTO_MAN,11,4
